datetime,IM.CFFEX
2022-07-25,0.0
2022-07-26,-17042.36800000025
2022-07-27,-20962.36800000051
2022-07-28,-29642.36800000025
2022-07-29,-33562.368000000504
2022-08-01,-23762.36799999923
2022-08-02,-32162.36800000051
2022-08-03,-35242.368000000264
2022-08-04,-25722.36800000001
2022-08-05,-17882.368000000766
2022-08-08,-21242.36800000027
2022-08-09,-17042.36800000027
2022-08-10,-17882.36800000078
2022-08-11,-14242.368000000286
2022-08-12,-19562.368000000533
2022-08-15,-22362.368000000533
2022-08-16,-25442.36800000027
2022-08-17,-25524.21200000078
2022-08-18,-25524.21200000078
2022-08-19,-25524.21200000078
2022-08-22,-31068.572000001655
2022-08-23,-22428.572000000782
2022-08-24,-17388.572000001015
2022-08-25,-16908.57200000145
2022-08-26,-18588.572000001015
2022-08-29,-19548.572000001233
2022-08-30,-14748.572000001233
2022-08-31,-22668.5720000017
2022-09-01,-20268.572000000608
2022-09-02,-18108.57200000148
2022-09-05,-25788.572000001044
2022-09-06,-26268.572000000608
2022-09-07,-22908.57200000148
2022-09-08,-20748.572000001262
2022-09-09,-32748.572000001262
2022-09-13,-23868.5720000017
2022-09-14,-19548.572000001262
2022-09-15,8531.427999998272
2022-09-16,92531.42799999827
2022-09-19,120513.70399999773
2022-09-20,133393.70399999875
2022-09-21,133113.703999999
2022-09-22,112113.70399999901
2022-09-23,93073.70399999723
2022-09-26,86353.70399999825
2022-09-27,90273.70399999851
2022-09-28,64793.70399999875
2022-09-29,68433.70399999799
2022-09-30,66753.70399999825
2022-10-10,79353.70399999825
2022-10-11,82993.7039999975
2022-10-12,85233.70399999802
2022-10-13,84393.7039999975
2022-10-14,79913.70399999776
2022-10-17,74593.70399999878
2022-10-18,94473.70399999851
2022-10-19,91113.70399999776
2022-10-20,86245.45599999801
2022-10-21,86245.45599999801
2022-10-24,86245.45599999801
2022-10-25,61518.23599999852
2022-10-26,54238.23599999878
2022-10-27,47798.23599999827
2022-10-28,40798.23599999827
2022-10-31,55918.23599999852
2022-11-01,56198.23599999826
2022-11-02,45838.2359999975
2022-11-03,48078.23599999801
2022-11-04,46118.235999998506
2022-11-07,39958.23599999774
2022-11-08,41918.235999998506
2022-11-09,27918.235999998506
2022-11-10,32398.235999998244
2022-11-11,25398.235999998244
2022-11-14,55736.487999998244
2022-11-15,49971.70799999798
2022-11-16,47803.723999998234
2022-11-17,33626.25999999798
2022-11-18,22146.259999998227
2022-11-21,18786.259999998736
2022-11-22,43146.25999999821
2022-11-23,42306.2599999977
2022-11-24,51546.25999999821
2022-11-25,49026.259999997965
2022-11-28,52946.25999999822
2022-11-29,41466.25999999848
2022-11-30,54906.25999999899
2022-12-01,41746.25999999822
2022-12-02,39786.25999999873
2022-12-05,47906.25999999771
2022-12-06,54906.25999999898
2022-12-07,53786.259999997455
2022-12-08,62186.25999999873
2022-12-09,71146.25999999822
2022-12-12,58266.259999998474
2022-12-13,51266.25999999847
2022-12-14,44105.25999999822
2022-12-15,44105.25999999822
2022-12-16,44105.25999999822
2022-12-19,44105.25999999822
2022-12-20,34479.36399999771
2022-12-21,27665.339999997224
2022-12-22,11339.547999996452
2022-12-23,19459.547999996706
2022-12-26,9659.547999996706
2022-12-27,19739.547999996452
2022-12-28,11059.547999996706
2022-12-29,13859.547999996706
2022-12-30,21419.54799999747
2023-01-03,41579.54799999695
2023-01-04,43539.54799999644
2023-01-05,47739.54799999644
2023-01-06,41859.54799999669
2023-01-09,27440.779999996692
2023-01-10,8822.599999996692
2023-01-11,16800.359999996694
2023-01-12,16800.359999996694
2023-01-13,16800.359999996694
2023-01-16,16800.359999996694
2023-01-17,16800.359999996694
2023-01-18,16800.359999996694
2023-01-19,16800.359999996694
2023-01-20,16800.359999996694
2023-01-30,16800.359999996694
2023-01-31,16800.359999996694
2023-02-01,16800.359999996694
2023-02-02,12350.87999999644
2023-02-03,24670.879999996694
2023-02-06,26630.879999996185
2023-02-07,19350.87999999644
2023-02-08,15710.87999999721
2023-02-09,4510.879999997211
2023-02-10,6190.879999996963
2023-02-13,9550.87999999644
2023-02-14,7030.879999997458
2023-02-15,15710.87999999593
2023-02-16,9550.879999996454
2023-02-17,4230.879999997473
2023-02-20,30270.8799999967
2023-02-21,18230.879999996192
2023-02-22,34750.87999999645
2023-02-23,28310.87999999721
2023-02-24,26350.87999999772
2023-02-27,34470.8799999967
2023-02-28,28030.879999996178
2023-03-01,21870.879999996687
2023-03-02,20470.879999996687
2023-03-03,18230.879999996178
2023-03-06,28310.879999995923
2023-03-07,18510.879999997203
2023-03-08,24670.879999996694
2023-03-09,28030.879999997458
2023-03-10,19910.87999999593
2023-03-13,25790.87999999695
2023-03-14,20470.879999996687
2023-03-15,10950.879999996432
2023-03-16,11306.871999996954
2023-03-17,11306.871999996954
2023-03-20,11306.871999996954
2023-03-21,11306.871999996954
2023-03-22,11306.871999996954
2023-03-23,11306.871999996954
2023-03-24,11306.871999996954
2023-03-27,11306.871999996954
2023-03-28,11306.871999996954
2023-03-29,11306.871999996954
2023-03-30,11306.871999996954
2023-03-31,11306.871999996954
2023-04-03,11306.871999996954
2023-04-04,11306.871999996954
2023-04-06,11306.871999996954
2023-04-07,11306.871999996954
2023-04-10,11306.871999996954
2023-04-11,11306.871999996954
2023-04-12,11306.871999996954
2023-04-13,11306.871999996954
2023-04-14,11306.871999996954
2023-04-17,11306.871999996954
2023-04-18,11306.871999996954
2023-04-19,11306.871999996954
2023-04-20,11306.871999996954
2023-04-21,11306.871999996954
2023-04-24,11306.871999996954
2023-04-25,11306.871999996954
2023-04-26,11306.871999996954
2023-04-27,11306.871999996954
2023-04-28,11306.871999996954
2023-05-04,11306.871999996954
2023-05-05,11306.871999996954
2023-05-08,22616.01599999772
2023-05-09,11976.015999997224
2023-05-10,19536.015999997988
2023-05-11,14216.015999997733
2023-05-12,3576.0159999972093
2023-05-15,9456.015999996955
2023-05-16,3576.015999998468
2023-05-17,8896.01599999745
2023-05-18,4696.015999997449
2023-05-19,776.015999998468
2023-05-22,-623.9840000028053
2023-05-23,-11263.984000002034
2023-05-24,-7063.984000002034
2023-05-25,-8183.984000002289
2023-05-26,3296.0159999974494
2023-05-29,-1743.98400000306
2023-05-30,-2023.9840000028053
2023-05-31,776.0159999971947
2023-06-01,-4823.984000001532
2023-06-02,3296.0159999974494
2023-06-05,3576.0159999971947
2023-06-06,-343.9840000017866
2023-06-07,1616.015999997704
2023-06-08,-903.9840000025506
2023-06-09,10296.01599999745
2023-06-12,7496.015999997449
2023-06-13,5256.01599999694
2023-06-14,-2169.5000000030595
2023-06-15,-2169.5000000030595
2023-06-16,-2169.5000000030595
2023-06-19,-2169.5000000030595
2023-06-20,-2169.5000000030595
2023-06-21,-2169.5000000030595
2023-06-26,-2169.5000000030595
2023-06-27,-2169.5000000030595
2023-06-28,-2169.5000000030595
2023-06-29,-2169.5000000030595
2023-06-30,-2169.5000000030595
2023-07-03,-2169.5000000030595
2023-07-04,-2169.5000000030595
2023-07-05,-2169.5000000030595
2023-07-06,-2169.5000000030595
2023-07-07,-2169.5000000030595
2023-07-10,-2169.5000000030595
2023-07-11,-2169.5000000030595
2023-07-12,-2169.5000000030595
2023-07-13,-2169.5000000030595
2023-07-14,-2169.5000000030595
2023-07-17,-2169.5000000030595
2023-07-18,-2169.5000000030595
2023-07-19,-2169.5000000030595
2023-07-20,-2169.5000000030595
2023-07-21,-2169.5000000030595
2023-07-24,-2169.5000000030595
2023-07-25,-2169.5000000030595
2023-07-26,-2169.5000000030595
2023-07-27,-2169.5000000030595
2023-07-28,-2169.5000000030595
2023-07-31,-2169.5000000030595
2023-08-01,-2169.5000000030595
2023-08-02,-2169.5000000030595
2023-08-03,-2169.5000000030595
2023-08-04,-2169.5000000030595
2023-08-07,-2169.5000000030595
2023-08-08,-2169.5000000030595
2023-08-09,-2169.5000000030595
2023-08-10,-2169.5000000030595
2023-08-11,-891.1600000020444
2023-08-14,6388.839999997701
2023-08-15,-2851.1600000028084
2023-08-16,-4811.1600000022845
2023-08-17,-611.1600000022845
2023-08-18,-12371.160000003041
2023-08-21,-11811.160000002285
2023-08-22,-3131.160000002539
2023-08-23,-4811.160000002277
2023-08-24,3308.8399999979774
2023-08-25,-8171.160000001775
2023-08-28,8908.83999999797
2023-08-29,-7051.160000002787
2023-08-30,-5651.160000002787
2023-08-31,-5091.160000002023
2023-09-01,-5931.160000002532
2023-09-04,-1451.1600000027938
2023-09-05,4148.839999997206
2023-09-06,788.8399999977155
2023-09-07,7228.83999999693
2023-09-08,8348.839999997184
2023-09-11,11428.839999996937
2023-09-12,6948.839999997192
2023-09-13,-4573.972000002792
2023-09-14,-4573.972000002792
2023-09-15,-4573.972000002792
2023-09-18,-4573.972000002792
2023-09-19,-4573.972000002792
2023-09-20,-4573.972000002792
2023-09-21,-4573.972000002792
2023-09-22,-4573.972000002792
2023-09-25,-4573.972000002792
2023-09-26,-4573.972000002792
2023-09-27,-4573.972000002792
2023-09-28,-4573.972000002792
2023-10-09,-4573.972000002792
2023-10-10,-4573.972000002792
2023-10-11,-4573.972000002792
2023-10-12,-4573.972000002792
2023-10-13,-4573.972000002792
2023-10-16,-4573.972000002792
2023-10-17,-4573.972000002792
2023-10-18,-4573.972000002792
2023-10-19,-4573.972000002792
2023-10-20,-4573.972000002792
2023-10-23,-4573.972000002792
2023-10-24,-4573.972000002792
2023-10-25,-4573.972000002792
2023-10-26,-4573.972000002792
2023-10-27,-4573.972000002792
2023-10-30,-4573.972000002792
2023-10-31,-4573.972000002792
2023-11-01,-4573.972000002792
2023-11-02,-4573.972000002792
2023-11-03,-4573.972000002792
2023-11-06,-4573.972000002792
2023-11-07,-4573.972000002792
2023-11-08,-4573.972000002792
2023-11-09,-4573.972000002792
2023-11-10,-4573.972000002792
2023-11-13,-4573.972000002792
2023-11-14,21004.715999995464
2023-11-15,23884.715999995755
2023-11-16,38604.715999996915
2023-11-17,46924.715999996624
2023-11-20,59404.715999996915
2023-11-21,46924.715999996624
2023-11-22,21644.715999996333
2023-11-23,28364.715999997497
2023-11-24,31884.71599999575
2023-11-27,44684.71599999575
2023-11-28,49484.71599999575
2023-11-29,50444.71599999633
2023-11-30,67724.71599999662
2023-12-01,73804.71599999546
2023-12-04,84044.71599999633
2023-12-05,118284.71599999575
2023-12-06,124044.71599999633
2023-12-07,70604.71599999546
2023-12-08,71884.7159999972
2023-12-11,74764.7159999975
2023-12-12,72844.71599999633
2023-12-13,62919.05199999633
2023-12-14,62919.05199999633
2023-12-15,62919.05199999633
2023-12-18,62919.05199999633
2023-12-19,62919.05199999633
2023-12-20,62919.05199999633
2023-12-21,62919.05199999633
2023-12-22,62919.05199999633
2023-12-25,62919.05199999633
2023-12-26,62919.05199999633
2023-12-27,62919.05199999633
2023-12-28,62919.05199999633
2023-12-29,62919.05199999633
2024-01-02,62919.05199999633
2024-01-03,62919.05199999633
2024-01-04,62919.05199999633
2024-01-05,62919.05199999633
2024-01-08,62919.05199999633
2024-01-09,62919.05199999633
2024-01-10,62919.05199999633
2024-01-11,62919.05199999633
2024-01-12,62919.05199999633
2024-01-15,62919.05199999633
2024-01-16,62919.05199999633
2024-01-17,62919.05199999633
2024-01-18,62919.05199999633
2024-01-19,62919.05199999633
2024-01-22,62919.05199999633
2024-01-23,62919.05199999633
2024-01-24,62919.05199999633
2024-01-25,62919.05199999633
2024-01-26,62919.05199999633
2024-01-29,62919.05199999633
2024-01-30,62919.05199999633
2024-01-31,62919.05199999633
2024-02-01,62919.05199999633
2024-02-02,62919.05199999633
2024-02-05,62919.05199999633
2024-02-06,90782.57199999542
2024-02-07,82848.17199999635
2024-02-08,113725.09199999567
2024-02-19,150525.09199999674
2024-02-20,158525.09199999674
2024-02-21,155325.09199999602
2024-02-22,150125.0919999953
2024-02-23,156525.09199999674
2024-02-26,151725.09199999564
2024-02-27,156925.09199999634
2024-02-28,162125.09199999704
2024-02-29,164125.09199999704
2024-03-01,156925.0919999963
2024-03-04,172525.09199999485
2024-03-05,182125.0919999952
2024-03-06,186525.09199999666
2024-03-07,182525.09199999666
2024-03-08,190925.0919999963
2024-03-11,213725.09199999558
2024-03-12,199325.09199999593
2024-03-13,210355.73199999667
2024-03-14,210355.73199999667
2024-03-15,73394.91999999664
2024-03-18,22354.119999996285
2024-03-19,12890.311999997451
2024-03-20,2157.319999996871
2024-03-21,2157.319999996871
2024-03-22,2157.319999996871
2024-03-25,2157.319999996871
2024-03-26,2157.319999996871
2024-03-27,2157.319999996871
2024-03-28,2157.319999996871
2024-03-29,11047.879999996883
2024-04-01,-4432.120000002156
2024-04-02,-35929.06000000313
2024-04-03,-35929.06000000313
2024-04-08,-35929.06000000313
2024-04-09,-35929.06000000313
2024-04-10,-35929.06000000313
2024-04-11,-35929.06000000313
2024-04-12,-35929.06000000313
2024-04-15,-35929.06000000313
2024-04-16,-35929.06000000313
2024-04-17,-35929.06000000313
2024-04-18,-35929.06000000313
2024-04-19,-35929.06000000313
2024-04-22,-35929.06000000313
2024-04-23,-35929.06000000313
2024-04-24,-35929.06000000313
2024-04-25,-35929.06000000313
2024-04-26,-35929.06000000313
2024-04-29,-35929.06000000313
2024-04-30,-35929.06000000313
2024-05-06,-35929.06000000313
2024-05-07,-17750.28400000346
2024-05-08,-11990.28400000378
2024-05-09,-18830.2840000025
2024-05-10,-9830.284000002499
2024-05-13,-4070.284000002819
2024-05-14,-8390.284000002164
2024-05-15,2049.715999996526
2024-05-16,-5510.2840000031465
2024-05-17,-6590.284000003787
2024-05-20,-8030.284000002477
2024-05-21,-4430.284000002477
2024-05-22,-7670.2840000028045
2024-05-23,-5510.284000003125
2024-05-24,-1910.2840000031247
2024-05-27,4569.71599999753
2024-05-28,13929.71599999721
2024-05-29,26529.71599999721
2024-05-30,29049.715999996555
2024-05-31,22569.715999997537
2024-06-03,36249.71599999658
2024-06-04,42009.71599999789
2024-06-05,39849.71599999821
2024-06-06,33729.71599999725
2024-06-07,28329.71599999725
2024-06-11,39489.71599999693
2024-06-12,45969.715999997585
2024-06-13,62889.71599999693
2024-06-14,52449.71599999824
2024-06-17,45969.715999997585
2024-06-18,42009.71599999792
2024-06-19,36545.70799999789
2024-06-20,36545.70799999789
2024-06-21,43738.471999996254
2024-06-24,102965.45599999721
2024-06-25,102965.45599999721
2024-06-26,102965.45599999721
2024-06-27,102965.45599999721
2024-06-28,102965.45599999721
2024-07-01,102965.45599999721
2024-07-02,102965.45599999721
2024-07-03,102965.45599999721
2024-07-04,102965.45599999721
2024-07-05,102965.45599999721
2024-07-08,102965.45599999721
2024-07-09,102965.45599999721
2024-07-10,102965.45599999721
2024-07-11,102965.45599999721
2024-07-12,102965.45599999721
2024-07-15,102965.45599999721
2024-07-16,102965.45599999721
2024-07-17,102965.45599999721
2024-07-18,102965.45599999721
2024-07-19,102965.45599999721
2024-07-22,102965.45599999721
2024-07-23,102965.45599999721
2024-07-24,102965.45599999721
2024-07-25,102965.45599999721
2024-07-26,102965.45599999721
2024-07-29,102965.45599999721
2024-07-30,102965.45599999721
2024-07-31,102965.45599999721
2024-08-01,102965.45599999721
2024-08-02,102965.45599999721
2024-08-05,102965.45599999721
2024-08-06,102965.45599999721
2024-08-07,102965.45599999721
2024-08-08,102965.45599999721
2024-08-09,102965.45599999721
2024-08-12,102965.45599999721
2024-08-13,102965.45599999721
2024-08-14,173120.85599999723
2024-08-15,178720.85599999578
2024-08-16,172720.85599999758
2024-08-19,173120.85599999723
2024-08-20,175120.85599999723
2024-08-21,169120.85599999723
2024-08-22,171520.8559999969
2024-08-23,159920.85599999654
2024-08-26,160320.8559999962
2024-08-27,159120.8559999973
2024-08-28,159920.85599999657
2024-08-29,152320.85599999622
2024-08-30,155120.8559999973
2024-09-02,156720.85599999767
2024-09-03,168720.85599999584
2024-09-04,169520.85599999694
2024-09-05,164320.85599999622
2024-09-06,171120.85599999732
2024-09-09,167920.8559999966
2024-09-10,172320.85599999805
2024-09-11,179520.85599999694
2024-09-12,180720.85599999584
2024-09-13,172720.85599999764
2024-09-18,191920.85599999654
2024-09-19,187774.6159999969
2024-09-20,187774.6159999969
2024-09-23,187774.6159999969
2024-09-24,187774.6159999969
2024-09-25,187774.6159999969
2024-09-26,187774.6159999969
2024-09-27,187774.6159999969
2024-09-30,187774.6159999969
2024-10-08,187774.6159999969
2024-10-09,187774.6159999969
2024-10-10,187774.6159999969
2024-10-11,187774.6159999969
2024-10-14,187774.6159999969
2024-10-15,187774.6159999969
2024-10-16,187774.6159999969
2024-10-17,187774.6159999969
2024-10-18,187774.6159999969
2024-10-21,187774.6159999969
2024-10-22,187774.6159999969
2024-10-23,187774.6159999969
2024-10-24,187774.6159999969
2024-10-25,187774.6159999969
2024-10-28,187774.6159999969
2024-10-29,187774.6159999969
2024-10-30,187774.6159999969
2024-10-31,187774.6159999969
2024-11-01,187774.6159999969
2024-11-04,199664.02399999747
2024-11-05,212464.02399999602
2024-11-06,213424.0239999966
2024-11-07,219184.02399999718
2024-11-08,219504.0239999969
2024-11-11,232624.0239999966
2024-11-12,241264.02399999747
2024-11-13,238704.0239999969
2024-11-14,236464.02399999747
2024-11-15,232624.0239999966
2024-11-18,230704.0239999969
2024-11-19,227504.0239999969
2024-11-20,241584.02399999718
2024-11-21,245104.0239999969
2024-11-22,252784.02399999718
2024-11-25,257584.02399999718
2024-11-26,256944.02399999776
2024-11-27,243184.02399999718
2024-11-28,249264.02399999747
2024-11-29,243184.02399999718
2024-12-02,243504.0239999969
2024-12-03,247024.0239999966
2024-12-04,247984.02399999718
2024-12-05,258864.02399999747
2024-12-06,253744.02399999776
2024-12-09,258544.02399999776
2024-12-10,251504.0239999969
2024-12-11,251824.0239999966
2024-12-12,253104.0239999969
2024-12-13,268464.0239999975
2024-12-16,266224.0239999966
2024-12-17,266544.02399999776
2024-12-18,276430.3279999972
2024-12-19,276430.3279999972
2024-12-20,276430.3279999972
2024-12-23,276430.3279999972
2024-12-24,276430.3279999972
2024-12-25,276430.3279999972
2024-12-26,276430.3279999972
2024-12-27,276430.3279999972
2024-12-30,276430.3279999972
2024-12-31,276430.3279999972
2025-01-02,276430.3279999972
2025-01-03,276430.3279999972
2025-01-06,276430.3279999972
2025-01-07,276430.3279999972
2025-01-08,276430.3279999972
2025-01-09,276430.3279999972
2025-01-10,276430.3279999972
2025-01-13,276430.3279999972
2025-01-14,276430.3279999972
2025-01-15,276430.3279999972
2025-01-16,276430.3279999972
2025-01-17,276430.3279999972
2025-01-20,276430.3279999972
2025-01-21,276430.3279999972
2025-01-22,276430.3279999972
2025-01-23,276430.3279999972
2025-01-24,276430.3279999972
2025-01-27,276430.3279999972
2025-02-05,276430.3279999972
2025-02-06,276430.3279999972
2025-02-07,276430.3279999972
2025-02-10,276430.3279999972
2025-02-11,276430.3279999972
2025-02-12,264252.1839999978
2025-02-13,267772.1839999975
2025-02-14,274492.1839999972
2025-02-17,281212.1839999969
2025-02-18,279932.1839999981
2025-02-19,282492.1839999972
2025-02-20,286652.1839999978
2025-02-21,293692.1839999972
2025-02-24,302652.1839999978
2025-02-25,316412.1839999969
2025-02-26,337212.1839999984
2025-02-27,343292.1839999972
2025-02-28,333692.1839999972
2025-03-03,327292.1839999972
2025-03-04,336252.1839999978
2025-03-05,354492.1839999972
2025-03-06,361852.1839999978
2025-03-07,377852.1839999978
2025-03-10,391612.1839999969
2025-03-11,414012.1839999984
2025-03-12,428732.1839999981
2025-03-13,405372.1839999975
2025-03-14,372412.1839999984
2025-03-17,390332.18399999663
2025-03-18,393212.1839999984
2025-03-19,398332.1839999981
2025-03-20,424252.1839999978
2025-03-21,439162.96799999836
2025-03-24,439162.96799999836
2025-03-25,439162.96799999836
2025-03-26,439162.96799999836
2025-03-27,439162.96799999836
2025-03-28,439162.96799999836
2025-03-31,439162.96799999836
2025-04-01,439162.96799999836
2025-04-02,439162.96799999836
2025-04-03,439162.96799999836
2025-04-07,439162.96799999836
2025-04-08,439162.96799999836
2025-04-09,439162.96799999836
2025-04-10,439162.96799999836
2025-04-11,439162.96799999836
2025-04-14,439162.96799999836
2025-04-15,439162.96799999836
2025-04-16,439162.96799999836
2025-04-17,439162.96799999836
2025-04-18,439162.96799999836
2025-04-21,439162.96799999836
2025-04-22,439162.96799999836
2025-04-23,439162.96799999836
2025-04-24,439162.96799999836
2025-04-25,439162.96799999836
2025-04-28,439162.96799999836
2025-04-29,439162.96799999836
2025-04-30,439162.96799999836
2025-05-06,439162.96799999836
2025-05-07,487182.1679999981
2025-05-08,499342.16799999867
2025-05-09,494222.1679999975
2025-05-12,507022.16799999896
2025-05-13,508302.16799999925
2025-05-14,510862.1679999984
2025-05-15,514382.1679999981
2025-05-16,523342.16799999867
2025-05-19,559502.1679999977
2025-05-20,586062.1679999983
2025-05-21,585422.1679999989
2025-05-22,584142.1679999987
2025-05-23,578382.1679999981
2025-05-26,605582.1679999981
2025-05-27,594382.1679999981
2025-05-28,587662.1679999984
2025-05-29,590542.1679999987
2025-05-30,591182.1679999981
2025-06-03,602062.1679999984
2025-06-04,609102.1679999979
2025-06-05,614222.167999999
2025-06-06,612302.1679999979
2025-06-09,605582.1679999982
2025-06-10,610382.1679999982
2025-06-11,607822.1679999991
2025-06-12,613582.1679999982
2025-06-13,610062.1679999984
2025-06-16,599822.1679999975
2025-06-17,601102.1679999977
2025-06-18,603982.167999998
2025-06-19,588302.1679999977
2025-06-20,586723.1919999989
2025-06-23,586723.1919999989
2025-06-24,586723.1919999989
2025-06-25,586723.1919999989
2025-06-26,586723.1919999989
2025-06-27,586723.1919999989
2025-06-30,586723.1919999989
2025-07-01,586723.1919999989
2025-07-02,586723.1919999989
2025-07-03,586723.1919999989
2025-07-04,586723.1919999989
2025-07-07,586723.1919999989
2025-07-08,586723.1919999989
2025-07-09,586723.1919999989
2025-07-10,586723.1919999989
2025-07-11,586723.1919999989
2025-07-14,586723.1919999989
2025-07-15,586723.1919999989
2025-07-16,586723.1919999989
2025-07-17,586723.1919999989
2025-07-18,586723.1919999989
2025-07-21,586723.1919999989
2025-07-22,586723.1919999989
2025-07-23,586723.1919999989
2025-07-24,586723.1919999989
2025-07-25,586723.1919999989
2025-07-28,586723.1919999989
2025-07-29,586723.1919999989
2025-07-30,586723.1919999989
2025-07-31,586723.1919999989
2025-08-01,586723.1919999989
2025-08-04,580722.1759999988
2025-08-05,584362.175999998
2025-08-06,579602.1759999985
2025-08-07,585202.1759999985
2025-08-08,586882.1759999982
2025-08-11,579042.1759999976
2025-08-12,581842.1759999989
2025-08-13,568402.1759999983
2025-08-14,560562.1759999979
2025-08-15,545722.1759999974
2025-08-18,535642.1759999976
2025-08-19,543202.1759999972
2025-08-20,535642.1759999976
2025-08-21,534802.1759999983
2025-08-22,535082.1759999981
2025-08-25,526962.1759999979
2025-08-26,541242.1759999976
2025-08-27,549922.1759999974
2025-08-28,568962.1759999979
2025-08-29,582122.1759999987
2025-09-01,597522.1759999987
2025-09-02,588842.1759999976
2025-09-03,602842.1759999989
2025-09-04,591642.1759999976
2025-09-05,577082.1759999981
2025-09-08,587722.1759999986
2025-09-09,609842.1759999988
2025-09-10,614602.1759999983
2025-09-11,602562.1759999979
2025-09-12,623562.1759999979
2025-09-15,632242.1759999989
2025-09-16,624122.1759999987
2025-09-17,601624.0359999982
2025-09-18,601624.0359999982
2025-09-19,601624.0359999982
2025-09-22,601624.0359999982
2025-09-23,601624.0359999982
2025-09-24,601624.0359999982
2025-09-25,601624.0359999982
2025-09-26,601624.0359999982
2025-09-29,601624.0359999982
2025-09-30,601624.0359999982
2025-10-09,601624.0359999982
2025-10-10,601624.0359999982
2025-10-13,601624.0359999982
2025-10-14,601624.0359999982
2025-10-15,601624.0359999982
2025-10-16,601624.0359999982
2025-10-17,601624.0359999982
2025-10-20,601624.0359999982
2025-10-21,601624.0359999982
2025-10-22,601624.0359999982
2025-10-23,601624.0359999982
2025-10-24,601624.0359999982
2025-10-27,601624.0359999982
2025-10-28,601624.0359999982
2025-10-29,601624.0359999982
2025-10-30,601624.0359999982
2025-10-31,601624.0359999982
2025-11-03,601624.0359999982
2025-11-04,605636.2599999973
2025-11-05,614516.259999998
2025-11-06,615956.2599999978
2025-11-07,619316.259999998
2025-11-10,620276.2599999983
2025-11-11,622196.2599999976
2025-11-12,619556.2599999978
2025-11-13,632996.2599999976
2025-11-14,632516.259999998
2025-11-17,632996.2599999976
2025-11-18,636116.259999998
2025-11-19,629396.2599999976
2025-11-20,628196.2599999986
2025-11-21,612596.2599999974
2025-11-24,605156.2599999977
2025-11-25,615716.2599999979
2025-11-26,614756.2599999977
2025-11-27,623156.2599999977
2025-11-28,635876.2599999981
2025-12-01,632996.2599999974
2025-12-02,632036.2599999984
2025-12-03,626756.2599999977
2025-12-04,624836.2599999972
2025-12-05,633956.2599999977
2025-12-08,635636.2599999972
2025-12-09,637556.2599999977
2025-12-10,652196.2599999974
2025-12-11,644036.2599999984
2025-12-12,644516.2599999979
2025-12-15,636116.2599999979
2025-12-16,628676.2599999981
2025-12-17,625777.7079999981
2025-12-18,625777.7079999981
2025-12-19,625777.7079999981
2025-12-22,625777.7079999981
2025-12-23,625777.7079999981
2025-12-24,625777.7079999981
2025-12-25,625777.7079999981
2025-12-26,625777.7079999981
2025-12-29,625777.7079999981
2025-12-30,625777.7079999981
2025-12-31,625777.7079999981
2026-01-05,625777.7079999981
2026-01-06,625777.7079999981
2026-01-07,625777.7079999981
2026-01-08,625777.7079999981
2026-01-09,625777.7079999981
2026-01-12,625777.7079999981
2026-01-13,625777.7079999981
2026-01-14,625777.7079999981
2026-01-15,625777.7079999981
2026-01-16,625777.7079999981
2026-01-19,625777.7079999981
2026-01-20,625777.7079999981
2026-01-21,625777.7079999981
2026-01-22,625777.7079999981
2026-01-23,625777.7079999981
2026-01-26,625777.7079999981
2026-01-27,625777.7079999981
2026-01-28,625777.7079999981
2026-01-29,625777.7079999981
2026-01-30,625777.7079999981
2026-02-02,625777.7079999981
2026-02-03,596514.1239999979
2026-02-04,603954.1239999976
2026-02-05,605634.1239999982
2026-02-06,606114.1239999977
2026-02-09,617394.1239999984
2026-02-10,613314.1239999977
2026-02-11,599394.1239999973
2026-02-12,601314.1239999977
2026-02-13,614994.1239999973
2026-02-24,606594.1239999973
2026-02-25,603954.1239999986
2026-02-26,633714.1239999977
2026-02-27,655074.1239999968
2026-03-02,645954.1239999963
2026-03-03,630114.1239999977
2026-03-04,641154.1239999975
2026-03-05,656514.1239999977
2026-03-06,665874.1239999968
2026-03-09,678354.1239999975
2026-03-10,667314.1239999977
2026-03-11,682674.123999998
2026-03-12,695154.1239999987
2026-03-13,697074.123999998
2026-03-16,698494.1799999971
2026-03-17,698494.1799999971
2026-03-18,698494.1799999971
2026-03-19,698494.1799999971
2026-03-20,698494.1799999971
2026-03-23,698494.1799999971
2026-03-24,698494.1799999971
2026-03-25,698494.1799999971
2026-03-26,698494.1799999971
2026-03-27,698494.1799999971
2026-03-30,698494.1799999971
2026-03-31,698494.1799999971
2026-04-01,698494.1799999971
2026-04-02,698494.1799999971
2026-04-03,698494.1799999971
2026-04-07,698494.1799999971
2026-04-08,698494.1799999971
2026-04-09,698494.1799999971
2026-04-10,698494.1799999971
2026-04-13,698494.1799999971
2026-04-14,698494.1799999971
2026-04-15,698494.1799999971
2026-04-16,698494.1799999971
2026-04-17,698494.1799999971
2026-04-20,698494.1799999971
2026-04-21,698494.1799999971
2026-04-22,698494.1799999971
2026-04-23,698494.1799999971
2026-04-24,698494.1799999971
2026-04-27,698494.1799999971
2026-04-28,698494.1799999971
2026-04-29,698494.1799999971
2026-04-30,698494.1799999971
2026-05-06,698494.1799999971
2026-05-07,705613.1999999982
2026-05-08,709013.1999999979
2026-05-11,715413.1999999975
2026-05-12,716813.1999999972
2026-05-13,713013.1999999979
2026-05-14,711613.1999999965
2026-05-15,709813.199999999
2026-05-18,719413.1999999976
2026-05-19,726013.199999998
2026-05-20,728013.199999998
2026-05-21,712213.1999999987
2026-05-22,726413.1999999976
2026-05-25,733813.1999999973
2026-05-26,739213.1999999988
2026-05-27,738813.1999999991
2026-05-28,744013.1999999981
2026-05-29,738813.1999999974
2026-06-01,731013.1999999972
2026-06-02,725213.1999999988
2026-06-03,736013.1999999981
2026-06-04,737013.1999999972
2026-06-05,743213.1999999969
2026-06-08,736613.1999999983
2026-06-09,747413.1999999976
2026-06-10,752213.1999999979
2026-06-11,746813.1999999973
2026-06-12,745213.1999999969
2026-06-15,737613.1999999983
2026-06-16,742742.5799999976
2026-06-17,742742.5799999976
2026-06-18,742742.5799999976
2026-06-22,742742.5799999976
2026-06-23,742742.5799999976
2026-06-24,742742.5799999976
2026-06-25,742742.5799999976
2026-06-26,742742.5799999976
2026-06-29,742742.5799999976
2026-06-30,742742.5799999976
2026-07-01,742742.5799999976
2026-07-02,742742.5799999976
2026-07-03,742742.5799999976
2026-07-06,742742.5799999976
2026-07-07,742742.5799999976
2026-07-08,742742.5799999976
2026-07-09,742742.5799999976
2026-07-10,742742.5799999976
2026-07-13,742742.5799999976
2026-07-14,742742.5799999976
