datetime,IM.CFFEX,IC.CFFEX,IF.CFFEX
2022-07-25,0.0,0.0,0.0
2022-07-26,-4869.248000000072,0.0,0.0
2022-07-27,-5989.248000000145,0.0,0.0
2022-07-28,-8469.248000000072,0.0,0.0
2022-07-29,-9589.248000000145,0.0,0.0
2022-08-01,-6789.247999999781,0.0,0.0
2022-08-02,-9189.248000000145,-13453.512000000217,0.0
2022-08-03,-10069.248000000072,-9613.512000000072,0.0
2022-08-04,-7349.248,-10017.960000000145,0.0
2022-08-05,-5109.248000000218,-13301.944000000141,0.0
2022-08-08,-6069.248000000072,-11141.944000000287,0.0
2022-08-09,-4869.248000000072,-11541.944000000287,0.0
2022-08-10,-5109.248000000218,-11941.944000000287,0.0
2022-08-11,-4069.2480000000724,-11941.944000000287,0.0
2022-08-12,-5589.248000000145,-10821.944000000214,0.0
2022-08-15,-6389.248000000145,-10981.944000000432,0.0
2022-08-16,-7269.248000000072,-10421.944000000214,0.0
2022-08-17,-7292.632000000218,-10181.944000000069,0.0
2022-08-18,-7292.632000000218,-12741.944000000287,0.0
2022-08-19,-7292.632000000218,-13061.94400000036,-499.54800000054456
2022-08-22,-9140.752000000508,-9861.943999999996,-979.5480000006537
2022-08-23,-6260.752000000217,-11461.94400000036,220.451999999892
2022-08-24,-4580.75200000029,-12101.944000000505,220.45199999962279
2022-08-25,-4420.752000000435,-11461.94400000036,-499.5480000005409
2022-08-26,-4980.75200000029,-11061.94400000036,-1579.54800000065
2022-08-29,-5300.752000000362,-10341.944000000287,-1579.5480000003772
2022-08-30,-3700.7520000003624,-9941.944000000287,-1939.5480000003226
2022-08-31,-6340.752000000508,-11861.94400000036,-2899.548000000268
2022-09-01,-5540.752000000144,-12101.944000000141,-3139.5480000003226
2022-09-02,-4820.752000000435,-12661.94400000036,-4819.548000000432
2022-09-05,-7380.75200000029,-12341.944000000287,-3979.548000000377
2022-09-06,-7540.752000000144,-12101.944000000141,-4939.548000000323
2022-09-07,-6420.752000000435,-12901.944000000141,-4339.548000000323
2022-09-08,-5700.752000000362,-12341.944000000287,-2419.548000000159
2022-09-09,-9700.752000000362,-14341.944000000287,-3259.5480000004864
2022-09-13,-6740.752000000508,-16901.94400000014,-4699.548000000541
2022-09-14,-5300.752000000362,-20596.04000000014,-5419.548000000159
2022-09-15,4059.247999999492,-20596.04000000014,-6859.5480000002135
2022-09-16,32059.24799999949,-20596.04000000014,-9141.120000000214
2022-09-19,39964.32799999935,-20596.04000000014,-9141.120000000214
2022-09-20,43644.32799999964,-20596.04000000014,-15734.004000000106
2022-09-21,43564.32799999971,-20596.04000000014,-14654.00400000027
2022-09-22,37564.32799999971,-20596.04000000014,-15974.00400000016
2022-09-23,32124.3279999992,-20596.04000000014,-15134.004000000106
2022-09-26,30204.327999999492,-20596.04000000014,-16214.004000000215
2022-09-27,31324.327999999565,-20596.04000000014,-17294.004000000325
2022-09-28,24044.327999999638,-20596.04000000014,-17414.004000000215
2022-09-29,25084.32799999942,-20596.04000000014,-20654.00400000027
2022-09-30,24604.327999999492,-20596.04000000014,-19694.00400000005
2022-10-10,28204.327999999492,-20596.04000000014,-19814.00400000021
2022-10-11,29244.327999999274,-20596.04000000014,-22934.004000000103
2022-10-12,29884.32799999942,-20596.04000000014,-21014.004000000208
2022-10-13,29644.327999999274,-20596.04000000014,-21494.004000000044
2022-10-14,28364.327999999347,-20596.04000000014,-19214.00400000021
2022-10-17,26844.327999999638,-20596.04000000014,-21713.772000000266
2022-10-18,32524.327999999565,-20596.04000000014,-21713.772000000266
2022-10-19,31564.327999999347,-20596.04000000014,-21713.772000000266
2022-10-20,30173.39999999942,-20596.04000000014,-21713.772000000266
2022-10-21,30173.39999999942,-20596.04000000014,-21713.772000000266
2022-10-24,30173.39999999942,-20596.04000000014,-21713.772000000266
2022-10-25,23108.479999999567,-20596.04000000014,-21713.772000000266
2022-10-26,21028.47999999964,-20596.04000000014,-21713.772000000266
2022-10-27,19188.479999999494,-20596.04000000014,-21713.772000000266
2022-10-28,17188.479999999494,-20596.04000000014,-21713.772000000266
2022-10-31,21508.479999999567,-20596.04000000014,-21713.772000000266
2022-11-01,21588.479999999494,-20596.04000000014,-21713.772000000266
2022-11-02,18628.479999999276,-20596.04000000014,-21713.772000000266
2022-11-03,19268.47999999942,-20596.04000000014,-21713.772000000266
2022-11-04,18708.479999999567,-20596.04000000014,-21713.772000000266
2022-11-07,16948.47999999935,-20596.04000000014,-21713.772000000266
2022-11-08,17508.479999999567,-20596.04000000014,-21713.772000000266
2022-11-09,13508.479999999567,-21725.80799999992,-21713.772000000266
2022-11-10,14788.479999999494,-26445.807999999994,-21713.772000000266
2022-11-11,12788.479999999494,-26925.80799999992,-21713.772000000266
2022-11-14,21456.551999999494,-27645.807999999994,-21713.772000000266
2022-11-15,19809.47199999942,-23965.808000000066,-21713.772000000266
2022-11-16,19190.047999999493,-25885.80800000014,-21713.772000000266
2022-11-17,15139.34399999942,-26045.807999999994,-21713.772000000266
2022-11-18,11859.343999999493,-32365.807999999703,-22054.152000000373
2022-11-21,10899.343999999639,-33005.807999999844,-23254.152000000373
2022-11-22,17859.343999999495,-31885.80799999977,-23374.152000000264
2022-11-23,17619.34399999935,-30285.80799999977,-24694.152000000155
2022-11-24,20259.343999999495,-30125.807999999917,-24574.152000000264
2022-11-25,19539.343999999423,-31965.808000000063,-24934.152000000482
2022-11-28,20659.343999999495,-32605.807999999844,-24694.152000000155
2022-11-29,17379.343999999568,-31965.8079999997,-25414.15200000033
2022-11-30,21219.343999999714,-30205.807999999844,-23734.15200000022
2022-12-01,17459.343999999495,-31725.807999999917,-26134.15200000022
2022-12-02,16899.34399999964,-32525.807999999917,-28894.15200000044
2022-12-05,19219.34399999935,-28285.80799999977,-26974.15200000027
2022-12-06,21219.343999999714,-28925.807999999917,-26614.152000000053
2022-12-07,20899.343999999277,-29965.808000000063,-27094.152000000435
2022-12-08,23299.34399999964,-28845.80799999999,-26374.15200000027
2022-12-09,25859.343999999495,-29005.807999999844,-25894.152000000162
2022-12-12,22179.343999999568,-31405.807999999844,-27934.15200000049
2022-12-13,20179.343999999568,-32125.807999999917,-28534.152000000217
2022-12-14,18133.343999999495,-31336.05599999999,-32014.152000000053
2022-12-15,18133.343999999495,-31336.05599999999,-35374.15200000027
2022-12-16,18133.343999999495,-31336.05599999999,-39447.85200000027
2022-12-19,18133.343999999495,-31336.05599999999,-39447.85200000027
2022-12-20,15383.087999999352,-31336.05599999999,-39916.95600000027
2022-12-21,13436.223999999207,-31336.05599999999,-39796.95600000011
2022-12-22,8771.711999998986,-31336.05599999999,-38836.956000000166
2022-12-23,11091.71199999906,-31336.05599999999,-39316.956000000275
2022-12-26,8291.71199999906,-31336.05599999999,-40516.956000000275
2022-12-27,11171.711999998986,-31336.05599999999,-40756.956000000326
2022-12-28,8691.71199999906,-31336.05599999999,-40516.95600000027
2022-12-29,9491.71199999906,-31336.05599999999,-40756.956000000326
2022-12-30,11651.711999999277,-31336.05599999999,-40156.95600000005
2023-01-03,17411.711999999134,-31336.05599999999,-40516.95600000027
2023-01-04,17971.711999998988,-31336.05599999999,-37876.95600000021
2023-01-05,19171.711999998988,-31336.05599999999,-36316.95600000026
2023-01-06,17491.71199999906,-31336.05599999999,-36676.95600000021
2023-01-09,13372.06399999906,-31336.05599999999,-37516.95600000027
2023-01-10,8052.58399999906,-31336.05599999999,-36076.95600000021
2023-01-11,10331.94399999906,-31336.05599999999,-37156.95600000032
2023-01-12,10331.94399999906,-31336.05599999999,-38601.43200000026
2023-01-13,10331.94399999906,-31336.05599999999,-38601.43200000026
2023-01-16,10331.94399999906,-31336.05599999999,-38601.43200000026
2023-01-17,10331.94399999906,-31336.05599999999,-38601.43200000026
2023-01-18,10331.94399999906,-31336.05599999999,-38601.43200000026
2023-01-19,10331.94399999906,-31336.05599999999,-38601.43200000026
2023-01-20,10331.94399999906,-31336.05599999999,-38601.43200000026
2023-01-30,10331.94399999906,-31336.05599999999,-38601.43200000026
2023-01-31,10331.94399999906,-31336.05599999999,-38601.43200000026
2023-02-01,10331.94399999906,-31336.05599999999,-38601.43200000026
2023-02-02,9060.663999998987,-33363.15200000006,-38601.43200000026
2023-02-03,12580.66399999906,-34403.152000000206,-38601.43200000026
2023-02-06,13140.663999998915,-36883.15199999977,-38601.43200000026
2023-02-07,11060.663999998987,-35283.15199999977,-38601.43200000026
2023-02-08,10020.663999999206,-39283.15199999977,-38601.43200000026
2023-02-09,6820.663999999206,-37683.15200000013,-38601.43200000026
2023-02-10,7300.663999999133,-35523.15200000028,-38601.43200000026
2023-02-13,8260.663999998987,-33043.15199999999,-38601.43200000026
2023-02-14,7540.6639999992785,-33043.15199999999,-40058.95199999993
2023-02-15,10020.663999998842,-35123.151999999915,-39338.95200000059
2023-02-16,8260.663999998987,-36403.152000000206,-38378.95200000037
2023-02-17,6740.6639999992785,-38243.15199999999,-40538.95200000031
2023-02-20,14180.66399999906,-32003.15199999984,-40058.95199999993
2023-02-21,10740.663999998915,-33363.15200000006,-40418.952000000696
2023-02-22,15460.663999998987,-33283.15200000013,-40298.95200000026
2023-02-23,13620.663999999206,-32723.151999999915,-39818.95200000015
2023-02-24,13060.663999999351,-31683.152000000133,-39698.95200000026
2023-02-27,15380.66399999906,-32563.151999999696,-40658.95200000021
2023-02-28,13540.663999998915,-32163.15200000006,-41978.95200000037
2023-03-01,11780.66399999906,-32803.15199999984,-41858.95200000048
2023-03-02,11380.66399999906,-34403.15199999984,-40898.95200000026
2023-03-03,10740.663999998915,-34723.151999999915,-41858.95200000048
2023-03-06,13620.663999998842,-31843.151999999987,-41498.95200000026
2023-03-07,10820.663999999206,-32003.15199999984,-40778.95200000037
2023-03-08,12580.66399999906,-31603.15199999984,-41618.95200000015
2023-03-09,13540.663999999279,-31043.151999999987,-39818.95200000015
2023-03-10,11220.663999998842,-29043.151999999987,-41138.95200000032
2023-03-13,12900.663999999133,-26963.15200000006,-40658.95200000021
2023-03-14,11380.66399999906,-25058.40000000006,-39578.9520000001
2023-03-15,8660.663999998987,-25058.40000000006,-40778.9520000001
2023-03-16,8762.375999999133,-25058.40000000006,-46173.97200000027
2023-03-17,8762.375999999133,-25058.40000000006,-46173.97200000027
2023-03-20,8762.375999999133,-25058.40000000006,-46173.97200000027
2023-03-21,8762.375999999133,-25058.40000000006,-46173.97200000027
2023-03-22,8762.375999999133,-25058.40000000006,-46173.97200000027
2023-03-23,8762.375999999133,-25058.40000000006,-46173.97200000027
2023-03-24,8762.375999999133,-25058.40000000006,-46173.97200000027
2023-03-27,8762.375999999133,-25058.40000000006,-46173.97200000027
2023-03-28,8762.375999999133,-25058.40000000006,-46173.97200000027
2023-03-29,8762.375999999133,-25058.40000000006,-46173.97200000027
2023-03-30,8762.375999999133,-25058.40000000006,-46173.97200000027
2023-03-31,8762.375999999133,-25058.40000000006,-46173.97200000027
2023-04-03,8762.375999999133,-25058.40000000006,-46173.97200000027
2023-04-04,8762.375999999133,-25058.40000000006,-46173.97200000027
2023-04-06,8762.375999999133,-25058.40000000006,-46173.97200000027
2023-04-07,8762.375999999133,-25058.40000000006,-46173.97200000027
2023-04-10,8762.375999999133,-25058.40000000006,-46173.97200000027
2023-04-11,8762.375999999133,-25058.40000000006,-46173.97200000027
2023-04-12,8762.375999999133,-25058.40000000006,-46173.97200000027
2023-04-13,8762.375999999133,-25058.40000000006,-46173.97200000027
2023-04-14,8762.375999999133,-25058.40000000006,-46173.97200000027
2023-04-17,8762.375999999133,-25058.40000000006,-46173.97200000027
2023-04-18,8762.375999999133,-25058.40000000006,-46173.97200000027
2023-04-19,8762.375999999133,-25058.40000000006,-46173.97200000027
2023-04-20,8762.375999999133,-25058.40000000006,-46173.97200000027
2023-04-21,8762.375999999133,-25058.40000000006,-46173.97200000027
2023-04-24,8762.375999999133,-25058.40000000006,-46173.97200000027
2023-04-25,8762.375999999133,-25058.40000000006,-46173.97200000027
2023-04-26,8762.375999999133,-25058.40000000006,-46173.97200000027
2023-04-27,8762.375999999133,-25058.40000000006,-46173.97200000027
2023-04-28,8762.375999999133,-25058.40000000006,-46173.97200000027
2023-05-04,8762.375999999133,-25058.40000000006,-46173.97200000027
2023-05-05,8762.375999999133,-24754.41600000006,-46173.97200000027
2023-05-08,11993.55999999935,-24354.41600000006,-46173.97200000027
2023-05-09,8953.559999999205,-26994.416000000205,-46173.97200000027
2023-05-10,11113.559999999423,-26514.416000000278,-46173.97200000027
2023-05-11,9593.55999999935,-26754.41600000006,-46173.97200000027
2023-05-12,6553.559999999205,-28594.416000000205,-46173.97200000027
2023-05-15,8233.559999999132,-29954.41600000006,-40763.35200000015
2023-05-16,6553.559999999568,-31234.415999999987,-42803.35200000048
2023-05-17,8073.559999999277,-31554.41600000006,-41363.35200000015
2023-05-18,6873.559999999277,-30754.416000000423,-42443.35200000026
2023-05-19,5753.559999999568,-33234.41599999998,-42683.35200000004
2023-05-22,5353.559999999205,-34034.41599999998,-39563.35200000042
2023-05-23,2313.559999999423,-35794.4160000002,-41003.35200000048
2023-05-24,3513.559999999423,-34194.4160000002,-41483.35200000032
2023-05-25,3193.55999999935,-34514.41599999991,-42923.35200000038
2023-05-26,6473.559999999277,-33554.416000000056,-43163.35200000016
2023-05-29,5033.559999999132,-33314.416000000274,-43643.35200000027
2023-05-30,4953.559999999205,-33954.416000000056,-44363.352000000436
2023-05-31,5753.559999999205,-34034.41599999998,-45923.35200000038
2023-06-01,4153.559999999568,-35314.416000000274,-46523.35200000038
2023-06-02,6473.559999999277,-33874.41600000049,-44843.35200000027
2023-06-05,6553.559999999205,-33474.41600000013,-43163.35200000016
2023-06-06,5433.559999999496,-35234.41600000035,-42443.35200000027
2023-06-07,5993.55999999935,-33394.4160000002,-41963.35200000016
2023-06-08,5273.559999999277,-34514.416000000274,-40643.35200000027
2023-06-09,8473.559999999277,-35474.41600000049,-40883.35200000005
2023-06-12,7673.559999999277,-36514.416000000274,-40283.35200000032
2023-06-13,7033.559999999132,-36753.80800000013,-39443.35200000026
2023-06-14,4911.983999999132,-36753.80800000013,-40403.3520000002
2023-06-15,4911.983999999132,-36753.80800000013,-39306.31200000026
2023-06-16,4911.983999999132,-36753.80800000013,-41096.052000000156
2023-06-19,4911.983999999132,-36753.80800000013,-38811.67200000027
2023-06-20,4911.983999999132,-36753.80800000013,-38811.67200000027
2023-06-21,4911.983999999132,-36753.80800000013,-38811.67200000027
2023-06-26,4911.983999999132,-36753.80800000013,-38811.67200000027
2023-06-27,4911.983999999132,-36753.80800000013,-38811.67200000027
2023-06-28,4911.983999999132,-36753.80800000013,-38811.67200000027
2023-06-29,4911.983999999132,-36753.80800000013,-38811.67200000027
2023-06-30,4911.983999999132,-36753.80800000013,-38811.67200000027
2023-07-03,4911.983999999132,-36753.80800000013,-38811.67200000027
2023-07-04,4911.983999999132,-36753.80800000013,-38811.67200000027
2023-07-05,4911.983999999132,-36753.80800000013,-38811.67200000027
2023-07-06,4911.983999999132,-36753.80800000013,-38811.67200000027
2023-07-07,4911.983999999132,-36753.80800000013,-38811.67200000027
2023-07-10,4911.983999999132,-36753.80800000013,-38811.67200000027
2023-07-11,4911.983999999132,-36753.80800000013,-38811.67200000027
2023-07-12,4911.983999999132,-36753.80800000013,-38811.67200000027
2023-07-13,4911.983999999132,-36753.80800000013,-38811.67200000027
2023-07-14,4911.983999999132,-36753.80800000013,-38811.67200000027
2023-07-17,4911.983999999132,-36753.80800000013,-38811.67200000027
2023-07-18,4911.983999999132,-36753.80800000013,-38811.67200000027
2023-07-19,4911.983999999132,-36753.80800000013,-38811.67200000027
2023-07-20,4911.983999999132,-36753.80800000013,-38811.67200000027
2023-07-21,4911.983999999132,-36753.80800000013,-38811.67200000027
2023-07-24,4911.983999999132,-36753.80800000013,-38811.67200000027
2023-07-25,4911.983999999132,-36753.80800000013,-38811.67200000027
2023-07-26,4911.983999999132,-36753.80800000013,-38811.67200000027
2023-07-27,4911.983999999132,-36753.80800000013,-38811.67200000027
2023-07-28,4911.983999999132,-36753.80800000013,-38811.67200000027
2023-07-31,4911.983999999132,-36753.80800000013,-38811.67200000027
2023-08-01,4911.983999999132,-36753.80800000013,-38811.67200000027
2023-08-02,4911.983999999132,-36360.3280000002,-38811.67200000027
2023-08-03,4911.983999999132,-35400.32800000034,-38811.67200000027
2023-08-04,4911.983999999132,-37640.328000000125,-38811.67200000027
2023-08-07,4911.983999999132,-38200.32800000034,-38811.67200000027
2023-08-08,4911.983999999132,-38840.32800000049,-38811.67200000027
2023-08-09,4911.983999999132,-40360.3280000002,-38811.67200000027
2023-08-10,4911.983999999132,-39560.3280000002,-38811.67200000027
2023-08-11,5277.223999999421,-42120.328000000416,-38811.67200000027
2023-08-14,7357.223999999348,-39160.3280000002,-38811.67200000027
2023-08-15,4717.2239999992025,-39560.3280000002,-38811.67200000027
2023-08-16,4157.223999999348,-41560.32800000056,-38811.67200000027
2023-08-17,5357.223999999348,-41480.32800000027,-38811.67200000027
2023-08-18,1997.2239999991298,-43400.32800000034,-38811.67200000027
2023-08-21,2157.223999999348,-43480.32800000027,-37586.94000000016
2023-08-22,4637.223999999275,-44200.32800000034,-37106.94000000032
2023-08-23,4157.223999999348,-42600.32799999998,-33746.94000000038
2023-08-24,6477.223999999421,-42600.32800000034,-33506.94000000032
2023-08-25,3197.2239999994936,-41560.3280000002,-37706.94000000032
2023-08-28,8077.223999999421,-42520.328000000416,-38786.94000000043
2023-08-29,3517.2239999992025,-43160.3280000002,-41786.94000000043
2023-08-30,3917.2239999992025,-44520.32800000005,-39146.94000000038
2023-08-31,4077.223999999421,-43240.32800000049,-39146.94000000038
2023-09-01,3837.2239999992753,-41960.3280000002,-38906.94000000032
2023-09-04,5117.2239999992025,-42360.3280000002,-40226.94000000049
2023-09-05,6717.2239999992025,-42840.32800000049,-38666.94000000054
2023-09-06,5757.223999999348,-41000.32800000034,-39026.94000000048
2023-09-07,7597.22399999913,-41080.32800000027,-38546.94000000037
2023-09-08,7917.2239999992025,-39080.32800000027,-38546.94000000037
2023-09-11,8797.223999999129,-38680.32800000027,-36026.94000000048
2023-09-12,7517.223999999202,-41640.328000000125,-36266.94000000054
2023-09-13,4224.991999999202,-44421.2000000002,-34946.94000000038
2023-09-14,4224.991999999202,-44421.2000000002,-32906.94000000032
2023-09-15,4224.991999999202,-58318.87199999998,-37797.480000000374
2023-09-18,4224.991999999202,-52146.79199999998,-37797.480000000374
2023-09-19,4224.991999999202,-52146.79199999998,-37797.480000000374
2023-09-20,4224.991999999202,-52146.79199999998,-37797.480000000374
2023-09-21,4224.991999999202,-52146.79199999998,-37797.480000000374
2023-09-22,4224.991999999202,-52146.79199999998,-37797.480000000374
2023-09-25,4224.991999999202,-52146.79199999998,-37797.480000000374
2023-09-26,4224.991999999202,-52146.79199999998,-37797.480000000374
2023-09-27,4224.991999999202,-52146.79199999998,-37797.480000000374
2023-09-28,4224.991999999202,-52146.79199999998,-37797.480000000374
2023-10-09,4224.991999999202,-52146.79199999998,-37797.480000000374
2023-10-10,4224.991999999202,-52146.79199999998,-37797.480000000374
2023-10-11,4224.991999999202,-52146.79199999998,-37797.480000000374
2023-10-12,4224.991999999202,-52146.79199999998,-37797.480000000374
2023-10-13,4224.991999999202,-52146.79199999998,-37797.480000000374
2023-10-16,4224.991999999202,-52146.79199999998,-37797.480000000374
2023-10-17,4224.991999999202,-52146.79199999998,-37797.480000000374
2023-10-18,4224.991999999202,-52146.79199999998,-37797.480000000374
2023-10-19,4224.991999999202,-52146.79199999998,-37797.480000000374
2023-10-20,4224.991999999202,-52146.79199999998,-37797.480000000374
2023-10-23,4224.991999999202,-52146.79199999998,-37797.480000000374
2023-10-24,4224.991999999202,-52146.79199999998,-37797.480000000374
2023-10-25,4224.991999999202,-52146.79199999998,-37797.480000000374
2023-10-26,4224.991999999202,-52146.79199999998,-37797.480000000374
2023-10-27,4224.991999999202,-52146.79199999998,-37797.480000000374
2023-10-30,4224.991999999202,-52146.79199999998,-37797.480000000374
2023-10-31,4224.991999999202,-52146.79199999998,-37797.480000000374
2023-11-01,4224.991999999202,-52146.79199999998,-37797.480000000374
2023-11-02,4224.991999999202,-52146.79199999998,-37797.480000000374
2023-11-03,4224.991999999202,-52146.79199999998,-37797.480000000374
2023-11-06,4224.991999999202,-52146.79199999998,-37797.480000000374
2023-11-07,4224.991999999202,-52146.79199999998,-37797.480000000374
2023-11-08,4224.991999999202,-52146.79199999998,-37797.480000000374
2023-11-09,4224.991999999202,-48512.736000000055,-37797.480000000374
2023-11-10,4224.991999999202,-48432.73600000013,-37797.480000000374
2023-11-13,4224.991999999202,-43472.73599999991,-37797.480000000374
2023-11-14,10619.663999998766,-44592.73599999998,-37797.480000000374
2023-11-15,11339.663999998838,-42112.736000000055,-37797.480000000374
2023-11-16,15019.66399999913,-42912.736000000055,-37797.480000000374
2023-11-17,17099.66399999906,-41792.73599999998,-37797.480000000374
2023-11-20,20219.66399999913,-41152.7360000002,-37542.600000000784
2023-11-21,17099.66399999906,-39152.7360000002,-34122.60000000062
2023-11-22,10779.663999998986,-42192.73599999998,-34842.60000000078
2023-11-23,12459.663999999277,-41552.7360000002,-34662.60000000094
2023-11-24,13339.66399999884,-42272.73599999991,-34482.60000000069
2023-11-27,16539.66399999884,-40512.73600000042,-32862.60000000094
2023-11-28,17739.66399999884,-40832.73600000013,-31242.600000000773
2023-11-29,17979.663999998986,-37632.73600000013,-29622.600000000606
2023-11-30,22299.66399999906,-33152.7360000002,-29442.60000000077
2023-12-01,23819.663999998767,-28832.736000000128,-31602.600000000853
2023-12-04,26379.663999998986,-26912.736000000055,-28722.60000000061
2023-12-05,34939.66399999884,-23632.736000000128,-20622.60000000061
2023-12-06,36379.663999998986,-21072.736000000274,-18102.600000000446
2023-12-07,23019.663999998767,-29392.735999999983,-20442.600000000773
2023-12-08,23339.663999999204,-29872.736000000274,-19542.600000000773
2023-12-11,24059.663999999277,-30352.7360000002,-26202.600000000853
2023-12-12,23579.663999998986,-31152.7360000002,-27462.600000000526
2023-12-13,21098.247999998985,-27952.735999999837,-17922.600000000606
2023-12-14,21098.247999998985,-26473.016000000127,-16842.60000000077
2023-12-15,21098.247999998985,-26473.016000000127,-13309.218000000856
2023-12-18,21098.247999998985,-26473.016000000127,-13309.218000000856
2023-12-19,21098.247999998985,-23276.9959999998,-17149.410000000775
2023-12-20,21098.247999998985,-24042.37999999969,-16249.410000001186
2023-12-21,21098.247999998985,-23597.419999999584,-21649.410000000775
2023-12-22,21098.247999998985,-25436.143999999586,-22369.41000000094
2023-12-25,21098.247999998985,-26073.655999999584,-22549.410000001182
2023-12-26,21098.247999998985,-26913.65599999991,-22369.410000000935
2023-12-27,21098.247999998985,-23313.655999999366,-22549.410000001182
2023-12-28,21098.247999998985,-25953.655999999693,-25069.410000001342
2023-12-29,21098.247999998985,-32479.279999999802,-24529.410000001015
2024-01-02,21098.247999998985,-27370.628000000128,-21649.410000001182
2024-01-03,21098.247999998985,-28255.56799999991,-20929.41000000102
2024-01-04,21098.247999998985,-28255.56799999991,-20279.14200000094
2024-01-05,21098.247999998985,-28255.56799999991,-20279.14200000094
2024-01-08,21098.247999998985,-28255.56799999991,-20279.14200000094
2024-01-09,21098.247999998985,-28255.56799999991,-20279.14200000094
2024-01-10,21098.247999998985,-28255.56799999991,-20279.14200000094
2024-01-11,21098.247999998985,-28255.56799999991,-20279.14200000094
2024-01-12,21098.247999998985,-28255.56799999991,-20279.14200000094
2024-01-15,21098.247999998985,-28255.56799999991,-20279.14200000094
2024-01-16,21098.247999998985,-28255.56799999991,-20279.14200000094
2024-01-17,21098.247999998985,-28255.56799999991,-20279.14200000094
2024-01-18,21098.247999998985,-28255.56799999991,-20279.14200000094
2024-01-19,21098.247999998985,-28255.56799999991,-20279.14200000094
2024-01-22,21098.247999998985,-28255.56799999991,-20279.14200000094
2024-01-23,21098.247999998985,-28255.56799999991,-20279.14200000094
2024-01-24,21098.247999998985,-28255.56799999991,-20279.14200000094
2024-01-25,21098.247999998985,-28255.56799999991,-20279.14200000094
2024-01-26,21098.247999998985,-28255.56799999991,-20279.14200000094
2024-01-29,21098.247999998985,-28255.56799999991,-20279.14200000094
2024-01-30,21098.247999998985,-28255.56799999991,-20279.14200000094
2024-01-31,21098.247999998985,-28255.56799999991,-20279.14200000094
2024-02-01,21098.247999998985,-28255.56799999991,-20279.14200000094
2024-02-02,21098.247999998985,-33123.89600000034,-20279.14200000094
2024-02-05,21098.247999998985,-22563.89600000011,-14001.49800000102
2024-02-06,30386.08799999872,-28083.895999999993,-30741.49800000093
2024-02-07,27741.28799999901,-61323.89599999976,-24441.49800000093
2024-02-08,37004.36399999878,-53163.89599999954,-21561.498000001095
2024-02-19,48044.36399999911,-50523.896000000306,-25341.498000000935
2024-02-20,50444.36399999911,-49923.896000000306,-20121.49800000077
2024-02-21,49484.36399999889,-56763.89600000009,-26601.49800000102
2024-02-22,47924.36399999867,-54843.8960000002,-27321.49800000077
2024-02-23,49844.36399999911,-53883.89599999998,-28761.49800000069
2024-02-26,48404.36399999878,-52563.89600000009,-27501.49800000061
2024-02-27,49964.363999999,-54723.89599999975,-28041.49800000094
2024-02-28,51524.36399999923,-55323.89600000029,-26061.498000000698
2024-02-29,52124.36399999923,-59763.89600000009,-28401.498000000618
2024-03-01,49964.36399999901,-63243.89599999965,-29121.498000000778
2024-03-04,54644.363999998575,-57723.89599999976,-25341.498000000942
2024-03-05,57524.363999998684,-51243.89599999965,-19221.498000000778
2024-03-06,58844.36399999912,-50403.89599999987,-19581.498000000858
2024-03-07,57644.36399999912,-52803.896000000415,-17961.498000000694
2024-03-08,60164.36399999901,-50763.89600000009,-14721.498000000776
2024-03-11,67004.3639999988,-53163.89600000009,-9501.498000001016
2024-03-12,62684.3639999989,-60294.6200000002,-16881.49800000085
2024-03-13,65993.55599999912,-60294.6200000002,-20406.006000000692
2024-03-14,65993.55599999912,-60294.6200000002,-20406.006000000692
2024-03-15,20339.95199999913,-106180.30400000053,-43906.302000000775
2024-03-18,3326.351999999024,-113948.2040000003,-47828.32200000077
2024-03-19,960.3999999993157,-113948.2040000003,-47828.32200000077
2024-03-20,-1722.8480000008294,-113948.2040000003,-47828.32200000077
2024-03-21,-1722.8480000008294,-113948.2040000003,-47828.32200000077
2024-03-22,-1722.8480000008294,-113948.2040000003,-47828.32200000077
2024-03-25,-1722.8480000008294,-113948.2040000003,-47828.32200000077
2024-03-26,-1722.8480000008294,-113948.2040000003,-47828.32200000077
2024-03-27,-1722.8480000008294,-113948.2040000003,-47828.32200000077
2024-03-28,-1722.8480000008294,-113948.2040000003,-47828.32200000077
2024-03-29,1240.671999999171,-113948.2040000003,-47828.32200000077
2024-04-01,-3919.3280000004943,-113948.2040000003,-47828.32200000077
2024-04-02,-14418.308000000821,-113948.2040000003,-47828.32200000077
2024-04-03,-14418.308000000821,-113948.2040000003,-47828.32200000077
2024-04-08,-14418.308000000821,-113948.2040000003,-47828.32200000077
2024-04-09,-14418.308000000821,-113948.2040000003,-47828.32200000077
2024-04-10,-14418.308000000821,-113948.2040000003,-47828.32200000077
2024-04-11,-14418.308000000821,-113948.2040000003,-47828.32200000077
2024-04-12,-14418.308000000821,-113948.2040000003,-47828.32200000077
2024-04-15,-14418.308000000821,-113948.2040000003,-47828.32200000077
2024-04-16,-14418.308000000821,-113948.2040000003,-47828.32200000077
2024-04-17,-14418.308000000821,-113948.2040000003,-47828.32200000077
2024-04-18,-14418.308000000821,-113948.2040000003,-47828.32200000077
2024-04-19,-14418.308000000821,-113948.2040000003,-47828.32200000077
2024-04-22,-14418.308000000821,-113948.2040000003,-47828.32200000077
2024-04-23,-14418.308000000821,-113948.2040000003,-47828.32200000077
2024-04-24,-14418.308000000821,-113948.2040000003,-47828.32200000077
2024-04-25,-14418.308000000821,-113948.2040000003,-47828.32200000077
2024-04-26,-14418.308000000821,-113948.2040000003,-47828.32200000077
2024-04-29,-14418.308000000821,-113948.2040000003,-47828.32200000077
2024-04-30,-14418.308000000821,-113948.2040000003,-47828.32200000077
2024-05-06,-14418.308000000821,-113948.2040000003,-47828.32200000077
2024-05-07,-8358.71600000093,-113765.54000000052,-48121.25400000069
2024-05-08,-6438.716000001039,-110405.5400000003,-46321.25400000069
2024-05-09,-8718.716000000602,-110885.54000000042,-47221.25400000069
2024-05-10,-5718.716000000602,-108725.5400000002,-46501.254000000525
2024-05-13,-3798.7160000007116,-108725.5400000002,-45781.254000000365
2024-05-14,-5238.716000000493,-110525.5400000002,-46861.25400000061
2024-05-15,-1758.7160000009299,-111005.5400000003,-47581.25400000077
2024-05-16,-4278.716000000821,-110405.54000000085,-46141.254000000445
2024-05-17,-4638.7160000010535,-112325.54000000074,-46861.254000000605
2024-05-20,-5118.716000000617,-111605.5400000003,-46321.254000000685
2024-05-21,-3918.716000000617,-112445.54000000008,-47761.254000000605
2024-05-22,-4998.716000000726,-109685.54000000042,-45961.254000000605
2024-05-23,-4278.716000000828,-112805.5400000003,-46501.25400000093
2024-05-24,-3078.716000000828,-111125.54000000074,-48481.25400000077
2024-05-27,-918.7160000006097,-107045.54000000062,-46321.25400000069
2024-05-28,2201.283999999281,-106685.5400000004,-46501.254000000525
2024-05-29,6401.283999999281,-106565.5400000005,-45601.25400000093
2024-05-30,7241.283999999063,-105725.54000000018,-45421.254000000685
2024-05-31,5081.28399999939,-107405.5400000003,-47041.25400000044
2024-06-03,9641.283999999063,-103685.54000000042,-43801.25400000052
2024-06-04,11561.2839999995,-102485.54000000042,-45241.254000000845
2024-06-05,10841.283999999609,-103325.5400000002,-45421.254000000685
2024-06-06,8801.283999999281,-106685.54000000042,-47401.254000000525
2024-06-07,7001.283999999281,-106325.5400000002,-46321.25400000028
2024-06-11,10721.283999999172,-103325.5400000002,-47221.254000000685
2024-06-12,12881.28399999939,-101885.54000000042,-46681.254000000765
2024-06-13,18521.28399999917,-98165.54000000053,-45241.254000000845
2024-06-14,15041.283999999607,-101165.53999999998,-43441.254000000845
2024-06-17,12881.283999999388,-101885.54000000042,-45870.678000000844
2024-06-18,11561.283999999498,-101405.5400000003,-45870.678000000844
2024-06-19,9739.947999999498,-99990.15200000051,-45870.678000000844
2024-06-20,9739.947999999498,-99990.15200000051,-45870.678000000844
2024-06-21,12137.535999998952,-99990.15200000051,-45870.678000000844
2024-06-24,31879.86399999929,-99990.15200000051,-45870.678000000844
2024-06-25,31879.86399999929,-99990.15200000051,-45870.678000000844
2024-06-26,31879.86399999929,-99990.15200000051,-45870.678000000844
2024-06-27,31879.86399999929,-99990.15200000051,-45870.678000000844
2024-06-28,31879.86399999929,-99990.15200000051,-45870.678000000844
2024-07-01,31879.86399999929,-99990.15200000051,-45870.678000000844
2024-07-02,31879.86399999929,-99990.15200000051,-45870.678000000844
2024-07-03,31879.86399999929,-99990.15200000051,-45870.678000000844
2024-07-04,31879.86399999929,-99990.15200000051,-45870.678000000844
2024-07-05,31879.86399999929,-99990.15200000051,-45870.678000000844
2024-07-08,31879.86399999929,-99990.15200000051,-45870.678000000844
2024-07-09,31879.86399999929,-99990.15200000051,-45870.678000000844
2024-07-10,31879.86399999929,-99990.15200000051,-45870.678000000844
2024-07-11,31879.86399999929,-99990.15200000051,-45870.678000000844
2024-07-12,31879.86399999929,-99990.15200000051,-45870.678000000844
2024-07-15,31879.86399999929,-99990.15200000051,-45870.678000000844
2024-07-16,31879.86399999929,-99990.15200000051,-45870.678000000844
2024-07-17,31879.86399999929,-99990.15200000051,-45870.678000000844
2024-07-18,31879.86399999929,-99990.15200000051,-45870.678000000844
2024-07-19,31879.86399999929,-99990.15200000051,-45870.678000000844
2024-07-22,31879.86399999929,-99990.15200000051,-45870.678000000844
2024-07-23,31879.86399999929,-99990.15200000051,-45870.678000000844
2024-07-24,31879.86399999929,-99990.15200000051,-45870.678000000844
2024-07-25,31879.86399999929,-99990.15200000051,-45870.678000000844
2024-07-26,31879.86399999929,-99990.15200000051,-45870.678000000844
2024-07-29,31879.86399999929,-99990.15200000051,-45870.678000000844
2024-07-30,31879.86399999929,-99990.15200000051,-45870.678000000844
2024-07-31,31879.86399999929,-99990.15200000051,-45870.678000000844
2024-08-01,31879.86399999929,-99990.15200000051,-45870.678000000844
2024-08-02,31879.86399999929,-93840.72800000008,-45870.678000000844
2024-08-05,31879.86399999929,-92520.72800000018,-45870.678000000844
2024-08-06,31879.86399999929,-92520.72800000018,-45870.678000000844
2024-08-07,31879.86399999929,-93720.72800000018,-45870.678000000844
2024-08-08,31879.86399999929,-96600.7280000003,-45870.678000000844
2024-08-09,31879.86399999929,-94200.7280000003,-45870.678000000844
2024-08-12,31879.86399999929,-95400.7280000003,-45870.678000000844
2024-08-13,31879.86399999929,-95280.72800000041,-45870.678000000844
2024-08-14,52926.483999999284,-95880.72799999986,-45870.678000000844
2024-08-15,54606.48399999885,-97200.7280000003,-41962.680000000844
2024-08-16,52806.48399999939,-98280.72800000041,-41782.68000000101
2024-08-19,52926.483999999284,-98040.72800000009,-42142.68000000109
2024-08-20,53526.483999999284,-96840.72800000009,-40882.68000000101
2024-08-21,51726.483999999284,-98640.72800000009,-39802.680000000764
2024-08-22,52446.483999999175,-97200.72800000031,-38722.680000000924
2024-08-23,48966.483999999065,-99240.72800000009,-39082.680000001004
2024-08-26,49086.483999998956,-98640.72800000009,-40162.68000000084
2024-08-27,48726.483999999284,-99720.7280000002,-40522.68000000133
2024-08-28,48966.483999999065,-97800.72800000032,-39262.68000000084
2024-08-29,46686.483999998956,-98640.72800000064,-41782.680000001
2024-08-30,47526.483999999284,-98160.72800000053,-42322.68000000091
2024-09-02,48006.48399999939,-94800.72800000031,-42502.68000000075
2024-09-03,51606.48399999885,-95160.72800000053,-40342.68000000108
2024-09-04,51846.483999999175,-93840.72800000064,-39082.680000001
2024-09-05,50286.483999998956,-94560.72800000053,-39262.68000000084
2024-09-06,52326.483999999284,-92280.72800000041,-35842.680000001084
2024-09-09,51366.483999999065,-92640.72800000009,-35842.680000001084
2024-09-10,52686.4839999995,-91440.72800000009,-34582.680000001004
2024-09-11,54846.483999999175,-88440.72800000064,-34582.680000001004
2024-09-12,55206.48399999885,-89760.72800000053,-34402.68000000076
2024-09-13,52806.48399999939,-91080.72800000041,-34222.680000000924
2024-09-18,58566.483999999065,-91970.91200000008,-35870.74200000117
2024-09-19,57322.61199999917,-91970.91200000008,-35870.74200000117
2024-09-20,57322.61199999917,-91970.91200000008,-35870.74200000117
2024-09-23,57322.61199999917,-91970.91200000008,-35870.74200000117
2024-09-24,57322.61199999917,-91970.91200000008,-35870.74200000117
2024-09-25,57322.61199999917,-91970.91200000008,-35870.74200000117
2024-09-26,57322.61199999917,-91970.91200000008,-35870.74200000117
2024-09-27,57322.61199999917,-91970.91200000008,-35870.74200000117
2024-09-30,57322.61199999917,-91970.91200000008,-35870.74200000117
2024-10-08,57322.61199999917,-91970.91200000008,-35870.74200000117
2024-10-09,57322.61199999917,-91970.91200000008,-35870.74200000117
2024-10-10,57322.61199999917,-91970.91200000008,-35870.74200000117
2024-10-11,57322.61199999917,-91970.91200000008,-35870.74200000117
2024-10-14,57322.61199999917,-91970.91200000008,-35870.74200000117
2024-10-15,57322.61199999917,-91970.91200000008,-35870.74200000117
2024-10-16,57322.61199999917,-91970.91200000008,-35870.74200000117
2024-10-17,57322.61199999917,-91970.91200000008,-35870.74200000117
2024-10-18,57322.61199999917,-91970.91200000008,-35870.74200000117
2024-10-21,57322.61199999917,-91970.91200000008,-35870.74200000117
2024-10-22,57322.61199999917,-91970.91200000008,-35870.74200000117
2024-10-23,57322.61199999917,-91970.91200000008,-35870.74200000117
2024-10-24,57322.61199999917,-91970.91200000008,-35870.74200000117
2024-10-25,57322.61199999917,-91970.91200000008,-35870.74200000117
2024-10-28,57322.61199999917,-91970.91200000008,-35870.74200000117
2024-10-29,57322.61199999917,-91970.91200000008,-35870.74200000117
2024-10-30,57322.61199999917,-91970.91200000008,-35870.74200000117
2024-10-31,57322.61199999917,-91970.91200000008,-35870.74200000117
2024-11-01,57322.61199999917,-91970.91200000008,-35870.74200000117
2024-11-04,60294.963999999316,-94355.80000000016,-30580.85400000095
2024-11-05,63494.96399999895,-92595.79999999994,-36700.85400000111
2024-11-06,63734.9639999991,-94435.80000000009,-38020.854000001
2024-11-07,65174.96399999924,-92595.79999999994,-38980.854000000945
2024-11-08,65254.96399999917,-92515.80000000002,-41140.85400000116
2024-11-11,68534.9639999991,-87635.80000000009,-39460.854000001054
2024-11-12,70694.96399999932,-86435.80000000009,-36580.854000000945
2024-11-13,70054.96399999918,-85555.80000000016,-36460.854000001054
2024-11-14,69494.96399999932,-86755.80000000016,-37180.854000000945
2024-11-15,68534.9639999991,-92595.79999999994,-35740.85400000116
2024-11-18,68054.96399999918,-91555.80000000016,-35740.85400000116
2024-11-19,67254.96399999918,-91475.80000000024,-35740.85400000116
2024-11-20,70774.96399999925,-85795.79999999994,-35020.854000000996
2024-11-21,71654.96399999918,-87955.80000000016,-32860.854000001054
2024-11-22,73574.96399999925,-86995.79999999994,-33580.85400000095
2024-11-25,74774.96399999925,-87475.79999999987,-32980.85400000095
2024-11-26,74614.9639999994,-87555.7999999998,-30580.854000000953
2024-11-27,71174.96399999925,-87555.7999999998,-33580.85400000095
2024-11-28,72694.96399999932,-87955.7999999998,-32500.854000001116
2024-11-29,71174.96399999925,-87555.80000000016,-32380.854000000953
2024-12-02,71254.96399999918,-87075.79999999987,-33340.85400000117
2024-12-03,72134.9639999991,-86675.80000000024,-31180.854000001225
2024-12-04,72374.96399999925,-85955.80000000016,-30580.854000000953
2024-12-05,75094.96399999932,-82595.79999999994,-30100.854000001116
2024-12-06,73814.9639999994,-82755.80000000016,-32740.85400000117
2024-12-09,75014.9639999994,-82595.79999999994,-30220.854000001007
2024-12-10,73254.96399999918,-83875.80000000024,-33220.85400000101
2024-12-11,73334.9639999991,-83715.80000000002,-33460.85400000107
2024-12-12,73654.96399999918,-84515.80000000002,-32740.854000000905
2024-12-13,77494.96399999932,-81635.80000000009,-27940.854000001174
2024-12-16,76934.9639999991,-84595.79999999994,-29620.85400000101
2024-12-17,77014.9639999994,-85155.7999999998,-30329.454000001064
2024-12-18,79486.53999999925,-83703.44800000009,-30329.454000001064
2024-12-19,79486.53999999925,-83703.44800000009,-30329.454000001064
2024-12-20,79486.53999999925,-82174.36800000009,-30329.454000001064
2024-12-23,79486.53999999925,-83770.32799999995,-30329.454000001064
2024-12-24,79486.53999999925,-83770.32799999995,-30329.454000001064
2024-12-25,79486.53999999925,-83770.32799999995,-30329.454000001064
2024-12-26,79486.53999999925,-83770.32799999995,-30329.454000001064
2024-12-27,79486.53999999925,-83770.32799999995,-30329.454000001064
2024-12-30,79486.53999999925,-83770.32799999995,-30329.454000001064
2024-12-31,79486.53999999925,-83770.32799999995,-30329.454000001064
2025-01-02,79486.53999999925,-83770.32799999995,-30329.454000001064
2025-01-03,79486.53999999925,-83770.32799999995,-30329.454000001064
2025-01-06,79486.53999999925,-83770.32799999995,-30329.454000001064
2025-01-07,79486.53999999925,-83770.32799999995,-30329.454000001064
2025-01-08,79486.53999999925,-83770.32799999995,-30329.454000001064
2025-01-09,79486.53999999925,-83770.32799999995,-30329.454000001064
2025-01-10,79486.53999999925,-83770.32799999995,-30329.454000001064
2025-01-13,79486.53999999925,-83770.32799999995,-30329.454000001064
2025-01-14,79486.53999999925,-83770.32799999995,-30329.454000001064
2025-01-15,79486.53999999925,-83770.32799999995,-30329.454000001064
2025-01-16,79486.53999999925,-83770.32799999995,-30329.454000001064
2025-01-17,79486.53999999925,-83770.32799999995,-30329.454000001064
2025-01-20,79486.53999999925,-83770.32799999995,-30329.454000001064
2025-01-21,79486.53999999925,-83770.32799999995,-30329.454000001064
2025-01-22,79486.53999999925,-83770.32799999995,-30329.454000001064
2025-01-23,79486.53999999925,-83770.32799999995,-30329.454000001064
2025-01-24,79486.53999999925,-83770.32799999995,-30329.454000001064
2025-01-27,79486.53999999925,-83770.32799999995,-30329.454000001064
2025-02-05,79486.53999999925,-83770.32799999995,-30329.454000001064
2025-02-06,79486.53999999925,-90130.94400000002,1603.2659999988828
2025-02-07,79486.53999999925,-89810.94399999994,35323.26599999904
2025-02-10,79486.53999999925,-89090.94400000024,36043.265999998934
2025-02-11,79486.53999999925,-88530.94400000002,26563.265999998825
2025-02-12,76442.0039999994,-87730.94400000002,47683.265999998985
2025-02-13,77322.00399999933,-87490.94400000024,42643.26599999893
2025-02-14,79002.00399999926,-87330.94400000002,63283.265999998985
2025-02-17,80682.00399999919,-85810.94400000031,65563.26599999882
2025-02-18,80362.00399999948,-85410.94399999994,47563.265999998825
2025-02-19,81002.00399999926,-85330.94400000038,60283.265999998985
2025-02-20,82042.0039999994,-83890.94400000024,52723.26599999904
2025-02-21,83802.00399999926,-83330.94400000002,85603.26599999888
2025-02-24,86042.0039999994,-82450.94400000009,76963.26599999882
2025-02-25,89482.00399999919,-81090.94400000024,53803.26599999888
2025-02-26,94682.00399999955,-75170.94400000016,70963.26599999882
2025-02-27,96202.00399999926,-75490.94400000024,80803.26599999888
2025-02-28,93802.00399999926,-77010.94400000031,36523.26599999904
2025-03-03,92202.00399999926,-77570.94400000016,28603.26599999888
2025-03-04,94442.0039999994,-75170.94400000016,25963.265999998825
2025-03-05,99002.00399999926,-72130.94400000002,33403.26599999888
2025-03-06,100842.0039999994,-74450.94400000009,69163.26599999882
2025-03-07,104842.0039999994,-73250.94400000009,62923.26599999904
2025-03-10,108282.00399999919,-71490.94400000024,47323.26599999904
2025-03-11,113882.00399999955,-66770.94400000016,54643.265999998934
2025-03-12,117562.00399999948,-64850.94400000009,50563.265999998825
2025-03-13,111722.00399999933,-66850.94400000009,39523.26599999904
2025-03-14,103482.00399999955,-71970.94400000016,104323.26599999904
2025-03-17,107962.00399999911,-70450.94400000009,94243.26599999893
2025-03-18,108682.00399999955,-68930.94400000038,100003.26599999887
2025-03-19,109962.00399999948,-71413.17600000002,95803.32599999892
2025-03-20,116442.0039999994,-71413.17600000002,95803.32599999892
2025-03-21,120169.69999999955,-71413.17600000002,95803.32599999892
2025-03-24,120169.69999999955,-71413.17600000002,95803.32599999892
2025-03-25,120169.69999999955,-71413.17600000002,95803.32599999892
2025-03-26,120169.69999999955,-71413.17600000002,95803.32599999892
2025-03-27,120169.69999999955,-71413.17600000002,95803.32599999892
2025-03-28,120169.69999999955,-71413.17600000002,95803.32599999892
2025-03-31,120169.69999999955,-71413.17600000002,95803.32599999892
2025-04-01,120169.69999999955,-71413.17600000002,95803.32599999892
2025-04-02,120169.69999999955,-71413.17600000002,95803.32599999892
2025-04-03,120169.69999999955,-71413.17600000002,95803.32599999892
2025-04-07,120169.69999999955,-71413.17600000002,95803.32599999892
2025-04-08,120169.69999999955,-71413.17600000002,95803.32599999892
2025-04-09,120169.69999999955,-71413.17600000002,95803.32599999892
2025-04-10,120169.69999999955,-71413.17600000002,95803.32599999892
2025-04-11,120169.69999999955,-71413.17600000002,95803.32599999892
2025-04-14,120169.69999999955,-71413.17600000002,95803.32599999892
2025-04-15,120169.69999999955,-71413.17600000002,95803.32599999892
2025-04-16,120169.69999999955,-71413.17600000002,95803.32599999892
2025-04-17,120169.69999999955,-71413.17600000002,95803.32599999892
2025-04-18,120169.69999999955,-71413.17600000002,95803.32599999892
2025-04-21,120169.69999999955,-71413.17600000002,95803.32599999892
2025-04-22,120169.69999999955,-71413.17600000002,95803.32599999892
2025-04-23,120169.69999999955,-71413.17600000002,95803.32599999892
2025-04-24,120169.69999999955,-71413.17600000002,95803.32599999892
2025-04-25,120169.69999999955,-71413.17600000002,95803.32599999892
2025-04-28,120169.69999999955,-71413.17600000002,95803.32599999892
2025-04-29,120169.69999999955,-71413.17600000002,95803.32599999892
2025-04-30,120169.69999999955,-71413.17600000002,95803.32599999892
2025-05-06,120169.69999999955,-71413.17600000002,95803.32599999892
2025-05-07,132174.49999999948,-71413.17600000002,95803.32599999892
2025-05-08,135214.49999999962,-71413.17600000002,95803.32599999892
2025-05-09,133934.49999999933,-72739.60799999995,95803.32599999892
2025-05-12,137134.4999999997,-66979.6080000001,95803.32599999892
2025-05-13,137454.49999999977,-67299.6079999998,95803.32599999892
2025-05-14,138094.49999999953,-66419.60799999988,95803.32599999892
2025-05-15,138974.49999999948,-65299.607999999804,95803.32599999892
2025-05-16,141214.49999999962,-65699.6079999998,95803.32599999892
2025-05-19,150254.49999999942,-57219.60799999988,95803.32599999892
2025-05-20,156894.49999999956,-54019.60799999988,95803.32599999892
2025-05-21,156734.4999999997,-54419.60799999988,95803.32599999892
2025-05-22,156414.49999999965,-56899.607999999804,95803.32599999892
2025-05-23,154974.4999999995,-58659.60800000002,95803.32599999892
2025-05-26,161774.4999999995,-54499.607999999804,95803.32599999892
2025-05-27,158974.4999999995,-56499.607999999804,95803.32599999892
2025-05-28,157294.4999999996,-58499.607999999804,95803.32599999892
2025-05-29,158014.49999999965,-62019.60799999988,95803.32599999892
2025-05-30,158174.4999999995,-62019.60799999988,95803.32599999892
2025-06-03,160894.4999999996,-59059.60800000002,95803.32599999892
2025-06-04,162654.49999999945,-56979.60799999973,95803.32599999892
2025-06-05,163934.49999999974,-55139.60799999995,95803.32599999892
2025-06-06,163454.49999999945,-56259.60800000002,95803.32599999892
2025-06-09,161774.49999999953,-59619.60800000024,95803.32599999892
2025-06-10,162974.49999999953,-59219.60799999988,95803.32599999892
2025-06-11,162334.49999999977,-59219.60799999988,95803.32599999892
2025-06-12,163774.49999999953,-57539.60799999995,95803.32599999892
2025-06-13,162894.4999999996,-57539.60799999995,95803.32599999892
2025-06-16,160334.49999999936,-62659.60800000002,95803.32599999892
2025-06-17,160654.49999999942,-63139.60799999995,95803.32599999892
2025-06-18,161374.49999999948,-63272.01599999988,95803.32599999892
2025-06-19,157454.49999999942,-63272.01599999988,95803.32599999892
2025-06-20,157059.7559999997,-63272.01599999988,95803.32599999892
2025-06-23,157059.7559999997,-63272.01599999988,95803.32599999892
2025-06-24,157059.7559999997,-63272.01599999988,95803.32599999892
2025-06-25,157059.7559999997,-63272.01599999988,95803.32599999892
2025-06-26,157059.7559999997,-63272.01599999988,95803.32599999892
2025-06-27,157059.7559999997,-63272.01599999988,95803.32599999892
2025-06-30,157059.7559999997,-63272.01599999988,95803.32599999892
2025-07-01,157059.7559999997,-63272.01599999988,95803.32599999892
2025-07-02,157059.7559999997,-63272.01599999988,95803.32599999892
2025-07-03,157059.7559999997,-63272.01599999988,95803.32599999892
2025-07-04,157059.7559999997,-63272.01599999988,95803.32599999892
2025-07-07,157059.7559999997,-63272.01599999988,95803.32599999892
2025-07-08,157059.7559999997,-63272.01599999988,95803.32599999892
2025-07-09,157059.7559999997,-63272.01599999988,95803.32599999892
2025-07-10,157059.7559999997,-63272.01599999988,95803.32599999892
2025-07-11,157059.7559999997,-63272.01599999988,95803.32599999892
2025-07-14,157059.7559999997,-63272.01599999988,95803.32599999892
2025-07-15,157059.7559999997,-63272.01599999988,95803.32599999892
2025-07-16,157059.7559999997,-63272.01599999988,95803.32599999892
2025-07-17,157059.7559999997,-63272.01599999988,95803.32599999892
2025-07-18,157059.7559999997,-63272.01599999988,95803.32599999892
2025-07-21,157059.7559999997,-63272.01599999988,95803.32599999892
2025-07-22,157059.7559999997,-63272.01599999988,95803.32599999892
2025-07-23,157059.7559999997,-63272.01599999988,95803.32599999892
2025-07-24,157059.7559999997,-63272.01599999988,95803.32599999892
2025-07-25,157059.7559999997,-63272.01599999988,95803.32599999892
2025-07-28,157059.7559999997,-63272.01599999988,95803.32599999892
2025-07-29,157059.7559999997,-63272.01599999988,95803.32599999892
2025-07-30,157059.7559999997,-63272.01599999988,95803.32599999892
2025-07-31,157059.7559999997,-63272.01599999988,95803.32599999892
2025-08-01,157059.7559999997,-63272.01599999988,95803.32599999892
2025-08-04,155345.1799999997,-60392.88799999966,95803.32599999892
2025-08-05,156385.17999999947,-58872.887999999584,95803.32599999892
2025-08-06,155025.17999999961,-59432.8879999998,95803.32599999892
2025-08-07,156625.17999999961,-59432.8879999998,95803.32599999892
2025-08-08,157105.17999999953,-57832.8879999998,95803.32599999892
2025-08-11,154865.17999999938,-60552.887999999875,95803.32599999892
2025-08-12,155665.17999999976,-61192.88799999966,95803.32599999892
2025-08-13,151825.17999999961,-62792.88799999966,95803.32599999892
2025-08-14,149585.17999999947,-67352.88799999988,95803.32599999892
2025-08-15,145345.17999999932,-67592.88799999966,95803.32599999892
2025-08-18,142465.1799999994,-73672.88799999995,95803.32599999892
2025-08-19,144625.17999999927,-67432.8879999998,95803.32599999892
2025-08-20,142465.1799999994,-71832.8879999998,95803.32599999892
2025-08-21,142225.17999999964,-71912.8880000001,95803.32599999892
2025-08-22,142305.1799999996,-73592.88800000002,95803.32599999892
2025-08-25,139985.17999999953,-72392.88799999966,95803.32599999892
2025-08-26,144065.17999999947,-71272.88799999995,95803.32599999892
2025-08-27,146545.1799999994,-65992.88799999966,95803.32599999892
2025-08-28,151985.17999999956,-64552.887999999875,95803.32599999892
2025-08-29,155745.17999999976,-60232.8879999998,95803.32599999892
2025-09-01,160145.17999999976,-59752.887999999875,95803.32599999892
2025-09-02,157665.17999999947,-60232.8879999998,95803.32599999892
2025-09-03,161665.17999999982,-55592.88799999966,95803.32599999892
2025-09-04,158465.17999999947,-55272.88799999995,95803.32599999892
2025-09-05,154305.17999999961,-58072.887999999584,95803.32599999892
2025-09-08,157345.17999999976,-57512.88799999973,95803.32599999892
2025-09-09,163665.17999999982,-51672.887999999584,95803.32599999892
2025-09-10,165025.17999999967,-49992.88800000002,95803.32599999892
2025-09-11,161585.17999999953,-60072.887999999584,95803.32599999892
2025-09-12,167585.17999999953,-61752.887999999875,95803.32599999892
2025-09-15,170065.17999999982,-52312.88799999973,95803.32599999892
2025-09-16,167745.17999999976,-55197.327999999805,95803.32599999892
2025-09-17,161317.1399999996,-55197.327999999805,95803.32599999892
2025-09-18,161317.1399999996,-55197.327999999805,95803.32599999892
2025-09-19,161317.1399999996,-55197.327999999805,95803.32599999892
2025-09-22,161317.1399999996,-55197.327999999805,95803.32599999892
2025-09-23,161317.1399999996,-55197.327999999805,95803.32599999892
2025-09-24,161317.1399999996,-55197.327999999805,95803.32599999892
2025-09-25,161317.1399999996,-55197.327999999805,95803.32599999892
2025-09-26,161317.1399999996,-55197.327999999805,95803.32599999892
2025-09-29,161317.1399999996,-55197.327999999805,95803.32599999892
2025-09-30,161317.1399999996,-55197.327999999805,95803.32599999892
2025-10-09,161317.1399999996,-55197.327999999805,95803.32599999892
2025-10-10,161317.1399999996,-55197.327999999805,95803.32599999892
2025-10-13,161317.1399999996,-55197.327999999805,95803.32599999892
2025-10-14,161317.1399999996,-55197.327999999805,95803.32599999892
2025-10-15,161317.1399999996,-55197.327999999805,95803.32599999892
2025-10-16,161317.1399999996,-55197.327999999805,95803.32599999892
2025-10-17,161317.1399999996,-55197.327999999805,95803.32599999892
2025-10-20,161317.1399999996,-55197.327999999805,95803.32599999892
2025-10-21,161317.1399999996,-55197.327999999805,95803.32599999892
2025-10-22,161317.1399999996,-55197.327999999805,95803.32599999892
2025-10-23,161317.1399999996,-55197.327999999805,95803.32599999892
2025-10-24,161317.1399999996,-55197.327999999805,95803.32599999892
2025-10-27,161317.1399999996,-55197.327999999805,95803.32599999892
2025-10-28,161317.1399999996,-55197.327999999805,95803.32599999892
2025-10-29,161317.1399999996,-55197.327999999805,95803.32599999892
2025-10-30,161317.1399999996,-55197.327999999805,95803.32599999892
2025-10-31,161317.1399999996,-55197.327999999805,95803.32599999892
2025-11-03,161317.1399999996,-55197.327999999805,95803.32599999892
2025-11-04,162654.5479999993,-56568.67999999944,98009.18999999859
2025-11-05,165614.54799999954,-55048.67999999973,97889.18999999869
2025-11-06,166094.5479999995,-54888.67999999988,100769.18999999881
2025-11-07,167214.54799999954,-54728.67999999966,101009.18999999859
2025-11-10,167534.5479999996,-53928.67999999966,100289.18999999869
2025-11-11,168174.54799999937,-54568.679999999804,96929.18999999901
2025-11-12,167294.54799999943,-53128.67999999966,97289.18999999869
2025-11-13,171774.54799999937,-49608.679999999586,99809.18999999858
2025-11-14,171614.54799999952,-51288.67999999988,97889.18999999869
2025-11-17,171774.54799999937,-49048.67999999973,98489.18999999869
2025-11-18,172814.54799999952,-49128.67999999966,100289.18999999869
2025-11-19,170574.54799999937,-50488.67999999951,100889.18999999869
2025-11-20,170174.54799999972,-50808.679999999586,100889.18999999869
2025-11-21,164974.54799999937,-56488.67999999988,99689.18999999869
2025-11-24,162494.54799999943,-57928.67999999966,98609.18999999858
2025-11-25,166014.5479999995,-56648.67999999973,98489.18999999869
2025-11-26,165694.54799999943,-56728.68000000002,101009.18999999858
2025-11-27,168494.54799999943,-55288.67999999988,100529.18999999901
2025-11-28,172734.54799999957,-52968.679999999804,101129.18999999901
2025-12-01,171774.54799999937,-52728.67999999966,103409.18999999858
2025-12-02,171454.54799999966,-53288.67999999988,104369.1899999988
2025-12-03,169694.54799999943,-54648.67999999973,102569.1899999988
2025-12-04,169054.54799999928,-53848.67999999973,104129.18999999901
2025-12-05,172094.54799999943,-52328.67999999966,104249.18999999836
2025-12-08,172654.54799999928,-53768.679999999804,103409.18999999858
2025-12-09,173294.54799999943,-51768.679999999804,104729.18999999846
2025-12-10,178174.54799999937,-50968.679999999804,105089.18999999868
2025-12-11,175454.54799999966,-50088.67999999988,106889.18999999868
2025-12-12,175614.54799999952,-52168.679999999804,106889.18999999868
2025-12-15,172814.54799999952,-52248.67999999973,107849.1899999989
2025-12-16,170334.5479999996,-60810.15999999973,108627.10199999879
2025-12-17,169368.3639999996,-60810.15999999973,108627.10199999879
2025-12-18,169368.3639999996,-60810.15999999973,108627.10199999879
2025-12-19,169368.3639999996,-60810.15999999973,108627.10199999879
2025-12-22,169368.3639999996,-60810.15999999973,108627.10199999879
2025-12-23,169368.3639999996,-60810.15999999973,108627.10199999879
2025-12-24,169368.3639999996,-60810.15999999973,108627.10199999879
2025-12-25,169368.3639999996,-60810.15999999973,108627.10199999879
2025-12-26,169368.3639999996,-60810.15999999973,108627.10199999879
2025-12-29,169368.3639999996,-60810.15999999973,108627.10199999879
2025-12-30,169368.3639999996,-60810.15999999973,108627.10199999879
2025-12-31,169368.3639999996,-60810.15999999973,108627.10199999879
2026-01-05,169368.3639999996,-60810.15999999973,108627.10199999879
2026-01-06,169368.3639999996,-60810.15999999973,108627.10199999879
2026-01-07,169368.3639999996,-60810.15999999973,108627.10199999879
2026-01-08,169368.3639999996,-60810.15999999973,108627.10199999879
2026-01-09,169368.3639999996,-60810.15999999973,108627.10199999879
2026-01-12,169368.3639999996,-60810.15999999973,108627.10199999879
2026-01-13,169368.3639999996,-60810.15999999973,108627.10199999879
2026-01-14,169368.3639999996,-60810.15999999973,108627.10199999879
2026-01-15,169368.3639999996,-60810.15999999973,108627.10199999879
2026-01-16,169368.3639999996,-60810.15999999973,108627.10199999879
2026-01-19,169368.3639999996,-60810.15999999973,108627.10199999879
2026-01-20,169368.3639999996,-60810.15999999973,108627.10199999879
2026-01-21,169368.3639999996,-60810.15999999973,108627.10199999879
2026-01-22,169368.3639999996,-60810.15999999973,108627.10199999879
2026-01-23,169368.3639999996,-60810.15999999973,108627.10199999879
2026-01-26,169368.3639999996,-60810.15999999973,108627.10199999879
2026-01-27,169368.3639999996,-60810.15999999973,108627.10199999879
2026-01-28,169368.3639999996,-60810.15999999973,108627.10199999879
2026-01-29,169368.3639999996,-60810.15999999973,108627.10199999879
2026-01-30,169368.3639999996,-60810.15999999973,108627.10199999879
2026-02-02,169368.3639999996,-60810.15999999973,108627.10199999879
2026-02-03,159613.83599999952,-64494.15999999987,115873.4819999988
2026-02-04,162093.83599999943,-62414.15999999958,116233.48199999901
2026-02-05,162653.83599999966,-58254.15999999973,116593.48199999868
2026-02-06,162813.83599999952,-60734.16000000002,115513.48199999912
2026-02-09,166573.83599999972,-62894.15999999987,117073.4819999988
2026-02-10,165213.8359999995,-60814.159999999945,119353.48199999891
2026-02-11,160573.83599999934,-60974.16000000016,119953.48199999891
2026-02-12,161213.8359999995,-61934.16000000002,119473.4819999988
2026-02-13,165773.83599999934,-57694.15999999987,122953.48199999891
2026-02-24,162973.83599999934,-61694.15999999987,124873.4819999988
2026-02-25,162093.83599999978,-64814.15999999958,120073.4819999988
2026-02-26,172013.8359999995,-57454.15999999973,123673.4819999988
2026-02-27,179133.8359999992,-53374.16000000016,123313.48199999912
2026-03-02,176093.83599999905,-51454.15999999973,126673.4819999988
2026-03-03,170813.8359999995,-49454.15999999938,125953.48199999836
2026-03-04,174493.83599999943,-44014.15999999996,129673.4819999988
2026-03-05,179613.8359999995,-34254.15999999974,136513.48199999856
2026-03-06,182733.8359999992,-32734.15999999967,136873.4819999988
2026-03-09,186893.83599999943,-27374.159999999814,136393.48199999868
2026-03-10,183213.8359999995,-39614.159999999596,136873.4819999988
2026-03-11,188333.83599999954,-37214.159999999596,138553.4819999989
2026-03-12,192493.83599999978,-27875.135999999595,139513.4819999986
2026-03-13,193133.83599999954,-27875.135999999595,143713.4819999986
2026-03-16,193607.18799999927,-27875.135999999595,145198.34999999893
2026-03-17,193607.18799999927,-27875.135999999595,145198.34999999893
2026-03-18,193607.18799999927,-27875.135999999595,145198.34999999893
2026-03-19,193607.18799999927,-27875.135999999595,145198.34999999893
2026-03-20,193607.18799999927,-27875.135999999595,145198.34999999893
2026-03-23,193607.18799999927,-27875.135999999595,145198.34999999893
2026-03-24,193607.18799999927,-27875.135999999595,145198.34999999893
2026-03-25,193607.18799999927,-27875.135999999595,145198.34999999893
2026-03-26,193607.18799999927,-27875.135999999595,145198.34999999893
2026-03-27,193607.18799999927,-27875.135999999595,145198.34999999893
2026-03-30,193607.18799999927,-27875.135999999595,145198.34999999893
2026-03-31,193607.18799999927,-27875.135999999595,145198.34999999893
2026-04-01,193607.18799999927,-27875.135999999595,145198.34999999893
2026-04-02,193607.18799999927,-27875.135999999595,145198.34999999893
2026-04-03,193607.18799999927,-27875.135999999595,145198.34999999893
2026-04-07,193607.18799999927,-27875.135999999595,145198.34999999893
2026-04-08,193607.18799999927,-27875.135999999595,145198.34999999893
2026-04-09,193607.18799999927,-27875.135999999595,145198.34999999893
2026-04-10,193607.18799999927,-27875.135999999595,145198.34999999893
2026-04-13,193607.18799999927,-27875.135999999595,145198.34999999893
2026-04-14,193607.18799999927,-27875.135999999595,145198.34999999893
2026-04-15,193607.18799999927,-27875.135999999595,145198.34999999893
2026-04-16,193607.18799999927,-27875.135999999595,145198.34999999893
2026-04-17,193607.18799999927,-27875.135999999595,145198.34999999893
2026-04-20,193607.18799999927,-27875.135999999595,145198.34999999893
2026-04-21,193607.18799999927,-27875.135999999595,145198.34999999893
2026-04-22,193607.18799999927,-27875.135999999595,145198.34999999893
2026-04-23,193607.18799999927,-27875.135999999595,145198.34999999893
2026-04-24,193607.18799999927,-27875.135999999595,145198.34999999893
2026-04-27,193607.18799999927,-27875.135999999595,145198.34999999893
2026-04-28,193607.18799999927,-27875.135999999595,145198.34999999893
2026-04-29,193607.18799999927,-27875.135999999595,145198.34999999893
2026-04-30,193607.18799999927,-27875.135999999595,145198.34999999893
2026-05-06,193607.18799999927,-27875.135999999595,145198.34999999893
2026-05-07,195030.99199999947,-28134.543999999667,146346.74999999872
2026-05-08,195710.9919999994,-28214.543999999594,130986.74999999904
2026-05-11,196990.99199999933,-26454.543999999376,176466.74999999916
2026-05-12,197270.99199999927,-26414.543999999594,175866.74999999916
2026-05-13,196510.99199999942,-26254.543999999376,210186.74999999904
2026-05-14,196230.99199999913,-26414.543999999594,159546.74999999872
2026-05-15,195870.99199999962,-27534.543999999667,123306.74999999894
2026-05-18,197790.99199999933,-24854.543999999376,110106.74999999894
2026-05-19,199110.9919999994,-24054.543999999376,116826.74999999884
2026-05-20,199510.9919999994,-20014.543999999594,112866.74999999916
2026-05-21,196350.99199999953,-22294.543999999703,74706.74999999894
2026-05-22,199190.99199999933,-21534.543999999303,101826.74999999884
2026-05-25,200670.99199999927,-18734.543999999667,140466.74999999916
2026-05-26,201750.99199999956,-17814.543999999594,168426.74999999884
2026-05-27,201670.99199999962,-18454.54399999974,143226.74999999884
2026-05-28,202710.9919999994,-17454.543999999376,142506.74999999895
2026-05-29,201670.99199999924,-16174.543999999449,137586.74999999907
2026-06-01,200110.9919999992,-18054.543999999376,115506.74999999895
2026-06-02,198950.99199999953,-19574.54399999963,156066.74999999919
2026-06-03,201110.9919999994,-18214.543999999412,177186.74999999907
2026-06-04,201310.9919999992,-18214.543999999412,151506.74999999895
2026-06-05,202550.99199999918,-16334.543999999485,94986.74999999907
2026-06-08,201230.99199999947,-18374.54399999945,38466.74999999918
2026-06-09,203390.99199999933,-15894.543999999521,38466.74999999918
2026-06-10,204350.99199999936,-15774.54399999963,38466.74999999918
2026-06-11,203270.99199999924,-16334.543999999485,38466.74999999918
2026-06-12,202950.99199999915,-16374.54399999963,38466.74999999918
2026-06-15,201430.99199999945,-18654.54399999974,38466.74999999918
2026-06-16,202456.8679999993,-22026.04399999952,38466.74999999918
2026-06-17,202456.8679999993,-22026.04399999952,38466.74999999918
2026-06-18,202456.8679999993,-22026.04399999952,38466.74999999918
2026-06-22,202456.8679999993,-22026.04399999952,38466.74999999918
2026-06-23,202456.8679999993,-22026.04399999952,38466.74999999918
2026-06-24,202456.8679999993,-22026.04399999952,38466.74999999918
2026-06-25,202456.8679999993,-22026.04399999952,38466.74999999918
2026-06-26,202456.8679999993,-22026.04399999952,38466.74999999918
2026-06-29,202456.8679999993,-22026.04399999952,38466.74999999918
2026-06-30,202456.8679999993,-22026.04399999952,38466.74999999918
2026-07-01,202456.8679999993,-22026.04399999952,38466.74999999918
2026-07-02,202456.8679999993,-22026.04399999952,38466.74999999918
2026-07-03,202456.8679999993,-22026.04399999952,38466.74999999918
2026-07-06,202456.8679999993,-22026.04399999952,38466.74999999918
2026-07-07,202456.8679999993,-22026.04399999952,38466.74999999918
2026-07-08,202456.8679999993,-22026.04399999952,38466.74999999918
2026-07-09,202456.8679999993,-22026.04399999952,38466.74999999918
2026-07-10,202456.8679999993,-22026.04399999952,38466.74999999918
2026-07-13,202456.8679999993,-22026.04399999952,38466.74999999918
2026-07-14,202456.8679999993,-22026.04399999952,38466.74999999918
