datetime,product,vt_symbol,role,near,far,prev_lots,curr_lots,change
2022-07-25,IM,IM2208.CFFEX,near,IM2208.CFFEX,IM2209.CFFEX,0.0,2.0,2.0
2022-07-25,IM,IM2209.CFFEX,far,IM2208.CFFEX,IM2209.CFFEX,0.0,-2.0,-2.0
2022-08-01,IC,IC2209.CFFEX,near,IC2209.CFFEX,IC2212.CFFEX,0.0,2.0,2.0
2022-08-01,IC,IC2212.CFFEX,far,IC2209.CFFEX,IC2212.CFFEX,0.0,-2.0,-2.0
2022-08-03,IC,IC2209.CFFEX,near,IC2209.CFFEX,IC2208.CFFEX,2.0,0.0,-2.0
2022-08-03,IC,IC2212.CFFEX,unknown,IC2209.CFFEX,IC2208.CFFEX,-2.0,0.0,2.0
2022-08-04,IC,IC2209.CFFEX,near,IC2209.CFFEX,IC2212.CFFEX,0.0,2.0,2.0
2022-08-04,IC,IC2212.CFFEX,far,IC2209.CFFEX,IC2212.CFFEX,0.0,-2.0,-2.0
2022-08-16,IM,IM2208.CFFEX,near,IM2208.CFFEX,IM2208.CFFEX,2.0,0.0,-2.0
2022-08-16,IM,IM2209.CFFEX,unknown,IM2208.CFFEX,IM2208.CFFEX,-2.0,0.0,2.0
2022-08-18,IF,IF2209.CFFEX,near,IF2209.CFFEX,IF2212.CFFEX,0.0,2.0,2.0
2022-08-18,IF,IF2212.CFFEX,far,IF2209.CFFEX,IF2212.CFFEX,0.0,-2.0,-2.0
2022-08-19,IM,IM2209.CFFEX,near,IM2209.CFFEX,IM2212.CFFEX,0.0,2.0,2.0
2022-08-19,IM,IM2212.CFFEX,far,IM2209.CFFEX,IM2212.CFFEX,0.0,-2.0,-2.0
2022-09-13,IC,IC2209.CFFEX,near,IC2209.CFFEX,IC2209.CFFEX,2.0,0.0,-2.0
2022-09-13,IC,IC2212.CFFEX,unknown,IC2209.CFFEX,IC2209.CFFEX,-2.0,0.0,2.0
2022-09-15,IF,IF2209.CFFEX,near,IF2209.CFFEX,IF2209.CFFEX,2.0,0.0,-2.0
2022-09-15,IF,IF2212.CFFEX,unknown,IF2209.CFFEX,IF2209.CFFEX,-2.0,0.0,2.0
2022-09-16,IM,IM2209.CFFEX,unknown,IM2210.CFFEX,IM2212.CFFEX,2.0,0.0,-2.0
2022-09-16,IM,IM2210.CFFEX,near,IM2210.CFFEX,IM2212.CFFEX,0.0,2.0,2.0
2022-09-19,IF,IF2210.CFFEX,near,IF2210.CFFEX,IF2212.CFFEX,0.0,2.0,2.0
2022-09-19,IF,IF2212.CFFEX,far,IF2210.CFFEX,IF2212.CFFEX,0.0,-2.0,-2.0
2022-10-14,IF,IF2210.CFFEX,near,IF2210.CFFEX,IF2210.CFFEX,2.0,0.0,-2.0
2022-10-14,IF,IF2212.CFFEX,unknown,IF2210.CFFEX,IF2210.CFFEX,-2.0,0.0,2.0
2022-10-19,IM,IM2210.CFFEX,near,IM2210.CFFEX,IM2210.CFFEX,2.0,0.0,-2.0
2022-10-19,IM,IM2212.CFFEX,unknown,IM2210.CFFEX,IM2210.CFFEX,-2.0,0.0,2.0
2022-10-24,IM,IM2211.CFFEX,near,IM2211.CFFEX,IM2212.CFFEX,0.0,2.0,2.0
2022-10-24,IM,IM2212.CFFEX,far,IM2211.CFFEX,IM2212.CFFEX,0.0,-2.0,-2.0
2022-11-08,IC,IC2212.CFFEX,near,IC2212.CFFEX,IC2303.CFFEX,0.0,2.0,2.0
2022-11-08,IC,IC2303.CFFEX,far,IC2212.CFFEX,IC2303.CFFEX,0.0,-2.0,-2.0
2022-11-11,IM,IM2211.CFFEX,near,IM2211.CFFEX,IM2211.CFFEX,2.0,0.0,-2.0
2022-11-11,IM,IM2212.CFFEX,unknown,IM2211.CFFEX,IM2211.CFFEX,-2.0,0.0,2.0
2022-11-14,IM,IM2211.CFFEX,near,IM2211.CFFEX,IM2212.CFFEX,0.0,2.0,2.0
2022-11-14,IM,IM2212.CFFEX,far,IM2211.CFFEX,IM2212.CFFEX,0.0,-2.0,-2.0
2022-11-15,IM,IM2211.CFFEX,far,IM2212.CFFEX,IM2211.CFFEX,2.0,0.0,-2.0
2022-11-15,IM,IM2212.CFFEX,near,IM2212.CFFEX,IM2211.CFFEX,-2.0,0.0,2.0
2022-11-16,IM,IM2212.CFFEX,near,IM2212.CFFEX,IM2303.CFFEX,0.0,2.0,2.0
2022-11-16,IM,IM2303.CFFEX,far,IM2212.CFFEX,IM2303.CFFEX,0.0,-2.0,-2.0
2022-11-17,IF,IF2212.CFFEX,near,IF2212.CFFEX,IF2303.CFFEX,0.0,2.0,2.0
2022-11-17,IF,IF2303.CFFEX,far,IF2212.CFFEX,IF2303.CFFEX,0.0,-2.0,-2.0
2022-12-13,IC,IC2212.CFFEX,near,IC2212.CFFEX,IC2212.CFFEX,2.0,0.0,-2.0
2022-12-13,IC,IC2303.CFFEX,unknown,IC2212.CFFEX,IC2212.CFFEX,-2.0,0.0,2.0
2022-12-13,IM,IM2212.CFFEX,near,IM2212.CFFEX,IM2212.CFFEX,2.0,0.0,-2.0
2022-12-13,IM,IM2303.CFFEX,unknown,IM2212.CFFEX,IM2212.CFFEX,-2.0,0.0,2.0
2022-12-15,IF,IF2212.CFFEX,near,IF2212.CFFEX,IF2212.CFFEX,2.0,0.0,-2.0
2022-12-15,IF,IF2303.CFFEX,unknown,IF2212.CFFEX,IF2212.CFFEX,-2.0,0.0,2.0
2022-12-19,IF,IF2301.CFFEX,near,IF2301.CFFEX,IF2303.CFFEX,0.0,2.0,2.0
2022-12-19,IF,IF2303.CFFEX,far,IF2301.CFFEX,IF2303.CFFEX,0.0,-2.0,-2.0
2022-12-19,IM,IM2301.CFFEX,near,IM2301.CFFEX,IM2303.CFFEX,0.0,2.0,2.0
2022-12-19,IM,IM2303.CFFEX,far,IM2301.CFFEX,IM2303.CFFEX,0.0,-2.0,-2.0
2022-12-20,IM,IM2301.CFFEX,near,IM2301.CFFEX,IM2301.CFFEX,2.0,0.0,-2.0
2022-12-20,IM,IM2303.CFFEX,unknown,IM2301.CFFEX,IM2301.CFFEX,-2.0,0.0,2.0
2022-12-21,IM,IM2301.CFFEX,near,IM2301.CFFEX,IM2303.CFFEX,0.0,2.0,2.0
2022-12-21,IM,IM2303.CFFEX,far,IM2301.CFFEX,IM2303.CFFEX,0.0,-2.0,-2.0
2023-01-06,IM,IM2301.CFFEX,near,IM2301.CFFEX,IM2301.CFFEX,2.0,0.0,-2.0
2023-01-06,IM,IM2303.CFFEX,unknown,IM2301.CFFEX,IM2301.CFFEX,-2.0,0.0,2.0
2023-01-09,IM,IM2301.CFFEX,near,IM2301.CFFEX,IM2303.CFFEX,0.0,2.0,2.0
2023-01-09,IM,IM2303.CFFEX,far,IM2301.CFFEX,IM2303.CFFEX,0.0,-2.0,-2.0
2023-01-10,IM,IM2301.CFFEX,near,IM2301.CFFEX,IM2301.CFFEX,2.0,0.0,-2.0
2023-01-10,IM,IM2303.CFFEX,unknown,IM2301.CFFEX,IM2301.CFFEX,-2.0,0.0,2.0
2023-01-11,IF,IF2301.CFFEX,near,IF2301.CFFEX,IF2301.CFFEX,2.0,0.0,-2.0
2023-01-11,IF,IF2303.CFFEX,unknown,IF2301.CFFEX,IF2301.CFFEX,-2.0,0.0,2.0
2023-02-01,IC,IC2303.CFFEX,near,IC2303.CFFEX,IC2306.CFFEX,0.0,2.0,2.0
2023-02-01,IC,IC2306.CFFEX,far,IC2303.CFFEX,IC2306.CFFEX,0.0,-2.0,-2.0
2023-02-01,IM,IM2303.CFFEX,near,IM2303.CFFEX,IM2306.CFFEX,0.0,2.0,2.0
2023-02-01,IM,IM2306.CFFEX,far,IM2303.CFFEX,IM2306.CFFEX,0.0,-2.0,-2.0
2023-02-13,IF,IF2303.CFFEX,near,IF2303.CFFEX,IF2306.CFFEX,0.0,2.0,2.0
2023-02-13,IF,IF2306.CFFEX,far,IF2303.CFFEX,IF2306.CFFEX,0.0,-2.0,-2.0
2023-03-13,IC,IC2303.CFFEX,near,IC2303.CFFEX,IC2303.CFFEX,2.0,0.0,-2.0
2023-03-13,IC,IC2306.CFFEX,unknown,IC2303.CFFEX,IC2303.CFFEX,-2.0,0.0,2.0
2023-03-15,IF,IF2303.CFFEX,near,IF2303.CFFEX,IF2303.CFFEX,2.0,0.0,-2.0
2023-03-15,IF,IF2306.CFFEX,unknown,IF2303.CFFEX,IF2303.CFFEX,-2.0,0.0,2.0
2023-03-15,IM,IM2303.CFFEX,near,IM2303.CFFEX,IM2303.CFFEX,2.0,0.0,-2.0
2023-03-15,IM,IM2306.CFFEX,unknown,IM2303.CFFEX,IM2303.CFFEX,-2.0,0.0,2.0
2023-05-04,IC,IC2306.CFFEX,near,IC2306.CFFEX,IC2309.CFFEX,0.0,2.0,2.0
2023-05-04,IC,IC2309.CFFEX,far,IC2306.CFFEX,IC2309.CFFEX,0.0,-2.0,-2.0
2023-05-05,IM,IM2306.CFFEX,near,IM2306.CFFEX,IM2309.CFFEX,0.0,2.0,2.0
2023-05-05,IM,IM2309.CFFEX,far,IM2306.CFFEX,IM2309.CFFEX,0.0,-2.0,-2.0
2023-05-12,IF,IF2306.CFFEX,near,IF2306.CFFEX,IF2309.CFFEX,0.0,2.0,2.0
2023-05-12,IF,IF2309.CFFEX,far,IF2306.CFFEX,IF2309.CFFEX,0.0,-2.0,-2.0
2023-06-12,IC,IC2306.CFFEX,near,IC2306.CFFEX,IC2306.CFFEX,2.0,0.0,-2.0
2023-06-12,IC,IC2309.CFFEX,unknown,IC2306.CFFEX,IC2306.CFFEX,-2.0,0.0,2.0
2023-06-13,IM,IM2306.CFFEX,near,IM2306.CFFEX,IM2306.CFFEX,2.0,0.0,-2.0
2023-06-13,IM,IM2309.CFFEX,unknown,IM2306.CFFEX,IM2306.CFFEX,-2.0,0.0,2.0
2023-06-14,IF,IF2306.CFFEX,near,IF2306.CFFEX,IF2306.CFFEX,2.0,0.0,-2.0
2023-06-14,IF,IF2309.CFFEX,unknown,IF2306.CFFEX,IF2306.CFFEX,-2.0,0.0,2.0
2023-06-15,IF,IF2306.CFFEX,near,IF2306.CFFEX,IF2307.CFFEX,0.0,2.0,2.0
2023-06-15,IF,IF2307.CFFEX,far,IF2306.CFFEX,IF2307.CFFEX,0.0,-2.0,-2.0
2023-06-16,IF,IF2306.CFFEX,unknown,IF2307.CFFEX,IF2307.CFFEX,2.0,0.0,-2.0
2023-06-16,IF,IF2307.CFFEX,near,IF2307.CFFEX,IF2307.CFFEX,-2.0,0.0,2.0
2023-08-01,IC,IC2309.CFFEX,near,IC2309.CFFEX,IC2312.CFFEX,0.0,2.0,2.0
2023-08-01,IC,IC2312.CFFEX,far,IC2309.CFFEX,IC2312.CFFEX,0.0,-2.0,-2.0
2023-08-10,IM,IM2309.CFFEX,near,IM2309.CFFEX,IM2312.CFFEX,0.0,2.0,2.0
2023-08-10,IM,IM2312.CFFEX,far,IM2309.CFFEX,IM2312.CFFEX,0.0,-2.0,-2.0
2023-08-18,IF,IF2309.CFFEX,near,IF2309.CFFEX,IF2312.CFFEX,0.0,2.0,2.0
2023-08-18,IF,IF2312.CFFEX,far,IF2309.CFFEX,IF2312.CFFEX,0.0,-2.0,-2.0
2023-09-12,IC,IC2309.CFFEX,near,IC2309.CFFEX,IC2309.CFFEX,2.0,0.0,-2.0
2023-09-12,IC,IC2312.CFFEX,unknown,IC2309.CFFEX,IC2309.CFFEX,-2.0,0.0,2.0
2023-09-12,IM,IM2309.CFFEX,near,IM2309.CFFEX,IM2309.CFFEX,2.0,0.0,-2.0
2023-09-12,IM,IM2312.CFFEX,unknown,IM2309.CFFEX,IM2309.CFFEX,-2.0,0.0,2.0
2023-09-14,IC,IC2309.CFFEX,near,IC2309.CFFEX,IC2310.CFFEX,0.0,2.0,2.0
2023-09-14,IC,IC2310.CFFEX,far,IC2309.CFFEX,IC2310.CFFEX,0.0,-2.0,-2.0
2023-09-14,IF,IF2309.CFFEX,near,IF2309.CFFEX,IF2309.CFFEX,2.0,0.0,-2.0
2023-09-14,IF,IF2312.CFFEX,unknown,IF2309.CFFEX,IF2309.CFFEX,-2.0,0.0,2.0
2023-09-15,IC,IC2309.CFFEX,unknown,IC2310.CFFEX,IC2310.CFFEX,2.0,0.0,-2.0
2023-09-15,IC,IC2310.CFFEX,near,IC2310.CFFEX,IC2310.CFFEX,-2.0,0.0,2.0
2023-11-08,IC,IC2312.CFFEX,near,IC2312.CFFEX,IC2403.CFFEX,0.0,2.0,2.0
2023-11-08,IC,IC2403.CFFEX,far,IC2312.CFFEX,IC2403.CFFEX,0.0,-2.0,-2.0
2023-11-13,IM,IM2312.CFFEX,near,IM2312.CFFEX,IM2403.CFFEX,0.0,2.0,2.0
2023-11-13,IM,IM2403.CFFEX,far,IM2312.CFFEX,IM2403.CFFEX,0.0,-2.0,-2.0
2023-11-17,IF,IF2312.CFFEX,near,IF2312.CFFEX,IF2403.CFFEX,0.0,3.0,3.0
2023-11-17,IF,IF2403.CFFEX,far,IF2312.CFFEX,IF2403.CFFEX,0.0,-3.0,-3.0
2023-12-12,IM,IM2312.CFFEX,near,IM2312.CFFEX,IM2312.CFFEX,2.0,0.0,-2.0
2023-12-12,IM,IM2403.CFFEX,unknown,IM2312.CFFEX,IM2312.CFFEX,-2.0,0.0,2.0
2023-12-13,IC,IC2312.CFFEX,near,IC2312.CFFEX,IC2312.CFFEX,2.0,0.0,-2.0
2023-12-13,IC,IC2403.CFFEX,unknown,IC2312.CFFEX,IC2312.CFFEX,-2.0,0.0,2.0
2023-12-14,IF,IF2312.CFFEX,near,IF2312.CFFEX,IF2312.CFFEX,3.0,0.0,-3.0
2023-12-14,IF,IF2403.CFFEX,unknown,IF2312.CFFEX,IF2312.CFFEX,-3.0,0.0,3.0
2023-12-18,IC,IC2401.CFFEX,near,IC2401.CFFEX,IC2403.CFFEX,0.0,3.0,3.0
2023-12-18,IC,IC2403.CFFEX,far,IC2401.CFFEX,IC2403.CFFEX,0.0,-3.0,-3.0
2023-12-18,IF,IF2401.CFFEX,near,IF2401.CFFEX,IF2403.CFFEX,0.0,3.0,3.0
2023-12-18,IF,IF2403.CFFEX,far,IF2401.CFFEX,IF2403.CFFEX,0.0,-3.0,-3.0
2023-12-19,IC,IC2401.CFFEX,near,IC2401.CFFEX,IC2401.CFFEX,3.0,0.0,-3.0
2023-12-19,IC,IC2403.CFFEX,unknown,IC2401.CFFEX,IC2401.CFFEX,-3.0,0.0,3.0
2023-12-20,IC,IC2401.CFFEX,near,IC2401.CFFEX,IC2403.CFFEX,0.0,3.0,3.0
2023-12-20,IC,IC2403.CFFEX,far,IC2401.CFFEX,IC2403.CFFEX,0.0,-3.0,-3.0
2023-12-21,IC,IC2401.CFFEX,near,IC2401.CFFEX,IC2401.CFFEX,3.0,0.0,-3.0
2023-12-21,IC,IC2403.CFFEX,unknown,IC2401.CFFEX,IC2401.CFFEX,-3.0,0.0,3.0
2023-12-22,IC,IC2401.CFFEX,near,IC2401.CFFEX,IC2403.CFFEX,0.0,3.0,3.0
2023-12-22,IC,IC2403.CFFEX,far,IC2401.CFFEX,IC2403.CFFEX,0.0,-3.0,-3.0
2023-12-28,IC,IC2401.CFFEX,near,IC2401.CFFEX,IC2401.CFFEX,3.0,0.0,-3.0
2023-12-28,IC,IC2403.CFFEX,unknown,IC2401.CFFEX,IC2401.CFFEX,-3.0,0.0,3.0
2023-12-29,IC,IC2401.CFFEX,near,IC2401.CFFEX,IC2403.CFFEX,0.0,3.0,3.0
2023-12-29,IC,IC2403.CFFEX,far,IC2401.CFFEX,IC2403.CFFEX,0.0,-3.0,-3.0
2024-01-02,IC,IC2401.CFFEX,near,IC2401.CFFEX,IC2401.CFFEX,3.0,0.0,-3.0
2024-01-02,IC,IC2403.CFFEX,unknown,IC2401.CFFEX,IC2401.CFFEX,-3.0,0.0,3.0
2024-01-03,IF,IF2401.CFFEX,near,IF2401.CFFEX,IF2401.CFFEX,3.0,0.0,-3.0
2024-01-03,IF,IF2403.CFFEX,unknown,IF2401.CFFEX,IF2401.CFFEX,-3.0,0.0,3.0
2024-02-01,IC,IC2403.CFFEX,near,IC2403.CFFEX,IC2406.CFFEX,0.0,3.0,3.0
2024-02-01,IC,IC2406.CFFEX,far,IC2403.CFFEX,IC2406.CFFEX,0.0,-3.0,-3.0
2024-02-02,IF,IF2403.CFFEX,near,IF2403.CFFEX,IF2406.CFFEX,0.0,3.0,3.0
2024-02-02,IF,IF2406.CFFEX,far,IF2403.CFFEX,IF2406.CFFEX,0.0,-3.0,-3.0
2024-02-05,IM,IM2403.CFFEX,near,IM2403.CFFEX,IM2406.CFFEX,0.0,4.0,4.0
2024-02-05,IM,IM2406.CFFEX,far,IM2403.CFFEX,IM2406.CFFEX,0.0,-4.0,-4.0
2024-02-06,IM,IM2403.CFFEX,near,IM2403.CFFEX,IM2402.CFFEX,4.0,0.0,-4.0
2024-02-06,IM,IM2406.CFFEX,unknown,IM2403.CFFEX,IM2402.CFFEX,-4.0,0.0,4.0
2024-02-07,IM,IM2403.CFFEX,near,IM2403.CFFEX,IM2406.CFFEX,0.0,3.0,3.0
2024-02-07,IM,IM2406.CFFEX,far,IM2403.CFFEX,IM2406.CFFEX,0.0,-3.0,-3.0
2024-03-11,IC,IC2403.CFFEX,near,IC2403.CFFEX,IC2403.CFFEX,3.0,0.0,-3.0
2024-03-11,IC,IC2406.CFFEX,unknown,IC2403.CFFEX,IC2403.CFFEX,-3.0,0.0,3.0
2024-03-12,IF,IF2403.CFFEX,near,IF2403.CFFEX,IF2403.CFFEX,3.0,0.0,-3.0
2024-03-12,IF,IF2406.CFFEX,unknown,IF2403.CFFEX,IF2403.CFFEX,-3.0,0.0,3.0
2024-03-12,IM,IM2403.CFFEX,near,IM2403.CFFEX,IM2403.CFFEX,3.0,0.0,-3.0
2024-03-12,IM,IM2406.CFFEX,unknown,IM2403.CFFEX,IM2403.CFFEX,-3.0,0.0,3.0
2024-03-14,IC,IC2403.CFFEX,near,IC2403.CFFEX,IC2404.CFFEX,0.0,3.0,3.0
2024-03-14,IC,IC2404.CFFEX,far,IC2403.CFFEX,IC2404.CFFEX,0.0,-3.0,-3.0
2024-03-14,IF,IF2403.CFFEX,near,IF2403.CFFEX,IF2404.CFFEX,0.0,3.0,3.0
2024-03-14,IF,IF2404.CFFEX,far,IF2403.CFFEX,IF2404.CFFEX,0.0,-3.0,-3.0
2024-03-14,IM,IM2403.CFFEX,near,IM2403.CFFEX,IM2404.CFFEX,0.0,3.0,3.0
2024-03-14,IM,IM2404.CFFEX,far,IM2403.CFFEX,IM2404.CFFEX,0.0,-3.0,-3.0
2024-03-15,IC,IC2403.CFFEX,unknown,IC2404.CFFEX,IC2404.CFFEX,3.0,0.0,-3.0
2024-03-15,IC,IC2404.CFFEX,near,IC2404.CFFEX,IC2404.CFFEX,-3.0,0.0,3.0
2024-03-15,IF,IF2403.CFFEX,unknown,IF2404.CFFEX,IF2404.CFFEX,3.0,0.0,-3.0
2024-03-15,IF,IF2404.CFFEX,near,IF2404.CFFEX,IF2404.CFFEX,-3.0,0.0,3.0
2024-03-15,IM,IM2403.CFFEX,unknown,IM2404.CFFEX,IM2404.CFFEX,3.0,0.0,-3.0
2024-03-15,IM,IM2404.CFFEX,near,IM2404.CFFEX,IM2404.CFFEX,-3.0,0.0,3.0
2024-03-18,IM,IM2404.CFFEX,near,IM2404.CFFEX,IM2406.CFFEX,0.0,2.0,2.0
2024-03-18,IM,IM2406.CFFEX,far,IM2404.CFFEX,IM2406.CFFEX,0.0,-2.0,-2.0
2024-03-19,IM,IM2404.CFFEX,near,IM2404.CFFEX,IM2404.CFFEX,2.0,0.0,-2.0
2024-03-19,IM,IM2406.CFFEX,unknown,IM2404.CFFEX,IM2404.CFFEX,-2.0,0.0,2.0
2024-03-28,IM,IM2404.CFFEX,near,IM2404.CFFEX,IM2406.CFFEX,0.0,3.0,3.0
2024-03-28,IM,IM2406.CFFEX,far,IM2404.CFFEX,IM2406.CFFEX,0.0,-3.0,-3.0
2024-04-01,IM,IM2404.CFFEX,near,IM2404.CFFEX,IM2404.CFFEX,3.0,0.0,-3.0
2024-04-01,IM,IM2406.CFFEX,unknown,IM2404.CFFEX,IM2404.CFFEX,-3.0,0.0,3.0
2024-05-06,IC,IC2406.CFFEX,near,IC2406.CFFEX,IC2409.CFFEX,0.0,3.0,3.0
2024-05-06,IC,IC2409.CFFEX,far,IC2406.CFFEX,IC2409.CFFEX,0.0,-3.0,-3.0
2024-05-06,IF,IF2406.CFFEX,near,IF2406.CFFEX,IF2409.CFFEX,0.0,3.0,3.0
2024-05-06,IF,IF2409.CFFEX,far,IF2406.CFFEX,IF2409.CFFEX,0.0,-3.0,-3.0
2024-05-06,IM,IM2406.CFFEX,near,IM2406.CFFEX,IM2409.CFFEX,0.0,3.0,3.0
2024-05-06,IM,IM2409.CFFEX,far,IM2406.CFFEX,IM2409.CFFEX,0.0,-3.0,-3.0
2024-06-14,IF,IF2406.CFFEX,near,IF2406.CFFEX,IF2406.CFFEX,3.0,0.0,-3.0
2024-06-14,IF,IF2409.CFFEX,unknown,IF2406.CFFEX,IF2406.CFFEX,-3.0,0.0,3.0
2024-06-18,IC,IC2406.CFFEX,near,IC2406.CFFEX,IC2406.CFFEX,3.0,0.0,-3.0
2024-06-18,IC,IC2409.CFFEX,unknown,IC2406.CFFEX,IC2406.CFFEX,-3.0,0.0,3.0
2024-06-18,IM,IM2406.CFFEX,near,IM2406.CFFEX,IM2406.CFFEX,3.0,0.0,-3.0
2024-06-18,IM,IM2409.CFFEX,unknown,IM2406.CFFEX,IM2406.CFFEX,-3.0,0.0,3.0
2024-06-20,IM,IM2406.CFFEX,near,IM2406.CFFEX,IM2407.CFFEX,0.0,3.0,3.0
2024-06-20,IM,IM2407.CFFEX,far,IM2406.CFFEX,IM2407.CFFEX,0.0,-3.0,-3.0
2024-06-21,IM,IM2406.CFFEX,unknown,IM2407.CFFEX,IM2407.CFFEX,3.0,0.0,-3.0
2024-06-21,IM,IM2407.CFFEX,near,IM2407.CFFEX,IM2407.CFFEX,-3.0,0.0,3.0
2024-08-01,IC,IC2409.CFFEX,near,IC2409.CFFEX,IC2412.CFFEX,0.0,3.0,3.0
2024-08-01,IC,IC2412.CFFEX,far,IC2409.CFFEX,IC2412.CFFEX,0.0,-3.0,-3.0
2024-08-13,IM,IM2409.CFFEX,near,IM2409.CFFEX,IM2412.CFFEX,0.0,3.0,3.0
2024-08-13,IM,IM2412.CFFEX,far,IM2409.CFFEX,IM2412.CFFEX,0.0,-3.0,-3.0
2024-08-14,IF,IF2409.CFFEX,near,IF2409.CFFEX,IF2412.CFFEX,0.0,3.0,3.0
2024-08-14,IF,IF2412.CFFEX,far,IF2409.CFFEX,IF2412.CFFEX,0.0,-3.0,-3.0
2024-09-13,IC,IC2409.CFFEX,near,IC2409.CFFEX,IC2409.CFFEX,3.0,0.0,-3.0
2024-09-13,IC,IC2412.CFFEX,unknown,IC2409.CFFEX,IC2409.CFFEX,-3.0,0.0,3.0
2024-09-13,IF,IF2409.CFFEX,near,IF2409.CFFEX,IF2409.CFFEX,3.0,0.0,-3.0
2024-09-13,IF,IF2412.CFFEX,unknown,IF2409.CFFEX,IF2409.CFFEX,-3.0,0.0,3.0
2024-09-18,IM,IM2409.CFFEX,near,IM2409.CFFEX,IM2409.CFFEX,3.0,0.0,-3.0
2024-09-18,IM,IM2412.CFFEX,unknown,IM2409.CFFEX,IM2409.CFFEX,-3.0,0.0,3.0
2024-11-01,IC,IC2412.CFFEX,near,IC2412.CFFEX,IC2503.CFFEX,0.0,2.0,2.0
2024-11-01,IC,IC2503.CFFEX,far,IC2412.CFFEX,IC2503.CFFEX,0.0,-2.0,-2.0
2024-11-01,IF,IF2412.CFFEX,near,IF2412.CFFEX,IF2503.CFFEX,0.0,2.0,2.0
2024-11-01,IF,IF2503.CFFEX,far,IF2412.CFFEX,IF2503.CFFEX,0.0,-2.0,-2.0
2024-11-01,IM,IM2412.CFFEX,near,IM2412.CFFEX,IM2503.CFFEX,0.0,2.0,2.0
2024-11-01,IM,IM2503.CFFEX,far,IM2412.CFFEX,IM2503.CFFEX,0.0,-2.0,-2.0
2024-12-16,IF,IF2412.CFFEX,near,IF2412.CFFEX,IF2412.CFFEX,2.0,0.0,-2.0
2024-12-16,IF,IF2503.CFFEX,unknown,IF2412.CFFEX,IF2412.CFFEX,-2.0,0.0,2.0
2024-12-17,IC,IC2412.CFFEX,near,IC2412.CFFEX,IC2412.CFFEX,2.0,0.0,-2.0
2024-12-17,IC,IC2503.CFFEX,unknown,IC2412.CFFEX,IC2412.CFFEX,-2.0,0.0,2.0
2024-12-17,IM,IM2412.CFFEX,near,IM2412.CFFEX,IM2412.CFFEX,2.0,0.0,-2.0
2024-12-17,IM,IM2503.CFFEX,unknown,IM2412.CFFEX,IM2412.CFFEX,-2.0,0.0,2.0
2024-12-19,IC,IC2412.CFFEX,near,IC2412.CFFEX,IC2501.CFFEX,0.0,2.0,2.0
2024-12-19,IC,IC2501.CFFEX,far,IC2412.CFFEX,IC2501.CFFEX,0.0,-2.0,-2.0
2024-12-20,IC,IC2412.CFFEX,unknown,IC2501.CFFEX,IC2501.CFFEX,2.0,0.0,-2.0
2024-12-20,IC,IC2501.CFFEX,near,IC2501.CFFEX,IC2501.CFFEX,-2.0,0.0,2.0
2025-02-05,IC,IC2503.CFFEX,near,IC2503.CFFEX,IC2506.CFFEX,0.0,2.0,2.0
2025-02-05,IC,IC2506.CFFEX,far,IC2503.CFFEX,IC2506.CFFEX,0.0,-2.0,-2.0
2025-02-05,IF,IF2503.CFFEX,near,IF2503.CFFEX,IF2506.CFFEX,0.0,2.0,2.0
2025-02-05,IF,IF2506.CFFEX,far,IF2503.CFFEX,IF2506.CFFEX,0.0,-2.0,-2.0
2025-02-11,IM,IM2503.CFFEX,near,IM2503.CFFEX,IM2506.CFFEX,0.0,2.0,2.0
2025-02-11,IM,IM2506.CFFEX,far,IM2503.CFFEX,IM2506.CFFEX,0.0,-2.0,-2.0
2025-03-18,IC,IC2503.CFFEX,near,IC2503.CFFEX,IC2503.CFFEX,2.0,0.0,-2.0
2025-03-18,IC,IC2506.CFFEX,unknown,IC2503.CFFEX,IC2503.CFFEX,-2.0,0.0,2.0
2025-03-18,IF,IF2503.CFFEX,near,IF2503.CFFEX,IF2503.CFFEX,2.0,0.0,-2.0
2025-03-18,IF,IF2506.CFFEX,unknown,IF2503.CFFEX,IF2503.CFFEX,-2.0,0.0,2.0
2025-03-20,IM,IM2503.CFFEX,near,IM2503.CFFEX,IM2503.CFFEX,2.0,0.0,-2.0
2025-03-20,IM,IM2506.CFFEX,unknown,IM2503.CFFEX,IM2503.CFFEX,-2.0,0.0,2.0
2025-05-06,IM,IM2506.CFFEX,near,IM2506.CFFEX,IM2509.CFFEX,0.0,2.0,2.0
2025-05-06,IM,IM2509.CFFEX,far,IM2506.CFFEX,IM2509.CFFEX,0.0,-2.0,-2.0
2025-05-08,IC,IC2506.CFFEX,near,IC2506.CFFEX,IC2509.CFFEX,0.0,2.0,2.0
2025-05-08,IC,IC2509.CFFEX,far,IC2506.CFFEX,IC2509.CFFEX,0.0,-2.0,-2.0
2025-06-17,IC,IC2506.CFFEX,near,IC2506.CFFEX,IC2506.CFFEX,2.0,0.0,-2.0
2025-06-17,IC,IC2509.CFFEX,unknown,IC2506.CFFEX,IC2506.CFFEX,-2.0,0.0,2.0
2025-06-19,IM,IM2506.CFFEX,near,IM2506.CFFEX,IM2506.CFFEX,2.0,0.0,-2.0
2025-06-19,IM,IM2509.CFFEX,unknown,IM2506.CFFEX,IM2506.CFFEX,-2.0,0.0,2.0
2025-08-01,IC,IC2509.CFFEX,near,IC2509.CFFEX,IC2512.CFFEX,0.0,2.0,2.0
2025-08-01,IC,IC2512.CFFEX,far,IC2509.CFFEX,IC2512.CFFEX,0.0,-2.0,-2.0
2025-08-01,IM,IM2509.CFFEX,near,IM2509.CFFEX,IM2512.CFFEX,0.0,2.0,2.0
2025-08-01,IM,IM2512.CFFEX,far,IM2509.CFFEX,IM2512.CFFEX,0.0,-2.0,-2.0
2025-09-15,IC,IC2509.CFFEX,near,IC2509.CFFEX,IC2509.CFFEX,2.0,0.0,-2.0
2025-09-15,IC,IC2512.CFFEX,unknown,IC2509.CFFEX,IC2509.CFFEX,-2.0,0.0,2.0
2025-09-16,IM,IM2509.CFFEX,near,IM2509.CFFEX,IM2509.CFFEX,2.0,0.0,-2.0
2025-09-16,IM,IM2512.CFFEX,unknown,IM2509.CFFEX,IM2509.CFFEX,-2.0,0.0,2.0
2025-11-03,IC,IC2512.CFFEX,near,IC2512.CFFEX,IC2603.CFFEX,0.0,2.0,2.0
2025-11-03,IC,IC2603.CFFEX,far,IC2512.CFFEX,IC2603.CFFEX,0.0,-2.0,-2.0
2025-11-03,IF,IF2512.CFFEX,near,IF2512.CFFEX,IF2603.CFFEX,0.0,2.0,2.0
2025-11-03,IF,IF2603.CFFEX,far,IF2512.CFFEX,IF2603.CFFEX,0.0,-2.0,-2.0
2025-11-03,IM,IM2512.CFFEX,near,IM2512.CFFEX,IM2603.CFFEX,0.0,2.0,2.0
2025-11-03,IM,IM2603.CFFEX,far,IM2512.CFFEX,IM2603.CFFEX,0.0,-2.0,-2.0
2025-12-15,IC,IC2512.CFFEX,near,IC2512.CFFEX,IC2512.CFFEX,2.0,0.0,-2.0
2025-12-15,IC,IC2603.CFFEX,unknown,IC2512.CFFEX,IC2512.CFFEX,-2.0,0.0,2.0
2025-12-15,IF,IF2512.CFFEX,near,IF2512.CFFEX,IF2512.CFFEX,2.0,0.0,-2.0
2025-12-15,IF,IF2603.CFFEX,unknown,IF2512.CFFEX,IF2512.CFFEX,-2.0,0.0,2.0
2025-12-16,IM,IM2512.CFFEX,near,IM2512.CFFEX,IM2512.CFFEX,2.0,0.0,-2.0
2025-12-16,IM,IM2603.CFFEX,unknown,IM2512.CFFEX,IM2512.CFFEX,-2.0,0.0,2.0
2026-02-02,IC,IC2603.CFFEX,near,IC2603.CFFEX,IC2606.CFFEX,0.0,2.0,2.0
2026-02-02,IC,IC2606.CFFEX,far,IC2603.CFFEX,IC2606.CFFEX,0.0,-2.0,-2.0
2026-02-02,IF,IF2603.CFFEX,near,IF2603.CFFEX,IF2606.CFFEX,0.0,2.0,2.0
2026-02-02,IF,IF2606.CFFEX,far,IF2603.CFFEX,IF2606.CFFEX,0.0,-2.0,-2.0
2026-02-02,IM,IM2603.CFFEX,near,IM2603.CFFEX,IM2606.CFFEX,0.0,2.0,2.0
2026-02-02,IM,IM2606.CFFEX,far,IM2603.CFFEX,IM2606.CFFEX,0.0,-2.0,-2.0
2026-03-11,IC,IC2603.CFFEX,near,IC2603.CFFEX,IC2603.CFFEX,2.0,0.0,-2.0
2026-03-11,IC,IC2606.CFFEX,unknown,IC2603.CFFEX,IC2603.CFFEX,-2.0,0.0,2.0
2026-03-13,IF,IF2603.CFFEX,near,IF2603.CFFEX,IF2603.CFFEX,2.0,0.0,-2.0
2026-03-13,IF,IF2606.CFFEX,unknown,IF2603.CFFEX,IF2603.CFFEX,-2.0,0.0,2.0
2026-03-13,IM,IM2603.CFFEX,near,IM2603.CFFEX,IM2603.CFFEX,2.0,0.0,-2.0
2026-03-13,IM,IM2606.CFFEX,unknown,IM2603.CFFEX,IM2603.CFFEX,-2.0,0.0,2.0
2026-05-06,IC,IC2606.CFFEX,near,IC2606.CFFEX,IC2609.CFFEX,0.0,1.0,1.0
2026-05-06,IC,IC2609.CFFEX,far,IC2606.CFFEX,IC2609.CFFEX,0.0,-1.0,-1.0
2026-05-06,IF,IF2606.CFFEX,near,IF2606.CFFEX,IF2609.CFFEX,0.0,2.0,2.0
2026-05-06,IF,IF2609.CFFEX,far,IF2606.CFFEX,IF2609.CFFEX,0.0,-2.0,-2.0
2026-05-06,IM,IM2606.CFFEX,near,IM2606.CFFEX,IM2609.CFFEX,0.0,1.0,1.0
2026-05-06,IM,IM2609.CFFEX,far,IM2606.CFFEX,IM2609.CFFEX,0.0,-1.0,-1.0
2026-06-11,IF,IF2606.CFFEX,near,IF2606.CFFEX,IF2606.CFFEX,2.0,0.0,-2.0
2026-06-11,IF,IF2609.CFFEX,unknown,IF2606.CFFEX,IF2606.CFFEX,-2.0,0.0,2.0
2026-06-15,IC,IC2606.CFFEX,near,IC2606.CFFEX,IC2606.CFFEX,1.0,0.0,-1.0
2026-06-15,IC,IC2609.CFFEX,unknown,IC2606.CFFEX,IC2606.CFFEX,-1.0,0.0,1.0
2026-06-15,IM,IM2606.CFFEX,near,IM2606.CFFEX,IM2606.CFFEX,1.0,0.0,-1.0
2026-06-15,IM,IM2609.CFFEX,unknown,IM2606.CFFEX,IM2606.CFFEX,-1.0,0.0,1.0
