datetime,vt_symbol,prev_pos,curr_pos,change,direction,price
2020-01-16,RB2005.SHFE,0,280,280,BUY,3565.0
2020-01-16,RB2010.SHFE,0,-280,-280,SELL,3408.0
2020-01-20,RB2005.SHFE,280,0,-280,SELL,3605.0
2020-01-20,RB2010.SHFE,-280,0,280,BUY,3443.0
2020-01-23,RB2005.SHFE,0,285,285,BUY,3500.0
2020-01-23,RB2010.SHFE,0,-285,-285,SELL,3363.0
2020-03-23,RB2005.SHFE,285,0,-285,SELL,3400.0
2020-03-23,RB2010.SHFE,-285,305,590,BUY,3270.0
2020-03-23,RB2101.SHFE,0,-305,-305,SELL,3166.0
2020-05-12,RB2010.SHFE,305,0,-305,SELL,3464.0
2020-05-12,RB2101.SHFE,-305,0,305,BUY,3304.0
2020-05-22,RB2010.SHFE,0,285,285,BUY,3508.0
2020-05-22,RB2101.SHFE,0,-285,-285,SELL,3349.0
2020-05-26,RB2010.SHFE,285,0,-285,SELL,3493.0
2020-05-26,RB2101.SHFE,-285,0,285,BUY,3320.0
2020-05-29,RB2010.SHFE,0,279,279,BUY,3579.0
2020-05-29,RB2101.SHFE,0,-279,-279,SELL,3405.0
2020-06-17,RB2010.SHFE,279,0,-279,SELL,3585.0
2020-06-17,RB2101.SHFE,-279,0,279,BUY,3436.0
2020-06-29,RB2010.SHFE,0,281,281,BUY,3552.0
2020-06-29,RB2101.SHFE,0,-281,-281,SELL,3413.0
2020-06-30,RB2010.SHFE,281,0,-281,SELL,3565.0
2020-06-30,RB2101.SHFE,-281,0,281,BUY,3430.0
2020-07-21,RB2010.SHFE,0,265,265,BUY,3764.0
2020-07-21,RB2101.SHFE,0,-265,-265,SELL,3613.0
2020-07-22,RB2010.SHFE,265,0,-265,SELL,3782.0
2020-07-22,RB2101.SHFE,-265,0,265,BUY,3642.0
2020-07-24,RB2010.SHFE,0,266,266,BUY,3747.0
2020-07-24,RB2101.SHFE,0,-266,-266,SELL,3595.0
2020-07-27,RB2010.SHFE,266,0,-266,SELL,3723.0
2020-07-27,RB2101.SHFE,-266,0,266,BUY,3572.0
2020-08-03,RB2010.SHFE,0,260,260,BUY,3836.0
2020-08-03,RB2101.SHFE,0,-260,-260,SELL,3679.0
2020-08-05,RB2010.SHFE,260,0,-260,SELL,3832.0
2020-08-05,RB2101.SHFE,-260,0,260,BUY,3676.0
2020-10-09,RB2101.SHFE,0,275,275,BUY,3633.0
2020-10-09,RB2105.SHFE,0,-275,-275,SELL,3565.0
2020-10-12,RB2101.SHFE,275,0,-275,SELL,3637.0
2020-10-12,RB2105.SHFE,-275,0,275,BUY,3565.0
2020-12-03,RB2101.SHFE,0,258,258,BUY,3866.0
2020-12-03,RB2105.SHFE,0,-258,-258,SELL,3774.0
2020-12-07,RB2101.SHFE,258,0,-258,SELL,3980.0
2020-12-07,RB2105.SHFE,-258,0,258,BUY,3912.0
2020-12-11,RB2105.SHFE,0,247,247,BUY,4033.0
2020-12-11,RB2110.SHFE,0,-247,-247,SELL,3928.0
2021-04-02,RB2105.SHFE,247,0,-247,SELL,5157.0
2021-04-02,RB2110.SHFE,-247,195,442,BUY,5119.0
2021-04-02,RB2201.SHFE,0,-195,-195,SELL,4937.0
2021-08-12,RB2110.SHFE,195,0,-195,SELL,5385.0
2021-08-12,RB2201.SHFE,-195,183,378,BUY,5442.0
2021-08-12,RB2205.SHFE,0,-183,-183,SELL,5322.0
2021-11-18,RB2201.SHFE,183,0,-183,SELL,4169.0
2021-11-18,RB2205.SHFE,-183,264,447,BUY,3781.0
2021-11-18,RB2210.SHFE,0,-264,-264,SELL,3694.0
2022-03-25,RB2205.SHFE,264,0,-264,SELL,5013.0
2022-03-25,RB2210.SHFE,-264,201,465,BUY,4974.0
2022-03-25,RB2301.SHFE,0,-201,-201,SELL,4838.0
2022-08-30,RB2210.SHFE,201,0,-201,SELL,3875.0
2022-08-30,RB2301.SHFE,-201,273,474,BUY,3661.0
2022-08-30,RB2305.SHFE,0,-273,-273,SELL,3597.0
2022-11-30,RB2301.SHFE,273,0,-273,SELL,3748.0
2022-11-30,RB2305.SHFE,-273,268,541,BUY,3719.0
2022-11-30,RB2310.SHFE,0,-268,-268,SELL,3676.0
2023-02-10,RB2305.SHFE,268,0,-268,SELL,4074.0
2023-02-10,RB2310.SHFE,-268,0,268,BUY,4031.0
2023-02-13,RB2305.SHFE,0,250,250,BUY,3993.0
2023-02-13,RB2310.SHFE,0,-250,-250,SELL,3950.0
2023-03-02,RB2305.SHFE,250,0,-250,SELL,4225.0
2023-03-02,RB2310.SHFE,-250,0,250,BUY,4174.0
2023-03-06,RB2305.SHFE,0,237,237,BUY,4210.0
2023-03-06,RB2310.SHFE,0,-237,-237,SELL,4159.0
2023-03-13,RB2305.SHFE,237,0,-237,SELL,4371.0
2023-03-13,RB2310.SHFE,-237,0,237,BUY,4267.0
2023-03-16,RB2305.SHFE,0,237,237,BUY,4205.0
2023-03-16,RB2310.SHFE,0,-237,-237,SELL,4138.0
2023-04-03,RB2305.SHFE,237,0,-237,SELL,4044.0
2023-04-03,RB2310.SHFE,-237,248,485,BUY,4019.0
2023-04-03,RB2401.SHFE,0,-248,-248,SELL,3947.0
2023-05-08,RB2310.SHFE,248,0,-248,SELL,3732.0
2023-05-08,RB2401.SHFE,-248,0,248,BUY,3649.0
2023-09-01,RB2401.SHFE,0,262,262,BUY,3813.0
2023-09-01,RB2405.SHFE,0,-262,-262,SELL,3746.0
2023-09-06,RB2401.SHFE,262,0,-262,SELL,3817.0
2023-09-06,RB2405.SHFE,-262,0,262,BUY,3771.0
2024-01-03,RB2405.SHFE,0,246,246,BUY,4055.0
2024-01-03,RB2410.SHFE,0,-246,-246,SELL,4027.0
2024-01-04,RB2405.SHFE,246,0,-246,SELL,4046.0
2024-01-04,RB2410.SHFE,-246,0,246,BUY,4021.0
2024-01-05,RB2405.SHFE,0,251,251,BUY,3979.0
2024-01-05,RB2410.SHFE,0,-251,-251,SELL,3963.0
2024-01-08,RB2405.SHFE,251,0,-251,SELL,3950.0
2024-01-08,RB2410.SHFE,-251,0,251,BUY,3930.0
2024-01-10,RB2405.SHFE,0,257,257,BUY,3887.0
2024-01-10,RB2410.SHFE,0,-257,-257,SELL,3867.0
2024-01-11,RB2405.SHFE,257,0,-257,SELL,3926.0
2024-01-11,RB2410.SHFE,-257,0,257,BUY,3903.0
2024-03-13,RB2405.SHFE,0,279,279,BUY,3583.0
2024-03-13,RB2410.SHFE,0,-279,-279,SELL,3620.0
2024-04-01,RB2405.SHFE,279,0,-279,SELL,3456.0
2024-04-01,RB2410.SHFE,-279,286,565,BUY,3492.0
2024-04-01,RB2501.SHFE,0,-286,-286,SELL,3485.0
2024-05-08,RB2410.SHFE,286,0,-286,SELL,3674.0
2024-05-08,RB2501.SHFE,-286,0,286,BUY,3696.0
2024-11-27,RB2501.SHFE,0,302,302,BUY,3309.0
2024-11-27,RB2505.SHFE,0,-302,-302,SELL,3372.0
2024-12-05,RB2501.SHFE,302,0,-302,SELL,3280.0
2024-12-05,RB2505.SHFE,-302,299,601,BUY,3341.0
2024-12-05,RB2510.SHFE,0,-299,-299,SELL,3405.0
2024-12-06,RB2505.SHFE,299,0,-299,SELL,3311.0
2024-12-06,RB2510.SHFE,-299,0,299,BUY,3373.0
2025-07-22,RB2510.SHFE,0,302,302,BUY,3307.0
2025-07-22,RB2601.SHFE,0,-302,-302,SELL,3367.0
2025-08-27,RB2510.SHFE,302,0,-302,SELL,3111.0
2025-08-27,RB2601.SHFE,-302,0,302,BUY,3172.0
