datetime,IC.CFFEX
2022-07-25,0.0
2022-07-26,0.0
2022-07-27,0.0
2022-07-28,0.0
2022-07-29,0.0
2022-08-01,0.0
2022-08-02,0.0
2022-08-03,0.0
2022-08-04,0.0
2022-08-05,0.0
2022-08-08,20747.487999999714
2022-08-09,19147.487999999714
2022-08-10,17547.487999999714
2022-08-11,17547.487999999714
2022-08-12,22027.488000000005
2022-08-15,21387.48799999913
2022-08-16,23627.488000000005
2022-08-17,24587.488000000587
2022-08-18,14347.487999999714
2022-08-19,13067.487999999423
2022-08-22,25867.488000000878
2022-08-23,19467.487999999423
2022-08-24,16907.48799999884
2022-08-25,19467.487999999423
2022-08-26,21067.487999999423
2022-08-29,23947.487999999714
2022-08-30,25547.487999999714
2022-08-31,17867.487999999423
2022-09-01,16907.488000000296
2022-09-02,14667.487999999423
2022-09-05,15947.487999999714
2022-09-06,16907.488000000296
2022-09-07,13707.488000000296
2022-09-08,15947.487999999714
2022-09-09,7947.487999999714
2022-09-13,-2292.511999999704
2022-09-14,-17068.895999999695
2022-09-15,-17068.895999999695
2022-09-16,-17068.895999999695
2022-09-19,-17068.895999999695
2022-09-20,-17068.895999999695
2022-09-21,-17068.895999999695
2022-09-22,-17068.895999999695
2022-09-23,-17068.895999999695
2022-09-26,-17068.895999999695
2022-09-27,-17068.895999999695
2022-09-28,-17068.895999999695
2022-09-29,-17068.895999999695
2022-09-30,-17068.895999999695
2022-10-10,-17068.895999999695
2022-10-11,-17068.895999999695
2022-10-12,-17068.895999999695
2022-10-13,-17068.895999999695
2022-10-14,-17068.895999999695
2022-10-17,-17068.895999999695
2022-10-18,-17068.895999999695
2022-10-19,-17068.895999999695
2022-10-20,-17068.895999999695
2022-10-21,-17068.895999999695
2022-10-24,-17068.895999999695
2022-10-25,-17068.895999999695
2022-10-26,-17068.895999999695
2022-10-27,-17068.895999999695
2022-10-28,-17068.895999999695
2022-10-31,-17068.895999999695
2022-11-01,-17068.895999999695
2022-11-02,-17068.895999999695
2022-11-03,-17068.895999999695
2022-11-04,-17068.895999999695
2022-11-07,-17068.895999999695
2022-11-08,-17068.895999999695
2022-11-09,-21587.967999998826
2022-11-10,-40467.96799999912
2022-11-11,-42387.96799999883
2022-11-14,-45267.96799999912
2022-11-15,-30547.96799999941
2022-11-16,-38227.9679999997
2022-11-17,-38867.96799999912
2022-11-18,-64147.967999997956
2022-11-21,-66707.96799999854
2022-11-22,-62227.96799999825
2022-11-23,-55827.96799999825
2022-11-24,-55187.96799999883
2022-11-25,-62547.96799999941
2022-11-28,-65107.96799999854
2022-11-29,-62547.967999997956
2022-11-30,-70277.53599999854
2022-12-01,-70277.53599999854
2022-12-02,-70277.53599999854
2022-12-05,-70277.53599999854
2022-12-06,-70277.53599999854
2022-12-07,-70277.53599999854
2022-12-08,-70277.53599999854
2022-12-09,-70277.53599999854
2022-12-12,-70277.53599999854
2022-12-13,-70277.53599999854
2022-12-14,-70277.53599999854
2022-12-15,-70277.53599999854
2022-12-16,-70277.53599999854
2022-12-19,-70277.53599999854
2022-12-20,-70277.53599999854
2022-12-21,-70277.53599999854
2022-12-22,-70277.53599999854
2022-12-23,-70277.53599999854
2022-12-26,-70277.53599999854
2022-12-27,-70277.53599999854
2022-12-28,-70277.53599999854
2022-12-29,-70277.53599999854
2022-12-30,-70277.53599999854
2023-01-03,-70277.53599999854
2023-01-04,-70277.53599999854
2023-01-05,-70277.53599999854
2023-01-06,-70277.53599999854
2023-01-09,-70277.53599999854
2023-01-10,-70277.53599999854
2023-01-11,-70277.53599999854
2023-01-12,-70277.53599999854
2023-01-13,-70277.53599999854
2023-01-16,-70277.53599999854
2023-01-17,-70277.53599999854
2023-01-18,-70277.53599999854
2023-01-19,-70277.53599999854
2023-01-20,-70277.53599999854
2023-01-30,-70277.53599999854
2023-01-31,-70277.53599999854
2023-02-01,-70277.53599999854
2023-02-02,-70277.53599999854
2023-02-03,-70277.53599999854
2023-02-06,-70277.53599999854
2023-02-07,-70277.53599999854
2023-02-08,-70277.53599999854
2023-02-09,-70277.53599999854
2023-02-10,-70277.53599999854
2023-02-13,-70277.53599999854
2023-02-14,-70277.53599999854
2023-02-15,-70277.53599999854
2023-02-16,-70277.53599999854
2023-02-17,-70277.53599999854
2023-02-20,-70277.53599999854
2023-02-21,-70277.53599999854
2023-02-22,-70277.53599999854
2023-02-23,-70277.53599999854
2023-02-24,-70277.53599999854
2023-02-27,-70277.53599999854
2023-02-28,-70277.53599999854
2023-03-01,-70277.53599999854
2023-03-02,-70277.53599999854
2023-03-03,-70277.53599999854
2023-03-06,-70277.53599999854
2023-03-07,-70277.53599999854
2023-03-08,-70277.53599999854
2023-03-09,-70277.53599999854
2023-03-10,-70277.53599999854
2023-03-13,-70277.53599999854
2023-03-14,-70277.53599999854
2023-03-15,-70277.53599999854
2023-03-16,-70277.53599999854
2023-03-17,-70277.53599999854
2023-03-20,-70277.53599999854
2023-03-21,-70277.53599999854
2023-03-22,-70277.53599999854
2023-03-23,-70277.53599999854
2023-03-24,-70277.53599999854
2023-03-27,-70277.53599999854
2023-03-28,-70277.53599999854
2023-03-29,-70277.53599999854
2023-03-30,-70277.53599999854
2023-03-31,-70277.53599999854
2023-04-03,-70277.53599999854
2023-04-04,-70277.53599999854
2023-04-06,-70277.53599999854
2023-04-07,-70277.53599999854
2023-04-10,-70277.53599999854
2023-04-11,-70277.53599999854
2023-04-12,-70277.53599999854
2023-04-13,-70277.53599999854
2023-04-14,-70277.53599999854
2023-04-17,-70277.53599999854
2023-04-18,-70277.53599999854
2023-04-19,-70277.53599999854
2023-04-20,-70277.53599999854
2023-04-21,-70277.53599999854
2023-04-24,-70277.53599999854
2023-04-25,-70277.53599999854
2023-04-26,-70277.53599999854
2023-04-27,-70277.53599999854
2023-04-28,-70277.53599999854
2023-05-04,-70277.53599999854
2023-05-05,-70277.53599999854
2023-05-08,-70277.53599999854
2023-05-09,-70277.53599999854
2023-05-10,-70277.53599999854
2023-05-11,-70277.53599999854
2023-05-12,-70277.53599999854
2023-05-15,-70277.53599999854
2023-05-16,-70277.53599999854
2023-05-17,-70277.53599999854
2023-05-18,-70277.53599999854
2023-05-19,-70277.53599999854
2023-05-22,-70277.53599999854
2023-05-23,-70277.53599999854
2023-05-24,-70277.53599999854
2023-05-25,-70277.53599999854
2023-05-26,-70277.53599999854
2023-05-29,-70277.53599999854
2023-05-30,-70277.53599999854
2023-05-31,-70277.53599999854
2023-06-01,-70277.53599999854
2023-06-02,-70277.53599999854
2023-06-05,-70277.53599999854
2023-06-06,-70277.53599999854
2023-06-07,-70277.53599999854
2023-06-08,-70277.53599999854
2023-06-09,-70277.53599999854
2023-06-12,-70277.53599999854
2023-06-13,-70277.53599999854
2023-06-14,-70277.53599999854
2023-06-15,-70277.53599999854
2023-06-16,-70277.53599999854
2023-06-19,-70277.53599999854
2023-06-20,-70277.53599999854
2023-06-21,-70277.53599999854
2023-06-26,-70277.53599999854
2023-06-27,-70277.53599999854
2023-06-28,-70277.53599999854
2023-06-29,-70277.53599999854
2023-06-30,-70277.53599999854
2023-07-03,-70277.53599999854
2023-07-04,-70277.53599999854
2023-07-05,-70277.53599999854
2023-07-06,-70277.53599999854
2023-07-07,-70277.53599999854
2023-07-10,-70277.53599999854
2023-07-11,-70277.53599999854
2023-07-12,-70277.53599999854
2023-07-13,-70277.53599999854
2023-07-14,-70277.53599999854
2023-07-17,-70277.53599999854
2023-07-18,-70277.53599999854
2023-07-19,-70277.53599999854
2023-07-20,-70277.53599999854
2023-07-21,-70277.53599999854
2023-07-24,-70277.53599999854
2023-07-25,-70277.53599999854
2023-07-26,-70277.53599999854
2023-07-27,-70277.53599999854
2023-07-28,-70277.53599999854
2023-07-31,-70277.53599999854
2023-08-01,-70277.53599999854
2023-08-02,-70277.53599999854
2023-08-03,-70277.53599999854
2023-08-04,-70277.53599999854
2023-08-07,-70277.53599999854
2023-08-08,-70277.53599999854
2023-08-09,-70277.53599999854
2023-08-10,-70277.53599999854
2023-08-11,-70277.53599999854
2023-08-14,-70277.53599999854
2023-08-15,-70277.53599999854
2023-08-16,-70277.53599999854
2023-08-17,-70277.53599999854
2023-08-18,-70277.53599999854
2023-08-21,-70277.53599999854
2023-08-22,-70277.53599999854
2023-08-23,-70277.53599999854
2023-08-24,-70277.53599999854
2023-08-25,-70277.53599999854
2023-08-28,-70277.53599999854
2023-08-29,-70277.53599999854
2023-08-30,-78210.62399999736
2023-08-31,-73090.62399999911
2023-09-01,-67970.62399999794
2023-09-04,-69570.62399999794
2023-09-05,-71490.62399999911
2023-09-06,-64130.62399999853
2023-09-07,-64450.623999998235
2023-09-08,-56450.623999998235
2023-09-11,-54850.623999998235
2023-09-12,-66690.62399999765
2023-09-13,-77814.11199999794
2023-09-14,-77814.11199999794
2023-09-15,-133404.79999999708
2023-09-18,-108716.47999999707
2023-09-19,-108716.47999999707
2023-09-20,-108716.47999999707
2023-09-21,-108716.47999999707
2023-09-22,-108716.47999999707
2023-09-25,-108716.47999999707
2023-09-26,-108716.47999999707
2023-09-27,-108716.47999999707
2023-09-28,-108716.47999999707
2023-10-09,-108716.47999999707
2023-10-10,-108716.47999999707
2023-10-11,-108716.47999999707
2023-10-12,-108716.47999999707
2023-10-13,-108716.47999999707
2023-10-16,-108716.47999999707
2023-10-17,-108716.47999999707
2023-10-18,-108716.47999999707
2023-10-19,-108716.47999999707
2023-10-20,-108716.47999999707
2023-10-23,-108716.47999999707
2023-10-24,-108716.47999999707
2023-10-25,-108716.47999999707
2023-10-26,-108716.47999999707
2023-10-27,-108716.47999999707
2023-10-30,-108716.47999999707
2023-10-31,-108716.47999999707
2023-11-01,-108716.47999999707
2023-11-02,-108716.47999999707
2023-11-03,-108716.47999999707
2023-11-06,-108716.47999999707
2023-11-07,-108716.47999999707
2023-11-08,-108716.47999999707
2023-11-09,-94180.25599999736
2023-11-10,-93860.25599999765
2023-11-13,-74020.25599999678
2023-11-14,-78500.25599999707
2023-11-15,-68580.25599999736
2023-11-16,-71780.25599999736
2023-11-17,-67300.25599999707
2023-11-20,-64740.25599999794
2023-11-21,-66221.75999999823
2023-11-22,-66221.75999999823
2023-11-23,-66221.75999999823
2023-11-24,-66221.75999999823
2023-11-27,-66221.75999999823
2023-11-28,-66221.75999999823
2023-11-29,-66221.75999999823
2023-11-30,-66221.75999999823
2023-12-01,-66221.75999999823
2023-12-04,-66221.75999999823
2023-12-05,-66221.75999999823
2023-12-06,-66221.75999999823
2023-12-07,-66221.75999999823
2023-12-08,-66221.75999999823
2023-12-11,-66221.75999999823
2023-12-12,-66221.75999999823
2023-12-13,-66221.75999999823
2023-12-14,-66221.75999999823
2023-12-15,-66221.75999999823
2023-12-18,-66221.75999999823
2023-12-19,-66221.75999999823
2023-12-20,-66221.75999999823
2023-12-21,-66221.75999999823
2023-12-22,-66221.75999999823
2023-12-25,-66221.75999999823
2023-12-26,-66221.75999999823
2023-12-27,-66221.75999999823
2023-12-28,-66221.75999999823
2023-12-29,-66221.75999999823
2024-01-02,-66221.75999999823
2024-01-03,-66221.75999999823
2024-01-04,-66221.75999999823
2024-01-05,-66221.75999999823
2024-01-08,-66221.75999999823
2024-01-09,-66221.75999999823
2024-01-10,-66221.75999999823
2024-01-11,-66221.75999999823
2024-01-12,-66221.75999999823
2024-01-15,-66221.75999999823
2024-01-16,-66221.75999999823
2024-01-17,-66221.75999999823
2024-01-18,-66221.75999999823
2024-01-19,-66221.75999999823
2024-01-22,-66221.75999999823
2024-01-23,-66221.75999999823
2024-01-24,-66221.75999999823
2024-01-25,-66221.75999999823
2024-01-26,-66221.75999999823
2024-01-29,-66221.75999999823
2024-01-30,-66221.75999999823
2024-01-31,-66221.75999999823
2024-02-01,-66221.75999999823
2024-02-02,-82449.5199999997
2024-02-05,-47249.519999999
2024-02-06,-65649.51999999877
2024-02-07,-176449.51999999807
2024-02-08,-149249.51999999734
2024-02-19,-140449.5199999999
2024-02-20,-138449.5199999999
2024-02-21,-161249.51999999917
2024-02-22,-154849.51999999955
2024-02-23,-151649.51999999883
2024-02-26,-147249.5199999992
2024-02-27,-154449.51999999816
2024-02-28,-156449.51999999996
2024-02-29,-171249.5199999992
2024-03-01,-182849.51999999775
2024-03-04,-164449.5199999981
2024-03-05,-142849.51999999775
2024-03-06,-140049.51999999848
2024-03-07,-148049.5200000003
2024-03-08,-141249.51999999923
2024-03-11,-149249.51999999923
2024-03-12,-173018.5999999996
2024-03-13,-173018.5999999996
2024-03-14,-173018.5999999996
2024-03-15,-310675.6520000006
2024-03-18,-333979.35199999996
2024-03-19,-333979.35199999996
2024-03-20,-333979.35199999996
2024-03-21,-333979.35199999996
2024-03-22,-333979.35199999996
2024-03-25,-333979.35199999996
2024-03-26,-333979.35199999996
2024-03-27,-333979.35199999996
2024-03-28,-333979.35199999996
2024-03-29,-333979.35199999996
2024-04-01,-333979.35199999996
2024-04-02,-333979.35199999996
2024-04-03,-333979.35199999996
2024-04-08,-333979.35199999996
2024-04-09,-333979.35199999996
2024-04-10,-333979.35199999996
2024-04-11,-333979.35199999996
2024-04-12,-333979.35199999996
2024-04-15,-333979.35199999996
2024-04-16,-333979.35199999996
2024-04-17,-333979.35199999996
2024-04-18,-333979.35199999996
2024-04-19,-333979.35199999996
2024-04-22,-333979.35199999996
2024-04-23,-333979.35199999996
2024-04-24,-333979.35199999996
2024-04-25,-333979.35199999996
2024-04-26,-333979.35199999996
2024-04-29,-333979.35199999996
2024-04-30,-333979.35199999996
2024-05-06,-333979.35199999996
2024-05-07,-333431.3600000006
2024-05-08,-323351.36
2024-05-09,-324791.36000000034
2024-05-10,-318311.3599999997
2024-05-13,-318311.3599999997
2024-05-14,-323711.3599999997
2024-05-15,-325151.36000000004
2024-05-16,-323351.3600000017
2024-05-17,-329111.3600000014
2024-05-20,-326951.3600000001
2024-05-21,-329471.35999999946
2024-05-22,-321191.36000000045
2024-05-23,-330551.3600000001
2024-05-24,-325511.3600000014
2024-05-27,-313271.36000000103
2024-05-28,-312191.3600000004
2024-05-29,-311831.36000000074
2024-05-30,-309311.35999999975
2024-05-31,-300052.9160000001
2024-06-03,-300052.9160000001
2024-06-04,-300052.9160000001
2024-06-05,-297269.9359999994
2024-06-06,-278637.2360000001
2024-06-07,-278637.2360000001
2024-06-11,-278637.2360000001
2024-06-12,-278637.2360000001
2024-06-13,-278637.2360000001
2024-06-14,-278637.2360000001
2024-06-17,-278637.2360000001
2024-06-18,-278637.2360000001
2024-06-19,-278637.2360000001
2024-06-20,-278637.2360000001
2024-06-21,-278637.2360000001
2024-06-24,-278637.2360000001
2024-06-25,-278637.2360000001
2024-06-26,-278637.2360000001
2024-06-27,-278637.2360000001
2024-06-28,-278637.2360000001
2024-07-01,-278637.2360000001
2024-07-02,-278637.2360000001
2024-07-03,-278637.2360000001
2024-07-04,-278637.2360000001
2024-07-05,-278637.2360000001
2024-07-08,-278637.2360000001
2024-07-09,-278637.2360000001
2024-07-10,-278637.2360000001
2024-07-11,-278637.2360000001
2024-07-12,-278637.2360000001
2024-07-15,-278637.2360000001
2024-07-16,-278637.2360000001
2024-07-17,-278637.2360000001
2024-07-18,-278637.2360000001
2024-07-19,-278637.2360000001
2024-07-22,-278637.2360000001
2024-07-23,-278637.2360000001
2024-07-24,-278637.2360000001
2024-07-25,-278637.2360000001
2024-07-26,-278637.2360000001
2024-07-29,-278637.2360000001
2024-07-30,-278637.2360000001
2024-07-31,-278637.2360000001
2024-08-01,-278637.2360000001
2024-08-02,-258139.15599999862
2024-08-05,-253739.155999999
2024-08-06,-253739.155999999
2024-08-07,-257739.155999999
2024-08-08,-267339.1559999994
2024-08-09,-259339.15599999938
2024-08-12,-263339.1559999994
2024-08-13,-262939.1559999997
2024-08-14,-264939.15599999786
2024-08-15,-269339.1559999993
2024-08-16,-272939.15599999967
2024-08-19,-272139.15599999856
2024-08-20,-268139.15599999856
2024-08-21,-274139.15599999856
2024-08-22,-269339.15599999926
2024-08-23,-276139.15599999856
2024-08-26,-274139.15599999856
2024-08-27,-277739.1559999989
2024-08-28,-271339.15599999926
2024-08-29,-299118.3559999993
2024-08-30,-284927.2359999993
2024-09-02,-273727.2359999985
2024-09-03,-274927.2359999992
2024-09-04,-270527.23599999957
2024-09-05,-272927.2359999992
2024-09-06,-265327.23599999887
2024-09-09,-266527.23599999776
2024-09-10,-262527.23599999776
2024-09-11,-252527.23599999957
2024-09-12,-256927.23599999922
2024-09-13,-261327.23599999887
2024-09-18,-264294.5159999978
2024-09-19,-264294.5159999978
2024-09-20,-264294.5159999978
2024-09-23,-264294.5159999978
2024-09-24,-264294.5159999978
2024-09-25,-264294.5159999978
2024-09-26,-264294.5159999978
2024-09-27,-264294.5159999978
2024-09-30,-264294.5159999978
2024-10-08,-264294.5159999978
2024-10-09,-264294.5159999978
2024-10-10,-264294.5159999978
2024-10-11,-264294.5159999978
2024-10-14,-264294.5159999978
2024-10-15,-264294.5159999978
2024-10-16,-264294.5159999978
2024-10-17,-264294.5159999978
2024-10-18,-264294.5159999978
2024-10-21,-264294.5159999978
2024-10-22,-264294.5159999978
2024-10-23,-264294.5159999978
2024-10-24,-264294.5159999978
2024-10-25,-264294.5159999978
2024-10-28,-264294.5159999978
2024-10-29,-264294.5159999978
2024-10-30,-264294.5159999978
2024-10-31,-264294.5159999978
2024-11-01,-264294.5159999978
2024-11-04,-273834.0679999981
2024-11-05,-266794.06799999723
2024-11-06,-274154.0679999978
2024-11-07,-266794.06799999723
2024-11-08,-266474.0679999975
2024-11-11,-246954.06799999782
2024-11-12,-242154.06799999782
2024-11-13,-238634.0679999981
2024-11-14,-243434.0679999981
2024-11-15,-266794.06799999723
2024-11-18,-262634.0679999981
2024-11-19,-262314.0679999984
2024-11-20,-239594.06799999723
2024-11-21,-248234.0679999981
2024-11-22,-244394.06799999723
2024-11-25,-246314.06799999694
2024-11-26,-246634.06799999665
2024-11-27,-246634.06799999665
2024-11-28,-248234.06799999665
2024-11-29,-246634.0679999981
2024-12-02,-244714.06799999694
2024-12-03,-243114.0679999984
2024-12-04,-240234.0679999981
2024-12-05,-226794.06799999723
2024-12-06,-227434.0679999981
2024-12-09,-226794.06799999723
2024-12-10,-231914.0679999984
2024-12-11,-231274.06799999753
2024-12-12,-234474.06799999753
2024-12-13,-222954.06799999782
2024-12-16,-234794.06799999723
2024-12-17,-237034.06799999665
2024-12-18,-231224.65999999782
2024-12-19,-231224.65999999782
2024-12-20,-225108.3399999978
2024-12-23,-231492.17999999723
2024-12-24,-231492.17999999723
2024-12-25,-231492.17999999723
2024-12-26,-231492.17999999723
2024-12-27,-231492.17999999723
2024-12-30,-231492.17999999723
2024-12-31,-231492.17999999723
2025-01-02,-231492.17999999723
2025-01-03,-231492.17999999723
2025-01-06,-231492.17999999723
2025-01-07,-231492.17999999723
2025-01-08,-231492.17999999723
2025-01-09,-231492.17999999723
2025-01-10,-231492.17999999723
2025-01-13,-231492.17999999723
2025-01-14,-231492.17999999723
2025-01-15,-231492.17999999723
2025-01-16,-231492.17999999723
2025-01-17,-231492.17999999723
2025-01-20,-231492.17999999723
2025-01-21,-231492.17999999723
2025-01-22,-231492.17999999723
2025-01-23,-231492.17999999723
2025-01-24,-231492.17999999723
2025-01-27,-231492.17999999723
2025-02-05,-231492.17999999723
2025-02-06,-256934.64399999753
2025-02-07,-255654.64399999724
2025-02-10,-252774.6439999984
2025-02-11,-250534.64399999753
2025-02-12,-247334.64399999753
2025-02-13,-246374.6439999984
2025-02-14,-245734.64399999753
2025-02-17,-239654.6439999987
2025-02-18,-238054.64399999724
2025-02-19,-237734.64399999898
2025-02-20,-231974.6439999984
2025-02-21,-229734.64399999753
2025-02-24,-226214.64399999782
2025-02-25,-220774.6439999984
2025-02-26,-197094.6439999981
2025-02-27,-198374.6439999984
2025-02-28,-204454.6439999987
2025-03-03,-206694.6439999981
2025-03-04,-197094.6439999981
2025-03-05,-184934.64399999753
2025-03-06,-194214.64399999782
2025-03-07,-189414.64399999782
2025-03-10,-182374.6439999984
2025-03-11,-163494.6439999981
2025-03-12,-155814.64399999782
2025-03-13,-163814.64399999782
2025-03-14,-184294.6439999981
2025-03-17,-178214.64399999782
2025-03-18,-172134.64399999898
2025-03-19,-182063.57199999754
2025-03-20,-182063.57199999754
2025-03-21,-182063.57199999754
2025-03-24,-182063.57199999754
2025-03-25,-182063.57199999754
2025-03-26,-182063.57199999754
2025-03-27,-182063.57199999754
2025-03-28,-182063.57199999754
2025-03-31,-182063.57199999754
2025-04-01,-182063.57199999754
2025-04-02,-182063.57199999754
2025-04-03,-182063.57199999754
2025-04-07,-182063.57199999754
2025-04-08,-182063.57199999754
2025-04-09,-182063.57199999754
2025-04-10,-182063.57199999754
2025-04-11,-182063.57199999754
2025-04-14,-182063.57199999754
2025-04-15,-182063.57199999754
2025-04-16,-182063.57199999754
2025-04-17,-182063.57199999754
2025-04-18,-182063.57199999754
2025-04-21,-182063.57199999754
2025-04-22,-182063.57199999754
2025-04-23,-182063.57199999754
2025-04-24,-182063.57199999754
2025-04-25,-182063.57199999754
2025-04-28,-182063.57199999754
2025-04-29,-182063.57199999754
2025-04-30,-182063.57199999754
2025-05-06,-182063.57199999754
2025-05-07,-182063.57199999754
2025-05-08,-182063.57199999754
2025-05-09,-182063.57199999754
2025-05-12,-182063.57199999754
2025-05-13,-182063.57199999754
2025-05-14,-182063.57199999754
2025-05-15,-182063.57199999754
2025-05-16,-182063.57199999754
2025-05-19,-182063.57199999754
2025-05-20,-182063.57199999754
2025-05-21,-182063.57199999754
2025-05-22,-182063.57199999754
2025-05-23,-182063.57199999754
2025-05-26,-182063.57199999754
2025-05-27,-182063.57199999754
2025-05-28,-182063.57199999754
2025-05-29,-182063.57199999754
2025-05-30,-182063.57199999754
2025-06-03,-182063.57199999754
2025-06-04,-182063.57199999754
2025-06-05,-182063.57199999754
2025-06-06,-182063.57199999754
2025-06-09,-182063.57199999754
2025-06-10,-182063.57199999754
2025-06-11,-182063.57199999754
2025-06-12,-182063.57199999754
2025-06-13,-182063.57199999754
2025-06-16,-182063.57199999754
2025-06-17,-182063.57199999754
2025-06-18,-182063.57199999754
2025-06-19,-182063.57199999754
2025-06-20,-182063.57199999754
2025-06-23,-182063.57199999754
2025-06-24,-182063.57199999754
2025-06-25,-182063.57199999754
2025-06-26,-182063.57199999754
2025-06-27,-182063.57199999754
2025-06-30,-182063.57199999754
2025-07-01,-182063.57199999754
2025-07-02,-182063.57199999754
2025-07-03,-182063.57199999754
2025-07-04,-182063.57199999754
2025-07-07,-182063.57199999754
2025-07-08,-182063.57199999754
2025-07-09,-182063.57199999754
2025-07-10,-182063.57199999754
2025-07-11,-182063.57199999754
2025-07-14,-182063.57199999754
2025-07-15,-182063.57199999754
2025-07-16,-182063.57199999754
2025-07-17,-182063.57199999754
2025-07-18,-182063.57199999754
2025-07-21,-182063.57199999754
2025-07-22,-182063.57199999754
2025-07-23,-182063.57199999754
2025-07-24,-182063.57199999754
2025-07-25,-182063.57199999754
2025-07-28,-182063.57199999754
2025-07-29,-182063.57199999754
2025-07-30,-182063.57199999754
2025-07-31,-182063.57199999754
2025-08-01,-182063.57199999754
2025-08-04,-182063.57199999754
2025-08-05,-182063.57199999754
2025-08-06,-182063.57199999754
2025-08-07,-182063.57199999754
2025-08-08,-182063.57199999754
2025-08-11,-182063.57199999754
2025-08-12,-182063.57199999754
2025-08-13,-182063.57199999754
2025-08-14,-182063.57199999754
2025-08-15,-163388.691999997
2025-08-18,-184668.69199999803
2025-08-19,-162828.69199999754
2025-08-20,-178228.69199999754
2025-08-21,-178508.69199999855
2025-08-22,-184388.6919999983
2025-08-25,-180188.691999997
2025-08-26,-176268.69199999803
2025-08-27,-157788.691999997
2025-08-28,-152748.6919999978
2025-08-29,-137628.69199999754
2025-09-01,-135948.6919999978
2025-09-02,-137628.69199999757
2025-09-03,-121388.69199999704
2025-09-04,-120268.69199999806
2025-09-05,-130068.69199999678
2025-09-08,-128108.69199999729
2025-09-09,-107668.69199999678
2025-09-10,-101788.69199999831
2025-09-11,-137068.69199999672
2025-09-12,-142948.69199999774
2025-09-15,-109908.69199999725
2025-09-16,-120004.23199999749
2025-09-17,-120004.23199999749
2025-09-18,-120004.23199999749
2025-09-19,-120004.23199999749
2025-09-22,-120004.23199999749
2025-09-23,-120004.23199999749
2025-09-24,-120004.23199999749
2025-09-25,-120004.23199999749
2025-09-26,-120004.23199999749
2025-09-29,-120004.23199999749
2025-09-30,-120004.23199999749
2025-10-09,-120004.23199999749
2025-10-10,-120004.23199999749
2025-10-13,-120004.23199999749
2025-10-14,-120004.23199999749
2025-10-15,-120004.23199999749
2025-10-16,-120004.23199999749
2025-10-17,-120004.23199999749
2025-10-20,-120004.23199999749
2025-10-21,-120004.23199999749
2025-10-22,-120004.23199999749
2025-10-23,-120004.23199999749
2025-10-24,-120004.23199999749
2025-10-27,-120004.23199999749
2025-10-28,-120004.23199999749
2025-10-29,-120004.23199999749
2025-10-30,-120004.23199999749
2025-10-31,-120004.23199999749
2025-11-03,-120004.23199999749
2025-11-04,-124118.28799999642
2025-11-05,-119558.2879999973
2025-11-06,-119078.28799999773
2025-11-07,-118598.28799999708
2025-11-10,-116198.28799999708
2025-11-11,-118118.28799999751
2025-11-12,-113798.28799999708
2025-11-13,-103238.28799999684
2025-11-14,-108278.28799999772
2025-11-17,-101558.28799999728
2025-11-18,-101798.28799999706
2025-11-19,-105878.28799999662
2025-11-20,-106838.28799999684
2025-11-21,-123878.28799999772
2025-11-24,-128198.28799999706
2025-11-25,-124358.28799999728
2025-11-26,-124598.28799999815
2025-11-27,-120278.28799999772
2025-11-28,-113318.2879999975
2025-12-01,-112598.28799999706
2025-12-02,-114278.28799999772
2025-12-03,-118358.28799999728
2025-12-04,-115958.28799999728
2025-12-05,-111398.28799999706
2025-12-08,-115718.2879999975
2025-12-09,-109718.2879999975
2025-12-10,-107318.2879999975
2025-12-11,-104678.28799999772
2025-12-12,-110918.2879999975
2025-12-15,-111158.28799999728
2025-12-16,-136842.72799999727
2025-12-17,-136842.72799999727
2025-12-18,-136842.72799999727
2025-12-19,-136842.72799999727
2025-12-22,-136842.72799999727
2025-12-23,-136842.72799999727
2025-12-24,-136842.72799999727
2025-12-25,-136842.72799999727
2025-12-26,-136842.72799999727
2025-12-29,-136842.72799999727
2025-12-30,-136842.72799999727
2025-12-31,-136842.72799999727
2026-01-05,-136842.72799999727
2026-01-06,-136842.72799999727
2026-01-07,-136842.72799999727
2026-01-08,-136842.72799999727
2026-01-09,-136842.72799999727
2026-01-12,-136842.72799999727
2026-01-13,-136842.72799999727
2026-01-14,-136842.72799999727
2026-01-15,-136842.72799999727
2026-01-16,-136842.72799999727
2026-01-19,-136842.72799999727
2026-01-20,-136842.72799999727
2026-01-21,-136842.72799999727
2026-01-22,-136842.72799999727
2026-01-23,-136842.72799999727
2026-01-26,-136842.72799999727
2026-01-27,-136842.72799999727
2026-01-28,-136842.72799999727
2026-01-29,-136842.72799999727
2026-01-30,-136842.72799999727
2026-02-02,-136842.72799999727
2026-02-03,-147894.7279999977
2026-02-04,-141654.72799999683
2026-02-05,-129174.72799999724
2026-02-06,-136614.7279999981
2026-02-09,-143094.72799999767
2026-02-10,-136854.7279999979
2026-02-11,-137334.72799999855
2026-02-12,-140214.7279999981
2026-02-13,-127494.72799999767
2026-02-24,-139494.72799999767
2026-02-25,-148854.7279999968
2026-02-26,-126774.72799999724
2026-02-27,-114534.72799999855
2026-03-02,-108774.72799999724
2026-03-03,-102774.72799999613
2026-03-04,-86454.72799999788
2026-03-05,-57174.72799999722
2026-03-06,-52614.727999997005
2026-03-09,-36534.72799999744
2026-03-10,-73254.72799999677
2026-03-11,-66054.72799999677
2026-03-12,-38037.65599999677
2026-03-13,-38037.65599999677
2026-03-16,-38037.65599999677
2026-03-17,-38037.65599999677
2026-03-18,-38037.65599999677
2026-03-19,-38037.65599999677
2026-03-20,-38037.65599999677
2026-03-23,-38037.65599999677
2026-03-24,-38037.65599999677
2026-03-25,-38037.65599999677
2026-03-26,-38037.65599999677
2026-03-27,-38037.65599999677
2026-03-30,-38037.65599999677
2026-03-31,-38037.65599999677
2026-04-01,-38037.65599999677
2026-04-02,-38037.65599999677
2026-04-03,-38037.65599999677
2026-04-07,-38037.65599999677
2026-04-08,-38037.65599999677
2026-04-09,-38037.65599999677
2026-04-10,-38037.65599999677
2026-04-13,-38037.65599999677
2026-04-14,-38037.65599999677
2026-04-15,-38037.65599999677
2026-04-16,-38037.65599999677
2026-04-17,-38037.65599999677
2026-04-20,-38037.65599999677
2026-04-21,-38037.65599999677
2026-04-22,-38037.65599999677
2026-04-23,-38037.65599999677
2026-04-24,-38037.65599999677
2026-04-27,-38037.65599999677
2026-04-28,-38037.65599999677
2026-04-29,-38037.65599999677
2026-04-30,-38037.65599999677
2026-05-06,-38037.65599999677
2026-05-07,-39334.69599999713
2026-05-08,-39734.695999996766
2026-05-11,-30934.695999995674
2026-05-12,-30734.695999996766
2026-05-13,-29934.69599999566
2026-05-14,-30734.695999996737
2026-05-15,-36334.695999997115
2026-05-18,-22934.69599999566
2026-05-19,-18934.69599999566
2026-05-20,1265.3040000032488
2026-05-21,-10134.695999997304
2026-05-22,-6334.695999995296
2026-05-25,7665.304000002885
2026-05-26,12265.304000003249
2026-05-27,9065.304000002521
2026-05-28,14065.30400000434
2026-05-29,20465.304000003962
2026-06-01,11065.304000004326
2026-06-02,3465.3040000030524
2026-06-03,10265.304000004144
2026-06-04,10265.304000004144
2026-06-05,19665.30400000378
2026-06-08,9465.304000003984
2026-06-09,21865.304000003634
2026-06-10,22465.30400000308
2026-06-11,19665.30400000381
2026-06-12,19465.30400000308
2026-06-15,8065.304000002558
2026-06-16,-8792.195999996351
2026-06-17,-8792.195999996351
2026-06-18,-8792.195999996351
2026-06-22,-8792.195999996351
2026-06-23,-8792.195999996351
2026-06-24,-8792.195999996351
2026-06-25,-8792.195999996351
2026-06-26,-8792.195999996351
2026-06-29,-8792.195999996351
2026-06-30,-8792.195999996351
2026-07-01,-8792.195999996351
2026-07-02,-8792.195999996351
2026-07-03,-8792.195999996351
2026-07-06,-8792.195999996351
2026-07-07,-8792.195999996351
2026-07-08,-8792.195999996351
2026-07-09,-8792.195999996351
2026-07-10,-8792.195999996351
2026-07-13,-8792.195999996351
2026-07-14,-8792.195999996351
