datetime,IF.CFFEX
2022-07-25,0.0
2022-07-26,0.0
2022-07-27,0.0
2022-07-28,0.0
2022-07-29,0.0
2022-08-01,0.0
2022-08-02,0.0
2022-08-03,0.0
2022-08-04,0.0
2022-08-05,0.0
2022-08-08,0.0
2022-08-09,0.0
2022-08-10,0.0
2022-08-11,0.0
2022-08-12,0.0
2022-08-15,0.0
2022-08-16,0.0
2022-08-17,0.0
2022-08-18,0.0
2022-08-19,-1748.4180000019114
2022-08-22,-3428.41800000229
2022-08-23,771.5819999996202
2022-08-24,771.5819999986888
2022-08-25,-1748.4180000018932
2022-08-26,-5528.418000002275
2022-08-29,-5528.418000001322
2022-08-30,-6788.418000001131
2022-08-31,-10148.41800000094
2022-09-01,-16475.214000000564
2022-09-02,-11218.062000000562
2022-09-05,-11218.30200000013
2022-09-06,-11218.30200000013
2022-09-07,-11218.30200000013
2022-09-08,-11218.30200000013
2022-09-09,-11218.30200000013
2022-09-13,-11218.30200000013
2022-09-14,-11218.30200000013
2022-09-15,-11218.30200000013
2022-09-16,-11218.30200000013
2022-09-19,-11218.30200000013
2022-09-20,-11218.30200000013
2022-09-21,-11218.30200000013
2022-09-22,-11218.30200000013
2022-09-23,-11218.30200000013
2022-09-26,-11218.30200000013
2022-09-27,-11218.30200000013
2022-09-28,-11218.30200000013
2022-09-29,-11218.30200000013
2022-09-30,-11218.30200000013
2022-10-10,-11218.30200000013
2022-10-11,-31251.10199999991
2022-10-12,-23571.102000000334
2022-10-13,-25491.10199999968
2022-10-14,-16371.102000000348
2022-10-17,-26370.174000000567
2022-10-18,-26370.174000000567
2022-10-19,-26370.174000000567
2022-10-20,-26370.174000000567
2022-10-21,-26370.174000000567
2022-10-24,-26370.174000000567
2022-10-25,-26370.174000000567
2022-10-26,-26370.174000000567
2022-10-27,-26370.174000000567
2022-10-28,-26370.174000000567
2022-10-31,-26370.174000000567
2022-11-01,-26370.174000000567
2022-11-02,-26370.174000000567
2022-11-03,-26370.174000000567
2022-11-04,-26370.174000000567
2022-11-07,-26370.174000000567
2022-11-08,-26370.174000000567
2022-11-09,-26370.174000000567
2022-11-10,-26370.174000000567
2022-11-11,-26370.174000000567
2022-11-14,-26370.174000000567
2022-11-15,-26370.174000000567
2022-11-16,-26370.174000000567
2022-11-17,-26370.174000000567
2022-11-18,-27731.694000001
2022-11-21,-32531.694000001
2022-11-22,-33011.69400000056
2022-11-23,-38291.69400000013
2022-11-24,-37811.69400000056
2022-11-25,-39251.69400000144
2022-11-28,-38291.69400000013
2022-11-29,-41171.694000000825
2022-11-30,-34451.69400000039
2022-12-01,-44051.69400000039
2022-12-02,-55091.69400000126
2022-12-05,-47411.69400000059
2022-12-06,-45971.69399999972
2022-12-07,-47891.69400000125
2022-12-08,-45011.69400000059
2022-12-09,-43091.694000000156
2022-12-12,-51251.694000001466
2022-12-13,-53651.694000000374
2022-12-14,-67571.69399999973
2022-12-15,-81011.6940000006
2022-12-16,-97306.49400000059
2022-12-19,-97306.49400000059
2022-12-20,-99182.91000000059
2022-12-21,-98702.90999999993
2022-12-22,-94862.91000000015
2022-12-23,-96782.91000000059
2022-12-26,-101582.91000000059
2022-12-27,-102542.9100000008
2022-12-28,-118815.9180000008
2022-12-29,-118815.9180000008
2022-12-30,-118815.9180000008
2023-01-03,-118815.9180000008
2023-01-04,-118815.9180000008
2023-01-05,-118815.9180000008
2023-01-06,-118815.9180000008
2023-01-09,-118815.9180000008
2023-01-10,-118815.9180000008
2023-01-11,-118815.9180000008
2023-01-12,-118815.9180000008
2023-01-13,-118815.9180000008
2023-01-16,-118815.9180000008
2023-01-17,-118815.9180000008
2023-01-18,-118815.9180000008
2023-01-19,-118815.9180000008
2023-01-20,-118815.9180000008
2023-01-30,-118815.9180000008
2023-01-31,-118815.9180000008
2023-02-01,-118815.9180000008
2023-02-02,-118815.9180000008
2023-02-03,-118815.9180000008
2023-02-06,-118815.9180000008
2023-02-07,-118815.9180000008
2023-02-08,-118815.9180000008
2023-02-09,-118815.9180000008
2023-02-10,-118815.9180000008
2023-02-13,-118815.9180000008
2023-02-14,-118815.9180000008
2023-02-15,-118815.9180000008
2023-02-16,-118815.9180000008
2023-02-17,-118815.9180000008
2023-02-20,-118815.9180000008
2023-02-21,-111683.11800000255
2023-02-22,-111203.1180000008
2023-02-23,-109283.11800000037
2023-02-24,-108803.1180000008
2023-02-27,-112643.11800000058
2023-02-28,-117923.11800000124
2023-03-01,-117443.11800000168
2023-03-02,-113603.1180000008
2023-03-03,-117443.11800000168
2023-03-06,-116003.1180000008
2023-03-07,-113123.11800000124
2023-03-08,-116483.11800000037
2023-03-09,-109283.11800000037
2023-03-10,-114563.11800000104
2023-03-13,-112643.1180000006
2023-03-14,-108323.11800000016
2023-03-15,-113123.11800000016
2023-03-16,-134703.19800000085
2023-03-17,-134703.19800000085
2023-03-20,-134703.19800000085
2023-03-21,-134703.19800000085
2023-03-22,-134703.19800000085
2023-03-23,-134703.19800000085
2023-03-24,-134703.19800000085
2023-03-27,-134703.19800000085
2023-03-28,-134703.19800000085
2023-03-29,-134703.19800000085
2023-03-30,-134703.19800000085
2023-03-31,-134703.19800000085
2023-04-03,-134703.19800000085
2023-04-04,-134703.19800000085
2023-04-06,-134703.19800000085
2023-04-07,-134703.19800000085
2023-04-10,-134703.19800000085
2023-04-11,-134703.19800000085
2023-04-12,-134703.19800000085
2023-04-13,-134703.19800000085
2023-04-14,-134703.19800000085
2023-04-17,-134703.19800000085
2023-04-18,-134703.19800000085
2023-04-19,-134703.19800000085
2023-04-20,-134703.19800000085
2023-04-21,-134703.19800000085
2023-04-24,-134703.19800000085
2023-04-25,-134703.19800000085
2023-04-26,-134703.19800000085
2023-04-27,-134703.19800000085
2023-04-28,-134703.19800000085
2023-05-04,-134703.19800000085
2023-05-05,-134703.19800000085
2023-05-08,-134703.19800000085
2023-05-09,-134703.19800000085
2023-05-10,-134703.19800000085
2023-05-11,-134703.19800000085
2023-05-12,-134703.19800000085
2023-05-15,-134703.19800000085
2023-05-16,-134703.19800000085
2023-05-17,-134703.19800000085
2023-05-18,-134703.19800000085
2023-05-19,-134703.19800000085
2023-05-22,-134703.19800000085
2023-05-23,-134703.19800000085
2023-05-24,-134703.19800000085
2023-05-25,-134703.19800000085
2023-05-26,-134703.19800000085
2023-05-29,-134703.19800000085
2023-05-30,-134703.19800000085
2023-05-31,-134703.19800000085
2023-06-01,-134703.19800000085
2023-06-02,-134703.19800000085
2023-06-05,-134703.19800000085
2023-06-06,-134703.19800000085
2023-06-07,-134703.19800000085
2023-06-08,-134703.19800000085
2023-06-09,-134703.19800000085
2023-06-12,-134703.19800000085
2023-06-13,-134703.19800000085
2023-06-14,-134703.19800000085
2023-06-15,-134703.19800000085
2023-06-16,-134703.19800000085
2023-06-19,-134703.19800000085
2023-06-20,-134703.19800000085
2023-06-21,-134703.19800000085
2023-06-26,-134703.19800000085
2023-06-27,-134703.19800000085
2023-06-28,-134703.19800000085
2023-06-29,-134703.19800000085
2023-06-30,-134703.19800000085
2023-07-03,-134703.19800000085
2023-07-04,-134703.19800000085
2023-07-05,-134703.19800000085
2023-07-06,-134703.19800000085
2023-07-07,-134703.19800000085
2023-07-10,-134703.19800000085
2023-07-11,-134703.19800000085
2023-07-12,-134703.19800000085
2023-07-13,-134703.19800000085
2023-07-14,-134703.19800000085
2023-07-17,-134703.19800000085
2023-07-18,-134703.19800000085
2023-07-19,-134703.19800000085
2023-07-20,-134703.19800000085
2023-07-21,-134703.19800000085
2023-07-24,-134703.19800000085
2023-07-25,-134703.19800000085
2023-07-26,-134703.19800000085
2023-07-27,-134703.19800000085
2023-07-28,-134703.19800000085
2023-07-31,-134703.19800000085
2023-08-01,-134703.19800000085
2023-08-02,-134703.19800000085
2023-08-03,-134703.19800000085
2023-08-04,-134703.19800000085
2023-08-07,-134703.19800000085
2023-08-08,-134703.19800000085
2023-08-09,-134703.19800000085
2023-08-10,-134703.19800000085
2023-08-11,-134703.19800000085
2023-08-14,-134703.19800000085
2023-08-15,-134703.19800000085
2023-08-16,-134703.19800000085
2023-08-17,-134703.19800000085
2023-08-18,-134703.19800000085
2023-08-21,-129804.27000000041
2023-08-22,-127884.27000000107
2023-08-23,-114444.2700000013
2023-08-24,-113484.27000000108
2023-08-25,-130284.27000000108
2023-08-28,-133133.55000000133
2023-08-29,-133133.55000000133
2023-08-30,-111931.85400000155
2023-08-31,-111931.85400000155
2023-09-01,-114720.65400000068
2023-09-04,-114720.65400000068
2023-09-05,-102174.60600000178
2023-09-06,-103614.60600000156
2023-09-07,-101694.60600000112
2023-09-08,-101694.60600000112
2023-09-11,-115980.79800000068
2023-09-12,-115980.79800000068
2023-09-13,-115980.79800000068
2023-09-14,-115980.79800000068
2023-09-15,-115980.79800000068
2023-09-18,-115980.79800000068
2023-09-19,-115980.79800000068
2023-09-20,-115980.79800000068
2023-09-21,-115980.79800000068
2023-09-22,-115980.79800000068
2023-09-25,-115980.79800000068
2023-09-26,-115980.79800000068
2023-09-27,-115980.79800000068
2023-09-28,-115980.79800000068
2023-10-09,-115980.79800000068
2023-10-10,-115980.79800000068
2023-10-11,-115980.79800000068
2023-10-12,-115980.79800000068
2023-10-13,-115980.79800000068
2023-10-16,-115980.79800000068
2023-10-17,-115980.79800000068
2023-10-18,-115980.79800000068
2023-10-19,-115980.79800000068
2023-10-20,-115980.79800000068
2023-10-23,-115980.79800000068
2023-10-24,-115980.79800000068
2023-10-25,-115980.79800000068
2023-10-26,-115980.79800000068
2023-10-27,-115980.79800000068
2023-10-30,-115980.79800000068
2023-10-31,-115980.79800000068
2023-11-01,-115980.79800000068
2023-11-02,-115980.79800000068
2023-11-03,-115980.79800000068
2023-11-06,-115980.79800000068
2023-11-07,-115980.79800000068
2023-11-08,-115980.79800000068
2023-11-09,-115980.79800000068
2023-11-10,-115980.79800000068
2023-11-13,-115980.79800000068
2023-11-14,-115980.79800000068
2023-11-15,-115980.79800000068
2023-11-16,-115980.79800000068
2023-11-17,-115980.79800000068
2023-11-20,-115980.79800000068
2023-11-21,-115980.79800000068
2023-11-22,-115980.79800000068
2023-11-23,-115980.79800000068
2023-11-24,-115980.79800000068
2023-11-27,-115980.79800000068
2023-11-28,-115980.79800000068
2023-11-29,-115980.79800000068
2023-11-30,-115980.79800000068
2023-12-01,-115980.79800000068
2023-12-04,-115980.79800000068
2023-12-05,-115980.79800000068
2023-12-06,-115980.79800000068
2023-12-07,-115980.79800000068
2023-12-08,-115980.79800000068
2023-12-11,-115980.79800000068
2023-12-12,-115980.79800000068
2023-12-13,-115980.79800000068
2023-12-14,-115980.79800000068
2023-12-15,-115980.79800000068
2023-12-18,-115980.79800000068
2023-12-19,-115980.79800000068
2023-12-20,-115980.79800000068
2023-12-21,-115980.79800000068
2023-12-22,-115980.79800000068
2023-12-25,-115980.79800000068
2023-12-26,-115980.79800000068
2023-12-27,-115980.79800000068
2023-12-28,-115980.79800000068
2023-12-29,-127016.67000000092
2024-01-02,-118376.67000000141
2024-01-03,-116216.67000000092
2024-01-04,-114265.86600000066
2024-01-05,-114265.86600000066
2024-01-08,-114265.86600000066
2024-01-09,-114265.86600000066
2024-01-10,-114265.86600000066
2024-01-11,-114265.86600000066
2024-01-12,-114265.86600000066
2024-01-15,-114265.86600000066
2024-01-16,-114265.86600000066
2024-01-17,-114265.86600000066
2024-01-18,-114265.86600000066
2024-01-19,-114265.86600000066
2024-01-22,-114265.86600000066
2024-01-23,-114265.86600000066
2024-01-24,-114265.86600000066
2024-01-25,-114265.86600000066
2024-01-26,-114265.86600000066
2024-01-29,-114265.86600000066
2024-01-30,-114265.86600000066
2024-01-31,-114265.86600000066
2024-02-01,-114265.86600000066
2024-02-02,-114265.86600000066
2024-02-05,-93340.38600000093
2024-02-06,-149140.38600000064
2024-02-07,-128140.38600000064
2024-02-08,-118540.38600000119
2024-02-19,-131140.38600000064
2024-02-20,-113740.38600000009
2024-02-21,-135340.3860000009
2024-02-22,-137740.3860000001
2024-02-23,-142540.38599999982
2024-02-26,-138340.38599999953
2024-02-27,-140140.38600000064
2024-02-28,-133540.38599999982
2024-02-29,-141340.38599999953
2024-03-01,-143740.3860000001
2024-03-04,-131140.38600000064
2024-03-05,-110740.3860000001
2024-03-06,-111940.38600000038
2024-03-07,-106540.38599999982
2024-03-08,-95740.3860000001
2024-03-11,-78340.38600000093
2024-03-12,-102940.38600000039
2024-03-13,-114688.74599999984
2024-03-14,-114688.74599999984
2024-03-15,-114688.74599999984
2024-03-18,-114688.74599999984
2024-03-19,-114688.74599999984
2024-03-20,-114688.74599999984
2024-03-21,-114688.74599999984
2024-03-22,-114688.74599999984
2024-03-25,-114688.74599999984
2024-03-26,-114688.74599999984
2024-03-27,-114688.74599999984
2024-03-28,-114688.74599999984
2024-03-29,-114688.74599999984
2024-04-01,-114688.74599999984
2024-04-02,-114688.74599999984
2024-04-03,-114688.74599999984
2024-04-08,-114688.74599999984
2024-04-09,-114688.74599999984
2024-04-10,-114688.74599999984
2024-04-11,-114688.74599999984
2024-04-12,-114688.74599999984
2024-04-15,-114688.74599999984
2024-04-16,-114688.74599999984
2024-04-17,-114688.74599999984
2024-04-18,-114688.74599999984
2024-04-19,-114688.74599999984
2024-04-22,-114688.74599999984
2024-04-23,-114688.74599999984
2024-04-24,-114688.74599999984
2024-04-25,-114688.74599999984
2024-04-26,-114688.74599999984
2024-04-29,-114688.74599999984
2024-04-30,-114688.74599999984
2024-05-06,-114688.74599999984
2024-05-07,-114688.74599999984
2024-05-08,-114688.74599999984
2024-05-09,-114688.74599999984
2024-05-10,-114688.74599999984
2024-05-13,-114688.74599999984
2024-05-14,-114688.74599999984
2024-05-15,-114688.74599999984
2024-05-16,-114688.74599999984
2024-05-17,-114688.74599999984
2024-05-20,-114688.74599999984
2024-05-21,-114688.74599999984
2024-05-22,-114688.74599999984
2024-05-23,-114688.74599999984
2024-05-24,-114688.74599999984
2024-05-27,-114688.74599999984
2024-05-28,-114688.74599999984
2024-05-29,-114688.74599999984
2024-05-30,-114688.74599999984
2024-05-31,-114688.74599999984
2024-06-03,-114688.74599999984
2024-06-04,-114688.74599999984
2024-06-05,-114688.74599999984
2024-06-06,-114688.74599999984
2024-06-07,-114688.74599999984
2024-06-11,-114688.74599999984
2024-06-12,-114688.74599999984
2024-06-13,-114688.74599999984
2024-06-14,-114688.74599999984
2024-06-17,-114688.74599999984
2024-06-18,-114688.74599999984
2024-06-19,-114688.74599999984
2024-06-20,-114688.74599999984
2024-06-21,-114688.74599999984
2024-06-24,-114688.74599999984
2024-06-25,-114688.74599999984
2024-06-26,-114688.74599999984
2024-06-27,-114688.74599999984
2024-06-28,-114688.74599999984
2024-07-01,-114688.74599999984
2024-07-02,-114688.74599999984
2024-07-03,-114688.74599999984
2024-07-04,-114688.74599999984
2024-07-05,-114688.74599999984
2024-07-08,-114688.74599999984
2024-07-09,-114688.74599999984
2024-07-10,-114688.74599999984
2024-07-11,-114688.74599999984
2024-07-12,-114688.74599999984
2024-07-15,-114688.74599999984
2024-07-16,-114688.74599999984
2024-07-17,-114688.74599999984
2024-07-18,-114688.74599999984
2024-07-19,-114688.74599999984
2024-07-22,-114688.74599999984
2024-07-23,-114688.74599999984
2024-07-24,-114688.74599999984
2024-07-25,-114688.74599999984
2024-07-26,-114688.74599999984
2024-07-29,-114688.74599999984
2024-07-30,-114688.74599999984
2024-07-31,-114688.74599999984
2024-08-01,-114688.74599999984
2024-08-02,-114688.74599999984
2024-08-05,-114688.74599999984
2024-08-06,-114688.74599999984
2024-08-07,-114688.74599999984
2024-08-08,-114688.74599999984
2024-08-09,-114688.74599999984
2024-08-12,-114688.74599999984
2024-08-13,-114688.74599999984
2024-08-14,-114688.74599999984
2024-08-15,-114688.74599999984
2024-08-16,-114688.74599999984
2024-08-19,-114688.74599999984
2024-08-20,-114688.74599999984
2024-08-21,-114688.74599999984
2024-08-22,-114688.74599999984
2024-08-23,-114688.74599999984
2024-08-26,-114688.74599999984
2024-08-27,-114688.74599999984
2024-08-28,-114688.74599999984
2024-08-29,-114688.74599999984
2024-08-30,-114688.74599999984
2024-09-02,-114688.74599999984
2024-09-03,-114688.74599999984
2024-09-04,-114688.74599999984
2024-09-05,-114688.74599999984
2024-09-06,-114688.74599999984
2024-09-09,-114688.74599999984
2024-09-10,-114688.74599999984
2024-09-11,-114688.74599999984
2024-09-12,-114688.74599999984
2024-09-13,-114688.74599999984
2024-09-18,-114688.74599999984
2024-09-19,-114688.74599999984
2024-09-20,-114688.74599999984
2024-09-23,-114688.74599999984
2024-09-24,-114688.74599999984
2024-09-25,-114688.74599999984
2024-09-26,-114688.74599999984
2024-09-27,-114688.74599999984
2024-09-30,-114688.74599999984
2024-10-08,-114688.74599999984
2024-10-09,-114688.74599999984
2024-10-10,-114688.74599999984
2024-10-11,-114688.74599999984
2024-10-14,-114688.74599999984
2024-10-15,-114688.74599999984
2024-10-16,-114688.74599999984
2024-10-17,-114688.74599999984
2024-10-18,-114688.74599999984
2024-10-21,-114688.74599999984
2024-10-22,-114688.74599999984
2024-10-23,-114688.74599999984
2024-10-24,-114688.74599999984
2024-10-25,-114688.74599999984
2024-10-28,-114688.74599999984
2024-10-29,-114688.74599999984
2024-10-30,-114688.74599999984
2024-10-31,-114688.74599999984
2024-11-01,-114688.74599999984
2024-11-04,-93529.19399999896
2024-11-05,-118009.1939999996
2024-11-06,-123289.19399999916
2024-11-07,-127129.19399999893
2024-11-08,-135769.19399999978
2024-11-11,-129049.19399999935
2024-11-12,-117529.19399999891
2024-11-13,-117049.19399999935
2024-11-14,-119929.19399999891
2024-11-15,-114169.19399999978
2024-11-18,-114169.19399999978
2024-11-19,-114169.19399999978
2024-11-20,-111289.19399999913
2024-11-21,-102649.19399999935
2024-11-22,-105529.19399999894
2024-11-25,-103129.19399999894
2024-11-26,-93529.19399999894
2024-11-27,-105529.19399999894
2024-11-28,-101209.1939999996
2024-11-29,-100729.19399999894
2024-12-02,-104569.19399999981
2024-12-03,-95929.19400000003
2024-12-04,-93529.19399999894
2024-12-05,-91609.1939999996
2024-12-06,-102169.19399999981
2024-12-09,-92089.19399999916
2024-12-10,-104089.19399999916
2024-12-11,-105049.19399999938
2024-12-12,-102169.19399999872
2024-12-13,-82969.1939999998
2024-12-16,-89689.19399999914
2024-12-17,-92523.59399999936
2024-12-18,-92523.59399999936
2024-12-19,-92523.59399999936
2024-12-20,-92523.59399999936
2024-12-23,-92523.59399999936
2024-12-24,-92523.59399999936
2024-12-25,-92523.59399999936
2024-12-26,-92523.59399999936
2024-12-27,-92523.59399999936
2024-12-30,-92523.59399999936
2024-12-31,-92523.59399999936
2025-01-02,-92523.59399999936
2025-01-03,-92523.59399999936
2025-01-06,-92523.59399999936
2025-01-07,-92523.59399999936
2025-01-08,-92523.59399999936
2025-01-09,-92523.59399999936
2025-01-10,-92523.59399999936
2025-01-13,-92523.59399999936
2025-01-14,-92523.59399999936
2025-01-15,-92523.59399999936
2025-01-16,-92523.59399999936
2025-01-17,-92523.59399999936
2025-01-20,-92523.59399999936
2025-01-21,-92523.59399999936
2025-01-22,-92523.59399999936
2025-01-23,-92523.59399999936
2025-01-24,-92523.59399999936
2025-01-27,-92523.59399999936
2025-02-05,-92523.59399999936
2025-02-06,35207.28600000043
2025-02-07,170087.28600000107
2025-02-10,172967.28600000063
2025-02-11,179230.80600000062
2025-02-12,179230.80600000062
2025-02-13,179230.80600000062
2025-02-14,179230.80600000062
2025-02-17,179230.80600000062
2025-02-18,179230.80600000062
2025-02-19,179230.80600000062
2025-02-20,179230.80600000062
2025-02-21,179230.80600000062
2025-02-24,179230.80600000062
2025-02-25,179230.80600000062
2025-02-26,179230.80600000062
2025-02-27,179230.80600000062
2025-02-28,179230.80600000062
2025-03-03,179230.80600000062
2025-03-04,179230.80600000062
2025-03-05,179230.80600000062
2025-03-06,179230.80600000062
2025-03-07,179230.80600000062
2025-03-10,179230.80600000062
2025-03-11,179230.80600000062
2025-03-12,179230.80600000062
2025-03-13,179230.80600000062
2025-03-14,179230.80600000062
2025-03-17,115865.52600000062
2025-03-18,138905.52600000042
2025-03-19,122105.76600000064
2025-03-20,122105.76600000064
2025-03-21,122105.76600000064
2025-04-01,122105.76600000064
2025-04-21,122105.76600000064
2025-04-22,122105.76600000064
2025-04-23,122105.76600000064
2025-04-24,122105.76600000064
2025-04-25,122105.76600000064
2025-04-28,122105.76600000064
2025-04-29,122105.76600000064
2025-04-30,122105.76600000064
2025-05-06,122105.76600000064
2025-05-07,122105.76600000064
2025-05-08,122105.76600000064
2025-05-09,122105.76600000064
2025-05-12,122105.76600000064
2025-05-13,122105.76600000064
2025-05-14,122105.76600000064
2025-05-15,122105.76600000064
2025-05-16,122105.76600000064
2025-05-19,122105.76600000064
2025-05-20,122105.76600000064
2025-05-21,122105.76600000064
2025-05-22,122105.76600000064
2025-05-23,122105.76600000064
2025-05-26,122105.76600000064
2025-05-27,122105.76600000064
2025-05-28,122105.76600000064
2025-05-29,122105.76600000064
2025-05-30,122105.76600000064
2025-06-03,122105.76600000064
2025-06-04,122105.76600000064
2025-06-05,122105.76600000064
2025-06-06,122105.76600000064
2025-06-09,122105.76600000064
2025-06-10,122105.76600000064
2025-06-11,122105.76600000064
2025-06-12,122105.76600000064
2025-06-13,122105.76600000064
2025-06-16,122105.76600000064
2025-06-17,122105.76600000064
2025-06-18,122105.76600000064
2025-06-19,122105.76600000064
2025-06-20,122105.76600000064
2025-06-23,122105.76600000064
2025-06-24,122105.76600000064
2025-06-25,122105.76600000064
2025-06-26,122105.76600000064
2025-06-27,122105.76600000064
2025-06-30,122105.76600000064
2025-07-01,122105.76600000064
2025-07-02,122105.76600000064
2025-07-03,122105.76600000064
2025-07-04,122105.76600000064
2025-07-07,122105.76600000064
2025-07-08,122105.76600000064
2025-07-09,122105.76600000064
2025-07-10,122105.76600000064
2025-07-11,122105.76600000064
2025-07-14,122105.76600000064
2025-07-15,122105.76600000064
2025-07-16,122105.76600000064
2025-07-17,122105.76600000064
2025-07-18,122105.76600000064
2025-07-21,122105.76600000064
2025-07-22,122105.76600000064
2025-07-23,122105.76600000064
2025-07-24,122105.76600000064
2025-07-25,122105.76600000064
2025-07-28,122105.76600000064
2025-07-29,122105.76600000064
2025-07-30,122105.76600000064
2025-07-31,122105.76600000064
2025-08-01,122105.76600000064
2025-08-04,122105.76600000064
2025-08-05,122105.76600000064
2025-08-06,122105.76600000064
2025-08-07,122105.76600000064
2025-08-08,122105.76600000064
2025-08-11,122105.76600000064
2025-08-12,122105.76600000064
2025-08-13,122105.76600000064
2025-08-14,122105.76600000064
2025-08-15,122105.76600000064
2025-08-18,122105.76600000064
2025-08-19,122105.76600000064
2025-08-20,122105.76600000064
2025-08-21,122105.76600000064
2025-08-22,122105.76600000064
2025-08-25,122105.76600000064
2025-08-26,122105.76600000064
2025-08-27,122105.76600000064
2025-08-28,122105.76600000064
2025-08-29,122105.76600000064
2025-09-01,122105.76600000064
2025-09-02,122105.76600000064
2025-09-03,122105.76600000064
2025-09-04,122105.76600000064
2025-09-05,122105.76600000064
2025-09-08,122105.76600000064
2025-09-09,122105.76600000064
2025-09-10,122105.76600000064
2025-09-11,122105.76600000064
2025-09-12,122105.76600000064
2025-09-15,122105.76600000064
2025-09-16,122105.76600000064
2025-09-17,122105.76600000064
2025-09-18,122105.76600000064
2025-09-19,122105.76600000064
2025-09-22,122105.76600000064
2025-09-23,122105.76600000064
2025-09-24,122105.76600000064
2025-09-25,122105.76600000064
2025-09-26,122105.76600000064
2025-09-29,122105.76600000064
2025-09-30,122105.76600000064
2025-10-09,122105.76600000064
2025-10-10,122105.76600000064
2025-10-13,122105.76600000064
2025-10-14,122105.76600000064
2025-10-15,122105.76600000064
2025-10-16,122105.76600000064
2025-10-17,122105.76600000064
2025-10-20,122105.76600000064
2025-10-21,122105.76600000064
2025-10-22,122105.76600000064
2025-10-23,122105.76600000064
2025-10-24,122105.76600000064
2025-10-27,122105.76600000064
2025-10-28,122105.76600000064
2025-10-29,122105.76600000064
2025-10-30,122105.76600000064
2025-10-31,122105.76600000064
2025-11-03,122105.76600000064
2025-11-04,129826.28999999951
2025-11-05,129406.28999999989
2025-11-06,139486.29000000027
2025-11-07,140326.2899999995
2025-11-10,137806.2899999999
2025-11-11,126046.29000000103
2025-11-12,127306.28999999988
2025-11-13,136126.2899999995
2025-11-14,129406.28999999989
2025-11-17,131506.2899999999
2025-11-18,137806.2899999999
2025-11-19,143039.11200000104
2025-11-20,143039.11200000104
2025-11-21,143039.11200000104
2025-11-24,123117.63000000028
2025-11-25,122697.63000000066
2025-11-26,131517.6300000003
2025-11-27,129837.63000000182
2025-11-28,135518.5500000007
2025-12-01,135518.5500000007
2025-12-02,131093.68200000108
2025-12-03,127935.66000000031
2025-12-04,127935.66000000031
2025-12-05,127935.66000000031
2025-12-08,127935.66000000031
2025-12-09,127935.66000000031
2025-12-10,127935.66000000031
2025-12-11,127935.66000000031
2025-12-12,127935.66000000031
2025-12-15,127935.66000000031
2025-12-16,127935.66000000031
2025-12-17,127935.66000000031
2025-12-18,127935.66000000031
2025-12-19,127935.66000000031
2025-12-22,127935.66000000031
2025-12-23,127935.66000000031
2025-12-24,127935.66000000031
2025-12-25,127935.66000000031
2025-12-26,127935.66000000031
2025-12-29,127935.66000000031
2025-12-30,127935.66000000031
2025-12-31,127935.66000000031
2026-01-05,127935.66000000031
2026-01-06,127935.66000000031
2026-01-07,127935.66000000031
2026-01-08,127935.66000000031
2026-01-09,127935.66000000031
2026-01-12,127935.66000000031
2026-01-13,127935.66000000031
2026-01-14,127935.66000000031
2026-01-15,127935.66000000031
2026-01-16,127935.66000000031
2026-01-19,127935.66000000031
2026-01-20,127935.66000000031
2026-01-21,127935.66000000031
2026-01-22,127935.66000000031
2026-01-23,127935.66000000031
2026-01-26,127935.66000000031
2026-01-27,127935.66000000031
2026-01-28,127935.66000000031
2026-01-29,127935.66000000031
2026-01-30,127935.66000000031
2026-02-02,127935.66000000031
2026-02-03,127935.66000000031
2026-02-04,127935.66000000031
2026-02-05,127935.66000000031
2026-02-06,127935.66000000031
2026-02-09,127935.66000000031
2026-02-10,131838.9300000007
2026-02-11,133938.9300000007
2026-02-12,132258.9300000003
2026-02-13,144438.9300000007
2026-02-24,151158.9300000003
2026-02-25,134358.9300000003
2026-02-26,146958.9300000003
2026-02-27,145698.93000000145
2026-03-02,157458.9300000003
2026-03-03,154938.92999999877
2026-03-04,167958.93000000028
2026-03-05,191898.92999999953
2026-03-06,193158.93000000028
2026-03-09,191478.9299999999
2026-03-10,193158.93000000028
2026-03-11,199038.93000000066
2026-03-12,202398.92999999953
2026-03-13,217098.92999999953
2026-03-16,222295.96800000066
2026-03-17,222295.96800000066
2026-03-18,222295.96800000066
2026-03-19,222295.96800000066
2026-03-20,222295.96800000066
2026-03-23,222295.96800000066
2026-03-24,222295.96800000066
2026-03-25,222295.96800000066
2026-03-26,222295.96800000066
2026-03-27,222295.96800000066
2026-03-30,222295.96800000066
2026-03-31,222295.96800000066
2026-04-01,222295.96800000066
2026-04-02,222295.96800000066
2026-04-03,222295.96800000066
2026-04-07,222295.96800000066
2026-04-08,222295.96800000066
2026-04-09,222295.96800000066
2026-04-10,222295.96800000066
2026-04-13,222295.96800000066
2026-04-14,222295.96800000066
2026-04-15,222295.96800000066
2026-04-16,222295.96800000066
2026-04-17,222295.96800000066
2026-04-20,222295.96800000066
2026-04-21,222295.96800000066
2026-04-22,222295.96800000066
2026-04-23,222295.96800000066
2026-04-24,222295.96800000066
2026-04-27,222295.96800000066
2026-04-28,222295.96800000066
2026-04-29,222295.96800000066
2026-04-30,222295.96800000066
2026-05-06,222295.96800000066
2026-05-07,225741.168
2026-05-08,179661.168000001
2026-05-11,316101.16800000134
2026-05-12,348333.5880000007
2026-05-13,348333.5880000007
2026-05-14,348333.5880000007
2026-05-15,348333.5880000007
2026-05-18,348333.5880000007
2026-05-19,348333.5880000007
2026-05-20,348333.5880000007
2026-05-21,348333.5880000007
2026-05-22,348333.5880000007
2026-05-25,348333.5880000007
2026-05-26,348333.5880000007
2026-05-27,348333.5880000007
2026-05-28,348333.5880000007
2026-05-29,348333.5880000007
2026-06-01,348333.5880000007
2026-06-02,348333.5880000007
2026-06-03,397494.108000001
2026-06-04,320454.1080000007
2026-06-05,150894.10800000103
2026-06-08,-18665.891999998654
2026-06-18,-18665.891999998654
2026-06-22,-18665.891999998654
2026-06-23,-18665.891999998654
2026-06-24,-18665.891999998654
2026-06-25,-18665.891999998654
2026-06-26,-18665.891999998654
2026-06-29,-18665.891999998654
2026-06-30,-18665.891999998654
