datetime,balance,drawdown,ddpercent
2022-07-25,10000000.0,0.0,0.0
2022-07-26,10000000.0,0.0,0.0
2022-07-27,10000000.0,0.0,0.0
2022-07-28,10000000.0,0.0,0.0
2022-07-29,10000000.0,0.0,0.0
2022-08-01,10000000.0,0.0,0.0
2022-08-02,10000000.0,0.0,0.0
2022-08-03,10000000.0,0.0,0.0
2022-08-04,10000000.0,0.0,0.0
2022-08-05,10000000.0,0.0,0.0
2022-08-08,10000000.0,0.0,0.0
2022-08-09,10000000.0,0.0,0.0
2022-08-10,10000000.0,0.0,0.0
2022-08-11,10000000.0,0.0,0.0
2022-08-12,10000000.0,0.0,0.0
2022-08-15,10000000.0,0.0,0.0
2022-08-16,10000000.0,0.0,0.0
2022-08-17,10000000.0,0.0,0.0
2022-08-18,10000000.0,0.0,0.0
2022-08-19,9998251.581999999,-1748.4180000014603,-0.00017484180000014603
2022-08-22,9996571.581999999,-3428.4180000014603,-0.000342841800000146
2022-08-23,10000771.582,0.0,0.0
2022-08-24,10000771.581999999,-1.862645149230957e-09,-1.8625014419721969e-16
2022-08-25,9998251.581999999,-2520.0000000018626,-0.00025198055763392424
2022-08-26,9994471.581999999,-6300.000000001863,-0.0006299513940845312
2022-08-29,9994471.581999999,-6300.000000001863,-0.0006299513940845312
2022-08-30,9993211.581999999,-7560.000000001863,-0.0007559416729014002
2022-08-31,9989851.581999999,-10920.000000001863,-0.001091915749746384
2022-09-01,9983524.786,-17246.79600000009,-0.0017245465370933906
2022-09-02,9988781.938,-11989.644000001252,-0.0011988718972025063
2022-09-05,9988781.698,-11989.883999999613,-0.0011988958953506885
2022-09-06,9988781.698,-11989.883999999613,-0.0011988958953506885
2022-09-07,9988781.698,-11989.883999999613,-0.0011988958953506885
2022-09-08,9988781.698,-11989.883999999613,-0.0011988958953506885
2022-09-09,9988781.698,-11989.883999999613,-0.0011988958953506885
2022-09-13,9988781.698,-11989.883999999613,-0.0011988958953506885
2022-09-14,9988781.698,-11989.883999999613,-0.0011988958953506885
2022-09-15,9988781.698,-11989.883999999613,-0.0011988958953506885
2022-09-16,9988781.698,-11989.883999999613,-0.0011988958953506885
2022-09-19,9988781.698,-11989.883999999613,-0.0011988958953506885
2022-09-20,9988781.698,-11989.883999999613,-0.0011988958953506885
2022-09-21,9988781.698,-11989.883999999613,-0.0011988958953506885
2022-09-22,9988781.698,-11989.883999999613,-0.0011988958953506885
2022-09-23,9988781.698,-11989.883999999613,-0.0011988958953506885
2022-09-26,9988781.698,-11989.883999999613,-0.0011988958953506885
2022-09-27,9988781.698,-11989.883999999613,-0.0011988958953506885
2022-09-28,9988781.698,-11989.883999999613,-0.0011988958953506885
2022-09-29,9988781.698,-11989.883999999613,-0.0011988958953506885
2022-09-30,9988781.698,-11989.883999999613,-0.0011988958953506885
2022-10-10,9988781.698,-11989.883999999613,-0.0011988958953506885
2022-10-11,9968748.898,-32022.684000000358,-0.0032020213377972496
2022-10-12,9976428.898,-24342.684000000358,-0.0024340805907230004
2022-10-13,9974508.898,-26262.684000000358,-0.002626065777491563
2022-10-14,9983628.898,-17142.684000000358,-0.0017141361403408921
2022-10-17,9973629.826,-27141.756000000983,-0.002713966195253612
2022-10-18,9973629.826,-27141.756000000983,-0.002713966195253612
2022-10-19,9973629.826,-27141.756000000983,-0.002713966195253612
2022-10-20,9973629.826,-27141.756000000983,-0.002713966195253612
2022-10-21,9973629.826,-27141.756000000983,-0.002713966195253612
2022-10-24,9973629.826,-27141.756000000983,-0.002713966195253612
2022-10-25,9973629.826,-27141.756000000983,-0.002713966195253612
2022-10-26,9973629.826,-27141.756000000983,-0.002713966195253612
2022-10-27,9973629.826,-27141.756000000983,-0.002713966195253612
2022-10-28,9973629.826,-27141.756000000983,-0.002713966195253612
2022-10-31,9973629.826,-27141.756000000983,-0.002713966195253612
2022-11-01,9973629.826,-27141.756000000983,-0.002713966195253612
2022-11-02,9973629.826,-27141.756000000983,-0.002713966195253612
2022-11-03,9973629.826,-27141.756000000983,-0.002713966195253612
2022-11-04,9973629.826,-27141.756000000983,-0.002713966195253612
2022-11-07,9973629.826,-27141.756000000983,-0.002713966195253612
2022-11-08,9973629.826,-27141.756000000983,-0.002713966195253612
2022-11-09,9973629.826,-27141.756000000983,-0.002713966195253612
2022-11-10,9973629.826,-27141.756000000983,-0.002713966195253612
2022-11-11,9973629.826,-27141.756000000983,-0.002713966195253612
2022-11-14,9973629.826,-27141.756000000983,-0.002713966195253612
2022-11-15,9973629.826,-27141.756000000983,-0.002713966195253612
2022-11-16,9973629.826,-27141.756000000983,-0.002713966195253612
2022-11-17,9973629.826,-27141.756000000983,-0.002713966195253612
2022-11-18,9972268.306,-28503.276000000536,-0.0028501076908208235
2022-11-21,9967468.306,-33303.27600000054,-0.0033300706577422293
2022-11-22,9966988.306,-33783.27600000054,-0.00337806695443437
2022-11-23,9961708.306,-39063.27600000054,-0.003906026218047916
2022-11-24,9962188.306,-38583.27600000054,-0.0038580299213557753
2022-11-25,9960748.305999998,-40023.2760000024,-0.0040020188114323835
2022-11-28,9961708.306,-39063.27600000054,-0.003906026218047916
2022-11-29,9958828.306,-41943.27600000054,-0.00419400399820076
2022-11-30,9965548.306,-35223.27600000054,-0.0035220558445107917
2022-12-01,9955948.306,-44823.27600000054,-0.004481981778353603
2022-12-02,9944908.305999998,-55863.2760000024,-0.005585896602273022
2022-12-05,9952588.306,-48183.27600000054,-0.004817955855198587
2022-12-06,9954028.306,-46743.27600000054,-0.004673966965122165
2022-12-07,9952108.305999998,-48663.2760000024,-0.004865952151890914
2022-12-08,9954988.306,-45783.27600000054,-0.004577974371737884
2022-12-09,9956908.306,-43863.27600000054,-0.004385989184969322
2022-12-12,9948748.305999998,-52023.2760000024,-0.005201926228735897
2022-12-13,9946348.306,-54423.27600000054,-0.005441907712196414
2022-12-14,9932428.306,-68343.27600000054,-0.006833800316268491
2022-12-15,9918988.306,-81783.27600000054,-0.008177696623648426
2022-12-16,9902693.506,-98078.07600000128,-0.009807050905604943
2022-12-19,9902693.506,-98078.07600000128,-0.009807050905604943
2022-12-20,9900817.09,-99954.49200000055,-0.009994678028633786
2022-12-21,9901297.09,-99474.49200000055,-0.009946681731941645
2022-12-22,9905137.09,-95634.49200000055,-0.009562711358404521
2022-12-23,9903217.09,-97554.49200000055,-0.009754696545173082
2022-12-26,9898417.09,-102354.49200000055,-0.010234659512094488
2022-12-27,9897457.09,-103314.49200000055,-0.010330652105478769
2022-12-28,9881184.081999999,-119587.50000000186,-0.011957827355565519
2022-12-29,9881184.081999999,-119587.50000000186,-0.011957827355565519
2022-12-30,9881184.081999999,-119587.50000000186,-0.011957827355565519
2023-01-03,9881184.081999999,-119587.50000000186,-0.011957827355565519
2023-01-04,9881184.081999999,-119587.50000000186,-0.011957827355565519
2023-01-05,9881184.081999999,-119587.50000000186,-0.011957827355565519
2023-01-06,9881184.081999999,-119587.50000000186,-0.011957827355565519
2023-01-09,9881184.081999999,-119587.50000000186,-0.011957827355565519
2023-01-10,9881184.081999999,-119587.50000000186,-0.011957827355565519
2023-01-11,9881184.081999999,-119587.50000000186,-0.011957827355565519
2023-01-12,9881184.081999999,-119587.50000000186,-0.011957827355565519
2023-01-13,9881184.081999999,-119587.50000000186,-0.011957827355565519
2023-01-16,9881184.081999999,-119587.50000000186,-0.011957827355565519
2023-01-17,9881184.081999999,-119587.50000000186,-0.011957827355565519
2023-01-18,9881184.081999999,-119587.50000000186,-0.011957827355565519
2023-01-19,9881184.081999999,-119587.50000000186,-0.011957827355565519
2023-01-20,9881184.081999999,-119587.50000000186,-0.011957827355565519
2023-01-30,9881184.081999999,-119587.50000000186,-0.011957827355565519
2023-01-31,9881184.081999999,-119587.50000000186,-0.011957827355565519
2023-02-01,9881184.081999999,-119587.50000000186,-0.011957827355565519
2023-02-02,9881184.081999999,-119587.50000000186,-0.011957827355565519
2023-02-03,9881184.081999999,-119587.50000000186,-0.011957827355565519
2023-02-06,9881184.081999999,-119587.50000000186,-0.011957827355565519
2023-02-07,9881184.081999999,-119587.50000000186,-0.011957827355565519
2023-02-08,9881184.081999999,-119587.50000000186,-0.011957827355565519
2023-02-09,9881184.081999999,-119587.50000000186,-0.011957827355565519
2023-02-10,9881184.081999999,-119587.50000000186,-0.011957827355565519
2023-02-13,9881184.081999999,-119587.50000000186,-0.011957827355565519
2023-02-14,9881184.081999999,-119587.50000000186,-0.011957827355565519
2023-02-15,9881184.081999999,-119587.50000000186,-0.011957827355565519
2023-02-16,9881184.081999999,-119587.50000000186,-0.011957827355565519
2023-02-17,9881184.081999999,-119587.50000000186,-0.011957827355565519
2023-02-20,9881184.081999999,-119587.50000000186,-0.011957827355565519
2023-02-21,9888316.881999997,-112454.70000000298,-0.011244602386720422
2023-02-22,9888796.882,-111974.70000000112,-0.011196606090028096
2023-02-23,9890716.882,-110054.70000000112,-0.011004620903259533
2023-02-24,9891196.882,-109574.70000000112,-0.010956624606567393
2023-02-27,9887356.882,-113414.70000000112,-0.011340594980104517
2023-02-28,9882076.882,-118694.70000000112,-0.011868554243718063
2023-03-01,9882556.881999997,-118214.70000000298,-0.01182055794702611
2023-03-02,9886396.882,-114374.70000000112,-0.011436587573488798
2023-03-03,9882556.881999997,-118214.70000000298,-0.01182055794702611
2023-03-06,9883996.882,-116774.70000000112,-0.011676569056949502
2023-03-07,9886876.882,-113894.70000000112,-0.011388591276796659
2023-03-08,9883516.882,-117254.70000000112,-0.011724565353641641
2023-03-09,9890716.882,-110054.70000000112,-0.011004620903259533
2023-03-10,9885436.882,-115334.70000000112,-0.01153258016687308
2023-03-13,9887356.882,-113414.70000000112,-0.011340594980104517
2023-03-14,9891676.882,-109094.70000000112,-0.010908628309875252
2023-03-15,9886876.882,-113894.70000000112,-0.011388591276796659
2023-03-16,9865296.802,-135474.7800000012,-0.013546432781630266
2023-03-17,9865296.802,-135474.7800000012,-0.013546432781630266
2023-03-20,9865296.802,-135474.7800000012,-0.013546432781630266
2023-03-21,9865296.802,-135474.7800000012,-0.013546432781630266
2023-03-22,9865296.802,-135474.7800000012,-0.013546432781630266
2023-03-23,9865296.802,-135474.7800000012,-0.013546432781630266
2023-03-24,9865296.802,-135474.7800000012,-0.013546432781630266
2023-03-27,9865296.802,-135474.7800000012,-0.013546432781630266
2023-03-28,9865296.802,-135474.7800000012,-0.013546432781630266
2023-03-29,9865296.802,-135474.7800000012,-0.013546432781630266
2023-03-30,9865296.802,-135474.7800000012,-0.013546432781630266
2023-03-31,9865296.802,-135474.7800000012,-0.013546432781630266
2023-04-03,9865296.802,-135474.7800000012,-0.013546432781630266
2023-04-04,9865296.802,-135474.7800000012,-0.013546432781630266
2023-04-06,9865296.802,-135474.7800000012,-0.013546432781630266
2023-04-07,9865296.802,-135474.7800000012,-0.013546432781630266
2023-04-10,9865296.802,-135474.7800000012,-0.013546432781630266
2023-04-11,9865296.802,-135474.7800000012,-0.013546432781630266
2023-04-12,9865296.802,-135474.7800000012,-0.013546432781630266
2023-04-13,9865296.802,-135474.7800000012,-0.013546432781630266
2023-04-14,9865296.802,-135474.7800000012,-0.013546432781630266
2023-04-17,9865296.802,-135474.7800000012,-0.013546432781630266
2023-04-18,9865296.802,-135474.7800000012,-0.013546432781630266
2023-04-19,9865296.802,-135474.7800000012,-0.013546432781630266
2023-04-20,9865296.802,-135474.7800000012,-0.013546432781630266
2023-04-21,9865296.802,-135474.7800000012,-0.013546432781630266
2023-04-24,9865296.802,-135474.7800000012,-0.013546432781630266
2023-04-25,9865296.802,-135474.7800000012,-0.013546432781630266
2023-04-26,9865296.802,-135474.7800000012,-0.013546432781630266
2023-04-27,9865296.802,-135474.7800000012,-0.013546432781630266
2023-04-28,9865296.802,-135474.7800000012,-0.013546432781630266
2023-05-04,9865296.802,-135474.7800000012,-0.013546432781630266
2023-05-05,9865296.802,-135474.7800000012,-0.013546432781630266
2023-05-08,9865296.802,-135474.7800000012,-0.013546432781630266
2023-05-09,9865296.802,-135474.7800000012,-0.013546432781630266
2023-05-10,9865296.802,-135474.7800000012,-0.013546432781630266
2023-05-11,9865296.802,-135474.7800000012,-0.013546432781630266
2023-05-12,9865296.802,-135474.7800000012,-0.013546432781630266
2023-05-15,9865296.802,-135474.7800000012,-0.013546432781630266
2023-05-16,9865296.802,-135474.7800000012,-0.013546432781630266
2023-05-17,9865296.802,-135474.7800000012,-0.013546432781630266
2023-05-18,9865296.802,-135474.7800000012,-0.013546432781630266
2023-05-19,9865296.802,-135474.7800000012,-0.013546432781630266
2023-05-22,9865296.802,-135474.7800000012,-0.013546432781630266
2023-05-23,9865296.802,-135474.7800000012,-0.013546432781630266
2023-05-24,9865296.802,-135474.7800000012,-0.013546432781630266
2023-05-25,9865296.802,-135474.7800000012,-0.013546432781630266
2023-05-26,9865296.802,-135474.7800000012,-0.013546432781630266
2023-05-29,9865296.802,-135474.7800000012,-0.013546432781630266
2023-05-30,9865296.802,-135474.7800000012,-0.013546432781630266
2023-05-31,9865296.802,-135474.7800000012,-0.013546432781630266
2023-06-01,9865296.802,-135474.7800000012,-0.013546432781630266
2023-06-02,9865296.802,-135474.7800000012,-0.013546432781630266
2023-06-05,9865296.802,-135474.7800000012,-0.013546432781630266
2023-06-06,9865296.802,-135474.7800000012,-0.013546432781630266
2023-06-07,9865296.802,-135474.7800000012,-0.013546432781630266
2023-06-08,9865296.802,-135474.7800000012,-0.013546432781630266
2023-06-09,9865296.802,-135474.7800000012,-0.013546432781630266
2023-06-12,9865296.802,-135474.7800000012,-0.013546432781630266
2023-06-13,9865296.802,-135474.7800000012,-0.013546432781630266
2023-06-14,9865296.802,-135474.7800000012,-0.013546432781630266
2023-06-15,9865296.802,-135474.7800000012,-0.013546432781630266
2023-06-16,9865296.802,-135474.7800000012,-0.013546432781630266
2023-06-19,9865296.802,-135474.7800000012,-0.013546432781630266
2023-06-20,9865296.802,-135474.7800000012,-0.013546432781630266
2023-06-21,9865296.802,-135474.7800000012,-0.013546432781630266
2023-06-26,9865296.802,-135474.7800000012,-0.013546432781630266
2023-06-27,9865296.802,-135474.7800000012,-0.013546432781630266
2023-06-28,9865296.802,-135474.7800000012,-0.013546432781630266
2023-06-29,9865296.802,-135474.7800000012,-0.013546432781630266
2023-06-30,9865296.802,-135474.7800000012,-0.013546432781630266
2023-07-03,9865296.802,-135474.7800000012,-0.013546432781630266
2023-07-04,9865296.802,-135474.7800000012,-0.013546432781630266
2023-07-05,9865296.802,-135474.7800000012,-0.013546432781630266
2023-07-06,9865296.802,-135474.7800000012,-0.013546432781630266
2023-07-07,9865296.802,-135474.7800000012,-0.013546432781630266
2023-07-10,9865296.802,-135474.7800000012,-0.013546432781630266
2023-07-11,9865296.802,-135474.7800000012,-0.013546432781630266
2023-07-12,9865296.802,-135474.7800000012,-0.013546432781630266
2023-07-13,9865296.802,-135474.7800000012,-0.013546432781630266
2023-07-14,9865296.802,-135474.7800000012,-0.013546432781630266
2023-07-17,9865296.802,-135474.7800000012,-0.013546432781630266
2023-07-18,9865296.802,-135474.7800000012,-0.013546432781630266
2023-07-19,9865296.802,-135474.7800000012,-0.013546432781630266
2023-07-20,9865296.802,-135474.7800000012,-0.013546432781630266
2023-07-21,9865296.802,-135474.7800000012,-0.013546432781630266
2023-07-24,9865296.802,-135474.7800000012,-0.013546432781630266
2023-07-25,9865296.802,-135474.7800000012,-0.013546432781630266
2023-07-26,9865296.802,-135474.7800000012,-0.013546432781630266
2023-07-27,9865296.802,-135474.7800000012,-0.013546432781630266
2023-07-28,9865296.802,-135474.7800000012,-0.013546432781630266
2023-07-31,9865296.802,-135474.7800000012,-0.013546432781630266
2023-08-01,9865296.802,-135474.7800000012,-0.013546432781630266
2023-08-02,9865296.802,-135474.7800000012,-0.013546432781630266
2023-08-03,9865296.802,-135474.7800000012,-0.013546432781630266
2023-08-04,9865296.802,-135474.7800000012,-0.013546432781630266
2023-08-07,9865296.802,-135474.7800000012,-0.013546432781630266
2023-08-08,9865296.802,-135474.7800000012,-0.013546432781630266
2023-08-09,9865296.802,-135474.7800000012,-0.013546432781630266
2023-08-10,9865296.802,-135474.7800000012,-0.013546432781630266
2023-08-11,9865296.802,-135474.7800000012,-0.013546432781630266
2023-08-14,9865296.802,-135474.7800000012,-0.013546432781630266
2023-08-15,9865296.802,-135474.7800000012,-0.013546432781630266
2023-08-16,9865296.802,-135474.7800000012,-0.013546432781630266
2023-08-17,9865296.802,-135474.7800000012,-0.013546432781630266
2023-08-18,9865296.802,-135474.7800000012,-0.013546432781630266
2023-08-21,9870195.73,-130575.85199999996,-0.013056577777960487
2023-08-22,9872115.729999999,-128655.85200000182,-0.012864592591192112
2023-08-23,9885555.729999999,-115215.85200000182,-0.011520696283812176
2023-08-24,9886515.729999999,-114255.85200000182,-0.011424703690427895
2023-08-25,9869715.729999999,-131055.85200000182,-0.013104574074652814
2023-08-28,9866866.45,-133905.13200000115,-0.013389480091817294
2023-08-29,9866866.45,-133905.13200000115,-0.013389480091817294
2023-08-30,9888068.145999998,-112703.43600000255,-0.011269474067666247
2023-08-31,9888068.145999998,-112703.43600000255,-0.011269474067666247
2023-09-01,9885279.345999999,-115492.23600000143,-0.01154833255144747
2023-09-04,9885279.345999999,-115492.23600000143,-0.01154833255144747
2023-09-05,9897825.393999998,-102946.18800000288,-0.010293824547027123
2023-09-06,9896385.393999998,-104386.18800000288,-0.010437813437103545
2023-09-07,9898305.394,-102466.18800000101,-0.010245828250334797
2023-09-08,9898305.394,-102466.18800000101,-0.010245828250334797
2023-09-11,9884019.202,-116752.38000000082,-0.011674337229153287
2023-09-12,9884019.202,-116752.38000000082,-0.011674337229153287
2023-09-13,9884019.202,-116752.38000000082,-0.011674337229153287
2023-09-14,9884019.202,-116752.38000000082,-0.011674337229153287
2023-09-15,9884019.202,-116752.38000000082,-0.011674337229153287
2023-09-18,9884019.202,-116752.38000000082,-0.011674337229153287
2023-09-19,9884019.202,-116752.38000000082,-0.011674337229153287
2023-09-20,9884019.202,-116752.38000000082,-0.011674337229153287
2023-09-21,9884019.202,-116752.38000000082,-0.011674337229153287
2023-09-22,9884019.202,-116752.38000000082,-0.011674337229153287
2023-09-25,9884019.202,-116752.38000000082,-0.011674337229153287
2023-09-26,9884019.202,-116752.38000000082,-0.011674337229153287
2023-09-27,9884019.202,-116752.38000000082,-0.011674337229153287
2023-09-28,9884019.202,-116752.38000000082,-0.011674337229153287
2023-10-09,9884019.202,-116752.38000000082,-0.011674337229153287
2023-10-10,9884019.202,-116752.38000000082,-0.011674337229153287
2023-10-11,9884019.202,-116752.38000000082,-0.011674337229153287
2023-10-12,9884019.202,-116752.38000000082,-0.011674337229153287
2023-10-13,9884019.202,-116752.38000000082,-0.011674337229153287
2023-10-16,9884019.202,-116752.38000000082,-0.011674337229153287
2023-10-17,9884019.202,-116752.38000000082,-0.011674337229153287
2023-10-18,9884019.202,-116752.38000000082,-0.011674337229153287
2023-10-19,9884019.202,-116752.38000000082,-0.011674337229153287
2023-10-20,9884019.202,-116752.38000000082,-0.011674337229153287
2023-10-23,9884019.202,-116752.38000000082,-0.011674337229153287
2023-10-24,9884019.202,-116752.38000000082,-0.011674337229153287
2023-10-25,9884019.202,-116752.38000000082,-0.011674337229153287
2023-10-26,9884019.202,-116752.38000000082,-0.011674337229153287
2023-10-27,9884019.202,-116752.38000000082,-0.011674337229153287
2023-10-30,9884019.202,-116752.38000000082,-0.011674337229153287
2023-10-31,9884019.202,-116752.38000000082,-0.011674337229153287
2023-11-01,9884019.202,-116752.38000000082,-0.011674337229153287
2023-11-02,9884019.202,-116752.38000000082,-0.011674337229153287
2023-11-03,9884019.202,-116752.38000000082,-0.011674337229153287
2023-11-06,9884019.202,-116752.38000000082,-0.011674337229153287
2023-11-07,9884019.202,-116752.38000000082,-0.011674337229153287
2023-11-08,9884019.202,-116752.38000000082,-0.011674337229153287
2023-11-09,9884019.202,-116752.38000000082,-0.011674337229153287
2023-11-10,9884019.202,-116752.38000000082,-0.011674337229153287
2023-11-13,9884019.202,-116752.38000000082,-0.011674337229153287
2023-11-14,9884019.202,-116752.38000000082,-0.011674337229153287
2023-11-15,9884019.202,-116752.38000000082,-0.011674337229153287
2023-11-16,9884019.202,-116752.38000000082,-0.011674337229153287
2023-11-17,9884019.202,-116752.38000000082,-0.011674337229153287
2023-11-20,9884019.202,-116752.38000000082,-0.011674337229153287
2023-11-21,9884019.202,-116752.38000000082,-0.011674337229153287
2023-11-22,9884019.202,-116752.38000000082,-0.011674337229153287
2023-11-23,9884019.202,-116752.38000000082,-0.011674337229153287
2023-11-24,9884019.202,-116752.38000000082,-0.011674337229153287
2023-11-27,9884019.202,-116752.38000000082,-0.011674337229153287
2023-11-28,9884019.202,-116752.38000000082,-0.011674337229153287
2023-11-29,9884019.202,-116752.38000000082,-0.011674337229153287
2023-11-30,9884019.202,-116752.38000000082,-0.011674337229153287
2023-12-01,9884019.202,-116752.38000000082,-0.011674337229153287
2023-12-04,9884019.202,-116752.38000000082,-0.011674337229153287
2023-12-05,9884019.202,-116752.38000000082,-0.011674337229153287
2023-12-06,9884019.202,-116752.38000000082,-0.011674337229153287
2023-12-07,9884019.202,-116752.38000000082,-0.011674337229153287
2023-12-08,9884019.202,-116752.38000000082,-0.011674337229153287
2023-12-11,9884019.202,-116752.38000000082,-0.011674337229153287
2023-12-12,9884019.202,-116752.38000000082,-0.011674337229153287
2023-12-13,9884019.202,-116752.38000000082,-0.011674337229153287
2023-12-14,9884019.202,-116752.38000000082,-0.011674337229153287
2023-12-15,9884019.202,-116752.38000000082,-0.011674337229153287
2023-12-18,9884019.202,-116752.38000000082,-0.011674337229153287
2023-12-19,9884019.202,-116752.38000000082,-0.011674337229153287
2023-12-20,9884019.202,-116752.38000000082,-0.011674337229153287
2023-12-21,9884019.202,-116752.38000000082,-0.011674337229153287
2023-12-22,9884019.202,-116752.38000000082,-0.011674337229153287
2023-12-25,9884019.202,-116752.38000000082,-0.011674337229153287
2023-12-26,9884019.202,-116752.38000000082,-0.011674337229153287
2023-12-27,9884019.202,-116752.38000000082,-0.011674337229153287
2023-12-28,9884019.202,-116752.38000000082,-0.011674337229153287
2023-12-29,9872983.329999998,-127788.25200000219,-0.012777839284921105
2024-01-02,9881623.329999998,-119148.25200000219,-0.011913905944462575
2024-01-03,9883783.329999998,-116988.25200000219,-0.011697922609347941
2024-01-04,9885734.134,-115037.44800000079,-0.011502857260239021
2024-01-05,9885734.134,-115037.44800000079,-0.011502857260239021
2024-01-08,9885734.134,-115037.44800000079,-0.011502857260239021
2024-01-09,9885734.134,-115037.44800000079,-0.011502857260239021
2024-01-10,9885734.134,-115037.44800000079,-0.011502857260239021
2024-01-11,9885734.134,-115037.44800000079,-0.011502857260239021
2024-01-12,9885734.134,-115037.44800000079,-0.011502857260239021
2024-01-15,9885734.134,-115037.44800000079,-0.011502857260239021
2024-01-16,9885734.134,-115037.44800000079,-0.011502857260239021
2024-01-17,9885734.134,-115037.44800000079,-0.011502857260239021
2024-01-18,9885734.134,-115037.44800000079,-0.011502857260239021
2024-01-19,9885734.134,-115037.44800000079,-0.011502857260239021
2024-01-22,9885734.134,-115037.44800000079,-0.011502857260239021
2024-01-23,9885734.134,-115037.44800000079,-0.011502857260239021
2024-01-24,9885734.134,-115037.44800000079,-0.011502857260239021
2024-01-25,9885734.134,-115037.44800000079,-0.011502857260239021
2024-01-26,9885734.134,-115037.44800000079,-0.011502857260239021
2024-01-29,9885734.134,-115037.44800000079,-0.011502857260239021
2024-01-30,9885734.134,-115037.44800000079,-0.011502857260239021
2024-01-31,9885734.134,-115037.44800000079,-0.011502857260239021
2024-02-01,9885734.134,-115037.44800000079,-0.011502857260239021
2024-02-02,9885734.134,-115037.44800000079,-0.011502857260239021
2024-02-05,9906659.613999998,-94111.9680000022,-0.009410470705019469
2024-02-06,9850859.614,-149911.96800000034,-0.014990040195480623
2024-02-07,9871859.614,-128911.96800000034,-0.012890202215199473
2024-02-08,9881459.613999998,-119311.9680000022,-0.011930276281356848
2024-02-19,9868859.614,-131911.96800000034,-0.013190179069525352
2024-02-20,9886259.614,-114511.96800000034,-0.011450313314435256
2024-02-21,9864659.613999998,-136111.9680000022,-0.013610146665581767
2024-02-22,9862259.614,-138511.96800000034,-0.013850128149042283
2024-02-23,9857459.614,-143311.96800000034,-0.01433009111596369
2024-02-26,9861659.614,-139111.96800000034,-0.01391012351990746
2024-02-27,9859859.614,-140911.96800000034,-0.014090109632502987
2024-02-28,9866459.614,-134311.96800000034,-0.013430160552986055
2024-02-29,9858659.614,-142111.96800000034,-0.014210100374233339
2024-03-01,9856259.614,-144511.96800000034,-0.01445008185769404
2024-03-04,9868859.614,-131911.96800000034,-0.013190179069525352
2024-03-05,9889259.614,-111511.96800000034,-0.011150336460109378
2024-03-06,9888059.614,-112711.96800000034,-0.011270327201839729
2024-03-07,9893459.614,-107311.96800000034,-0.010730368864053147
2024-03-08,9904259.614,-96511.96800000034,-0.009650452188479985
2024-03-11,9921659.613999998,-79111.9680000022,-0.007910586433390076
2024-03-12,9897059.614,-103711.96800000034,-0.010370396638862094
2024-03-13,9885311.254,-115460.32799999975,-0.011545141997624693
2024-03-14,9885311.254,-115460.32799999975,-0.011545141997624693
2024-03-15,9885311.254,-115460.32799999975,-0.011545141997624693
2024-03-18,9885311.254,-115460.32799999975,-0.011545141997624693
2024-03-19,9885311.254,-115460.32799999975,-0.011545141997624693
2024-03-20,9885311.254,-115460.32799999975,-0.011545141997624693
2024-03-21,9885311.254,-115460.32799999975,-0.011545141997624693
2024-03-22,9885311.254,-115460.32799999975,-0.011545141997624693
2024-03-25,9885311.254,-115460.32799999975,-0.011545141997624693
2024-03-26,9885311.254,-115460.32799999975,-0.011545141997624693
2024-03-27,9885311.254,-115460.32799999975,-0.011545141997624693
2024-03-28,9885311.254,-115460.32799999975,-0.011545141997624693
2024-03-29,9885311.254,-115460.32799999975,-0.011545141997624693
2024-04-01,9885311.254,-115460.32799999975,-0.011545141997624693
2024-04-02,9885311.254,-115460.32799999975,-0.011545141997624693
2024-04-03,9885311.254,-115460.32799999975,-0.011545141997624693
2024-04-08,9885311.254,-115460.32799999975,-0.011545141997624693
2024-04-09,9885311.254,-115460.32799999975,-0.011545141997624693
2024-04-10,9885311.254,-115460.32799999975,-0.011545141997624693
2024-04-11,9885311.254,-115460.32799999975,-0.011545141997624693
2024-04-12,9885311.254,-115460.32799999975,-0.011545141997624693
2024-04-15,9885311.254,-115460.32799999975,-0.011545141997624693
2024-04-16,9885311.254,-115460.32799999975,-0.011545141997624693
2024-04-17,9885311.254,-115460.32799999975,-0.011545141997624693
2024-04-18,9885311.254,-115460.32799999975,-0.011545141997624693
2024-04-19,9885311.254,-115460.32799999975,-0.011545141997624693
2024-04-22,9885311.254,-115460.32799999975,-0.011545141997624693
2024-04-23,9885311.254,-115460.32799999975,-0.011545141997624693
2024-04-24,9885311.254,-115460.32799999975,-0.011545141997624693
2024-04-25,9885311.254,-115460.32799999975,-0.011545141997624693
2024-04-26,9885311.254,-115460.32799999975,-0.011545141997624693
2024-04-29,9885311.254,-115460.32799999975,-0.011545141997624693
2024-04-30,9885311.254,-115460.32799999975,-0.011545141997624693
2024-05-06,9885311.254,-115460.32799999975,-0.011545141997624693
2024-05-07,9885311.254,-115460.32799999975,-0.011545141997624693
2024-05-08,9885311.254,-115460.32799999975,-0.011545141997624693
2024-05-09,9885311.254,-115460.32799999975,-0.011545141997624693
2024-05-10,9885311.254,-115460.32799999975,-0.011545141997624693
2024-05-13,9885311.254,-115460.32799999975,-0.011545141997624693
2024-05-14,9885311.254,-115460.32799999975,-0.011545141997624693
2024-05-15,9885311.254,-115460.32799999975,-0.011545141997624693
2024-05-16,9885311.254,-115460.32799999975,-0.011545141997624693
2024-05-17,9885311.254,-115460.32799999975,-0.011545141997624693
2024-05-20,9885311.254,-115460.32799999975,-0.011545141997624693
2024-05-21,9885311.254,-115460.32799999975,-0.011545141997624693
2024-05-22,9885311.254,-115460.32799999975,-0.011545141997624693
2024-05-23,9885311.254,-115460.32799999975,-0.011545141997624693
2024-05-24,9885311.254,-115460.32799999975,-0.011545141997624693
2024-05-27,9885311.254,-115460.32799999975,-0.011545141997624693
2024-05-28,9885311.254,-115460.32799999975,-0.011545141997624693
2024-05-29,9885311.254,-115460.32799999975,-0.011545141997624693
2024-05-30,9885311.254,-115460.32799999975,-0.011545141997624693
2024-05-31,9885311.254,-115460.32799999975,-0.011545141997624693
2024-06-03,9885311.254,-115460.32799999975,-0.011545141997624693
2024-06-04,9885311.254,-115460.32799999975,-0.011545141997624693
2024-06-05,9885311.254,-115460.32799999975,-0.011545141997624693
2024-06-06,9885311.254,-115460.32799999975,-0.011545141997624693
2024-06-07,9885311.254,-115460.32799999975,-0.011545141997624693
2024-06-11,9885311.254,-115460.32799999975,-0.011545141997624693
2024-06-12,9885311.254,-115460.32799999975,-0.011545141997624693
2024-06-13,9885311.254,-115460.32799999975,-0.011545141997624693
2024-06-14,9885311.254,-115460.32799999975,-0.011545141997624693
2024-06-17,9885311.254,-115460.32799999975,-0.011545141997624693
2024-06-18,9885311.254,-115460.32799999975,-0.011545141997624693
2024-06-19,9885311.254,-115460.32799999975,-0.011545141997624693
2024-06-20,9885311.254,-115460.32799999975,-0.011545141997624693
2024-06-21,9885311.254,-115460.32799999975,-0.011545141997624693
2024-06-24,9885311.254,-115460.32799999975,-0.011545141997624693
2024-06-25,9885311.254,-115460.32799999975,-0.011545141997624693
2024-06-26,9885311.254,-115460.32799999975,-0.011545141997624693
2024-06-27,9885311.254,-115460.32799999975,-0.011545141997624693
2024-06-28,9885311.254,-115460.32799999975,-0.011545141997624693
2024-07-01,9885311.254,-115460.32799999975,-0.011545141997624693
2024-07-02,9885311.254,-115460.32799999975,-0.011545141997624693
2024-07-03,9885311.254,-115460.32799999975,-0.011545141997624693
2024-07-04,9885311.254,-115460.32799999975,-0.011545141997624693
2024-07-05,9885311.254,-115460.32799999975,-0.011545141997624693
2024-07-08,9885311.254,-115460.32799999975,-0.011545141997624693
2024-07-09,9885311.254,-115460.32799999975,-0.011545141997624693
2024-07-10,9885311.254,-115460.32799999975,-0.011545141997624693
2024-07-11,9885311.254,-115460.32799999975,-0.011545141997624693
2024-07-12,9885311.254,-115460.32799999975,-0.011545141997624693
2024-07-15,9885311.254,-115460.32799999975,-0.011545141997624693
2024-07-16,9885311.254,-115460.32799999975,-0.011545141997624693
2024-07-17,9885311.254,-115460.32799999975,-0.011545141997624693
2024-07-18,9885311.254,-115460.32799999975,-0.011545141997624693
2024-07-19,9885311.254,-115460.32799999975,-0.011545141997624693
2024-07-22,9885311.254,-115460.32799999975,-0.011545141997624693
2024-07-23,9885311.254,-115460.32799999975,-0.011545141997624693
2024-07-24,9885311.254,-115460.32799999975,-0.011545141997624693
2024-07-25,9885311.254,-115460.32799999975,-0.011545141997624693
2024-07-26,9885311.254,-115460.32799999975,-0.011545141997624693
2024-07-29,9885311.254,-115460.32799999975,-0.011545141997624693
2024-07-30,9885311.254,-115460.32799999975,-0.011545141997624693
2024-07-31,9885311.254,-115460.32799999975,-0.011545141997624693
2024-08-01,9885311.254,-115460.32799999975,-0.011545141997624693
2024-08-02,9885311.254,-115460.32799999975,-0.011545141997624693
2024-08-05,9885311.254,-115460.32799999975,-0.011545141997624693
2024-08-06,9885311.254,-115460.32799999975,-0.011545141997624693
2024-08-07,9885311.254,-115460.32799999975,-0.011545141997624693
2024-08-08,9885311.254,-115460.32799999975,-0.011545141997624693
2024-08-09,9885311.254,-115460.32799999975,-0.011545141997624693
2024-08-12,9885311.254,-115460.32799999975,-0.011545141997624693
2024-08-13,9885311.254,-115460.32799999975,-0.011545141997624693
2024-08-14,9885311.254,-115460.32799999975,-0.011545141997624693
2024-08-15,9885311.254,-115460.32799999975,-0.011545141997624693
2024-08-16,9885311.254,-115460.32799999975,-0.011545141997624693
2024-08-19,9885311.254,-115460.32799999975,-0.011545141997624693
2024-08-20,9885311.254,-115460.32799999975,-0.011545141997624693
2024-08-21,9885311.254,-115460.32799999975,-0.011545141997624693
2024-08-22,9885311.254,-115460.32799999975,-0.011545141997624693
2024-08-23,9885311.254,-115460.32799999975,-0.011545141997624693
2024-08-26,9885311.254,-115460.32799999975,-0.011545141997624693
2024-08-27,9885311.254,-115460.32799999975,-0.011545141997624693
2024-08-28,9885311.254,-115460.32799999975,-0.011545141997624693
2024-08-29,9885311.254,-115460.32799999975,-0.011545141997624693
2024-08-30,9885311.254,-115460.32799999975,-0.011545141997624693
2024-09-02,9885311.254,-115460.32799999975,-0.011545141997624693
2024-09-03,9885311.254,-115460.32799999975,-0.011545141997624693
2024-09-04,9885311.254,-115460.32799999975,-0.011545141997624693
2024-09-05,9885311.254,-115460.32799999975,-0.011545141997624693
2024-09-06,9885311.254,-115460.32799999975,-0.011545141997624693
2024-09-09,9885311.254,-115460.32799999975,-0.011545141997624693
2024-09-10,9885311.254,-115460.32799999975,-0.011545141997624693
2024-09-11,9885311.254,-115460.32799999975,-0.011545141997624693
2024-09-12,9885311.254,-115460.32799999975,-0.011545141997624693
2024-09-13,9885311.254,-115460.32799999975,-0.011545141997624693
2024-09-18,9885311.254,-115460.32799999975,-0.011545141997624693
2024-09-19,9885311.254,-115460.32799999975,-0.011545141997624693
2024-09-20,9885311.254,-115460.32799999975,-0.011545141997624693
2024-09-23,9885311.254,-115460.32799999975,-0.011545141997624693
2024-09-24,9885311.254,-115460.32799999975,-0.011545141997624693
2024-09-25,9885311.254,-115460.32799999975,-0.011545141997624693
2024-09-26,9885311.254,-115460.32799999975,-0.011545141997624693
2024-09-27,9885311.254,-115460.32799999975,-0.011545141997624693
2024-09-30,9885311.254,-115460.32799999975,-0.011545141997624693
2024-10-08,9885311.254,-115460.32799999975,-0.011545141997624693
2024-10-09,9885311.254,-115460.32799999975,-0.011545141997624693
2024-10-10,9885311.254,-115460.32799999975,-0.011545141997624693
2024-10-11,9885311.254,-115460.32799999975,-0.011545141997624693
2024-10-14,9885311.254,-115460.32799999975,-0.011545141997624693
2024-10-15,9885311.254,-115460.32799999975,-0.011545141997624693
2024-10-16,9885311.254,-115460.32799999975,-0.011545141997624693
2024-10-17,9885311.254,-115460.32799999975,-0.011545141997624693
2024-10-18,9885311.254,-115460.32799999975,-0.011545141997624693
2024-10-21,9885311.254,-115460.32799999975,-0.011545141997624693
2024-10-22,9885311.254,-115460.32799999975,-0.011545141997624693
2024-10-23,9885311.254,-115460.32799999975,-0.011545141997624693
2024-10-24,9885311.254,-115460.32799999975,-0.011545141997624693
2024-10-25,9885311.254,-115460.32799999975,-0.011545141997624693
2024-10-28,9885311.254,-115460.32799999975,-0.011545141997624693
2024-10-29,9885311.254,-115460.32799999975,-0.011545141997624693
2024-10-30,9885311.254,-115460.32799999975,-0.011545141997624693
2024-10-31,9885311.254,-115460.32799999975,-0.011545141997624693
2024-11-01,9885311.254,-115460.32799999975,-0.011545141997624693
2024-11-04,9906470.806000002,-94300.77599999867,-0.009429350048322968
2024-11-05,9881990.806,-118780.77600000054,-0.011877161179622323
2024-11-06,9876710.806000002,-124060.77599999867,-0.012405120443235683
2024-11-07,9872870.806000002,-127900.77599999867,-0.012789090816772809
2024-11-08,9864230.806,-136540.77600000054,-0.013653024157231524
2024-11-11,9870950.806,-129820.77600000054,-0.012981076003541557
2024-11-12,9882470.806000002,-118300.77599999867,-0.011829164882929996
2024-11-13,9882950.806,-117820.77600000054,-0.011781168586238042
2024-11-14,9880070.806000002,-120700.77599999867,-0.0120691463663907
2024-11-15,9885830.806,-114940.77600000054,-0.011493190806085199
2024-11-18,9885830.806,-114940.77600000054,-0.011493190806085199
2024-11-19,9885830.806,-114940.77600000054,-0.011493190806085199
2024-11-20,9888710.806000002,-112060.77599999867,-0.01120521302593217
2024-11-21,9897350.806,-103420.77600000054,-0.010341279685473825
2024-11-22,9894470.806000002,-106300.77599999867,-0.010629257465626483
2024-11-25,9896870.806000002,-103900.77599999867,-0.01038927598216578
2024-11-26,9906470.806000002,-94300.77599999867,-0.009429350048322968
2024-11-27,9894470.806000002,-106300.77599999867,-0.010629257465626483
2024-11-28,9898790.806,-101980.77600000054,-0.010197290795397404
2024-11-29,9899270.806000002,-101500.77599999867,-0.010149294498705077
2024-12-02,9895430.806,-105340.77600000054,-0.010533264872242388
2024-12-03,9904070.806,-96700.77600000054,-0.009669331531783858
2024-12-04,9906470.806000002,-94300.77599999867,-0.009429350048322968
2024-12-05,9908390.806,-92380.77600000054,-0.009237364861554593
2024-12-06,9897830.806,-102940.77600000054,-0.010293283388781684
2024-12-09,9907910.806000002,-92860.77599999867,-0.009285361158246547
2024-12-10,9895910.806000002,-104860.77599999867,-0.010485268575550061
2024-12-11,9894950.806,-105820.77600000054,-0.010581261168934528
2024-12-12,9897830.806000002,-102940.77599999867,-0.010293283388781499
2024-12-13,9917030.806,-83740.77600000054,-0.008373431521096063
2024-12-16,9910310.806000002,-90460.77599999867,-0.009045379674785844
2024-12-17,9907476.406000001,-93295.17599999905,-0.009328797806752972
2024-12-18,9907476.406000001,-93295.17599999905,-0.009328797806752972
2024-12-19,9907476.406000001,-93295.17599999905,-0.009328797806752972
2024-12-20,9907476.406000001,-93295.17599999905,-0.009328797806752972
2024-12-23,9907476.406000001,-93295.17599999905,-0.009328797806752972
2024-12-24,9907476.406000001,-93295.17599999905,-0.009328797806752972
2024-12-25,9907476.406000001,-93295.17599999905,-0.009328797806752972
2024-12-26,9907476.406000001,-93295.17599999905,-0.009328797806752972
2024-12-27,9907476.406000001,-93295.17599999905,-0.009328797806752972
2024-12-30,9907476.406000001,-93295.17599999905,-0.009328797806752972
2024-12-31,9907476.406000001,-93295.17599999905,-0.009328797806752972
2025-01-02,9907476.406000001,-93295.17599999905,-0.009328797806752972
2025-01-03,9907476.406000001,-93295.17599999905,-0.009328797806752972
2025-01-06,9907476.406000001,-93295.17599999905,-0.009328797806752972
2025-01-07,9907476.406000001,-93295.17599999905,-0.009328797806752972
2025-01-08,9907476.406000001,-93295.17599999905,-0.009328797806752972
2025-01-09,9907476.406000001,-93295.17599999905,-0.009328797806752972
2025-01-10,9907476.406000001,-93295.17599999905,-0.009328797806752972
2025-01-13,9907476.406000001,-93295.17599999905,-0.009328797806752972
2025-01-14,9907476.406000001,-93295.17599999905,-0.009328797806752972
2025-01-15,9907476.406000001,-93295.17599999905,-0.009328797806752972
2025-01-16,9907476.406000001,-93295.17599999905,-0.009328797806752972
2025-01-17,9907476.406000001,-93295.17599999905,-0.009328797806752972
2025-01-20,9907476.406000001,-93295.17599999905,-0.009328797806752972
2025-01-21,9907476.406000001,-93295.17599999905,-0.009328797806752972
2025-01-22,9907476.406000001,-93295.17599999905,-0.009328797806752972
2025-01-23,9907476.406000001,-93295.17599999905,-0.009328797806752972
2025-01-24,9907476.406000001,-93295.17599999905,-0.009328797806752972
2025-01-27,9907476.406000001,-93295.17599999905,-0.009328797806752972
2025-02-05,9907476.406000001,-93295.17599999905,-0.009328797806752972
2025-02-06,10035207.286,0.0,0.0
2025-02-07,10170087.286,0.0,0.0
2025-02-10,10172967.286,0.0,0.0
2025-02-11,10179230.806,0.0,0.0
2025-02-12,10179230.806,0.0,0.0
2025-02-13,10179230.806,0.0,0.0
2025-02-14,10179230.806,0.0,0.0
2025-02-17,10179230.806,0.0,0.0
2025-02-18,10179230.806,0.0,0.0
2025-02-19,10179230.806,0.0,0.0
2025-02-20,10179230.806,0.0,0.0
2025-02-21,10179230.806,0.0,0.0
2025-02-24,10179230.806,0.0,0.0
2025-02-25,10179230.806,0.0,0.0
2025-02-26,10179230.806,0.0,0.0
2025-02-27,10179230.806,0.0,0.0
2025-02-28,10179230.806,0.0,0.0
2025-03-03,10179230.806,0.0,0.0
2025-03-04,10179230.806,0.0,0.0
2025-03-05,10179230.806,0.0,0.0
2025-03-06,10179230.806,0.0,0.0
2025-03-07,10179230.806,0.0,0.0
2025-03-10,10179230.806,0.0,0.0
2025-03-11,10179230.806,0.0,0.0
2025-03-12,10179230.806,0.0,0.0
2025-03-13,10179230.806,0.0,0.0
2025-03-14,10179230.806,0.0,0.0
2025-03-17,10115865.526,-63365.27999999933,-0.006224957583499294
2025-03-18,10138905.526,-40325.27999999933,-0.003961525263404989
2025-03-19,10122105.766,-57125.039999999106,-0.00561192108605373
2025-03-20,10122105.766,-57125.039999999106,-0.00561192108605373
2025-03-21,10122105.766,-57125.039999999106,-0.00561192108605373
2025-04-01,10122105.766,-57125.039999999106,-0.00561192108605373
2025-04-21,10122105.766,-57125.039999999106,-0.00561192108605373
2025-04-22,10122105.766,-57125.039999999106,-0.00561192108605373
2025-04-23,10122105.766,-57125.039999999106,-0.00561192108605373
2025-04-24,10122105.766,-57125.039999999106,-0.00561192108605373
2025-04-25,10122105.766,-57125.039999999106,-0.00561192108605373
2025-04-28,10122105.766,-57125.039999999106,-0.00561192108605373
2025-04-29,10122105.766,-57125.039999999106,-0.00561192108605373
2025-04-30,10122105.766,-57125.039999999106,-0.00561192108605373
2025-05-06,10122105.766,-57125.039999999106,-0.00561192108605373
2025-05-07,10122105.766,-57125.039999999106,-0.00561192108605373
2025-05-08,10122105.766,-57125.039999999106,-0.00561192108605373
2025-05-09,10122105.766,-57125.039999999106,-0.00561192108605373
2025-05-12,10122105.766,-57125.039999999106,-0.00561192108605373
2025-05-13,10122105.766,-57125.039999999106,-0.00561192108605373
2025-05-14,10122105.766,-57125.039999999106,-0.00561192108605373
2025-05-15,10122105.766,-57125.039999999106,-0.00561192108605373
2025-05-16,10122105.766,-57125.039999999106,-0.00561192108605373
2025-05-19,10122105.766,-57125.039999999106,-0.00561192108605373
2025-05-20,10122105.766,-57125.039999999106,-0.00561192108605373
2025-05-21,10122105.766,-57125.039999999106,-0.00561192108605373
2025-05-22,10122105.766,-57125.039999999106,-0.00561192108605373
2025-05-23,10122105.766,-57125.039999999106,-0.00561192108605373
2025-05-26,10122105.766,-57125.039999999106,-0.00561192108605373
2025-05-27,10122105.766,-57125.039999999106,-0.00561192108605373
2025-05-28,10122105.766,-57125.039999999106,-0.00561192108605373
2025-05-29,10122105.766,-57125.039999999106,-0.00561192108605373
2025-05-30,10122105.766,-57125.039999999106,-0.00561192108605373
2025-06-03,10122105.766,-57125.039999999106,-0.00561192108605373
2025-06-04,10122105.766,-57125.039999999106,-0.00561192108605373
2025-06-05,10122105.766,-57125.039999999106,-0.00561192108605373
2025-06-06,10122105.766,-57125.039999999106,-0.00561192108605373
2025-06-09,10122105.766,-57125.039999999106,-0.00561192108605373
2025-06-10,10122105.766,-57125.039999999106,-0.00561192108605373
2025-06-11,10122105.766,-57125.039999999106,-0.00561192108605373
2025-06-12,10122105.766,-57125.039999999106,-0.00561192108605373
2025-06-13,10122105.766,-57125.039999999106,-0.00561192108605373
2025-06-16,10122105.766,-57125.039999999106,-0.00561192108605373
2025-06-17,10122105.766,-57125.039999999106,-0.00561192108605373
2025-06-18,10122105.766,-57125.039999999106,-0.00561192108605373
2025-06-19,10122105.766,-57125.039999999106,-0.00561192108605373
2025-06-20,10122105.766,-57125.039999999106,-0.00561192108605373
2025-06-23,10122105.766,-57125.039999999106,-0.00561192108605373
2025-06-24,10122105.766,-57125.039999999106,-0.00561192108605373
2025-06-25,10122105.766,-57125.039999999106,-0.00561192108605373
2025-06-26,10122105.766,-57125.039999999106,-0.00561192108605373
2025-06-27,10122105.766,-57125.039999999106,-0.00561192108605373
2025-06-30,10122105.766,-57125.039999999106,-0.00561192108605373
2025-07-01,10122105.766,-57125.039999999106,-0.00561192108605373
2025-07-02,10122105.766,-57125.039999999106,-0.00561192108605373
2025-07-03,10122105.766,-57125.039999999106,-0.00561192108605373
2025-07-04,10122105.766,-57125.039999999106,-0.00561192108605373
2025-07-07,10122105.766,-57125.039999999106,-0.00561192108605373
2025-07-08,10122105.766,-57125.039999999106,-0.00561192108605373
2025-07-09,10122105.766,-57125.039999999106,-0.00561192108605373
2025-07-10,10122105.766,-57125.039999999106,-0.00561192108605373
2025-07-11,10122105.766,-57125.039999999106,-0.00561192108605373
2025-07-14,10122105.766,-57125.039999999106,-0.00561192108605373
2025-07-15,10122105.766,-57125.039999999106,-0.00561192108605373
2025-07-16,10122105.766,-57125.039999999106,-0.00561192108605373
2025-07-17,10122105.766,-57125.039999999106,-0.00561192108605373
2025-07-18,10122105.766,-57125.039999999106,-0.00561192108605373
2025-07-21,10122105.766,-57125.039999999106,-0.00561192108605373
2025-07-22,10122105.766,-57125.039999999106,-0.00561192108605373
2025-07-23,10122105.766,-57125.039999999106,-0.00561192108605373
2025-07-24,10122105.766,-57125.039999999106,-0.00561192108605373
2025-07-25,10122105.766,-57125.039999999106,-0.00561192108605373
2025-07-28,10122105.766,-57125.039999999106,-0.00561192108605373
2025-07-29,10122105.766,-57125.039999999106,-0.00561192108605373
2025-07-30,10122105.766,-57125.039999999106,-0.00561192108605373
2025-07-31,10122105.766,-57125.039999999106,-0.00561192108605373
2025-08-01,10122105.766,-57125.039999999106,-0.00561192108605373
2025-08-04,10122105.766,-57125.039999999106,-0.00561192108605373
2025-08-05,10122105.766,-57125.039999999106,-0.00561192108605373
2025-08-06,10122105.766,-57125.039999999106,-0.00561192108605373
2025-08-07,10122105.766,-57125.039999999106,-0.00561192108605373
2025-08-08,10122105.766,-57125.039999999106,-0.00561192108605373
2025-08-11,10122105.766,-57125.039999999106,-0.00561192108605373
2025-08-12,10122105.766,-57125.039999999106,-0.00561192108605373
2025-08-13,10122105.766,-57125.039999999106,-0.00561192108605373
2025-08-14,10122105.766,-57125.039999999106,-0.00561192108605373
2025-08-15,10122105.766,-57125.039999999106,-0.00561192108605373
2025-08-18,10122105.766,-57125.039999999106,-0.00561192108605373
2025-08-19,10122105.766,-57125.039999999106,-0.00561192108605373
2025-08-20,10122105.766,-57125.039999999106,-0.00561192108605373
2025-08-21,10122105.766,-57125.039999999106,-0.00561192108605373
2025-08-22,10122105.766,-57125.039999999106,-0.00561192108605373
2025-08-25,10122105.766,-57125.039999999106,-0.00561192108605373
2025-08-26,10122105.766,-57125.039999999106,-0.00561192108605373
2025-08-27,10122105.766,-57125.039999999106,-0.00561192108605373
2025-08-28,10122105.766,-57125.039999999106,-0.00561192108605373
2025-08-29,10122105.766,-57125.039999999106,-0.00561192108605373
2025-09-01,10122105.766,-57125.039999999106,-0.00561192108605373
2025-09-02,10122105.766,-57125.039999999106,-0.00561192108605373
2025-09-03,10122105.766,-57125.039999999106,-0.00561192108605373
2025-09-04,10122105.766,-57125.039999999106,-0.00561192108605373
2025-09-05,10122105.766,-57125.039999999106,-0.00561192108605373
2025-09-08,10122105.766,-57125.039999999106,-0.00561192108605373
2025-09-09,10122105.766,-57125.039999999106,-0.00561192108605373
2025-09-10,10122105.766,-57125.039999999106,-0.00561192108605373
2025-09-11,10122105.766,-57125.039999999106,-0.00561192108605373
2025-09-12,10122105.766,-57125.039999999106,-0.00561192108605373
2025-09-15,10122105.766,-57125.039999999106,-0.00561192108605373
2025-09-16,10122105.766,-57125.039999999106,-0.00561192108605373
2025-09-17,10122105.766,-57125.039999999106,-0.00561192108605373
2025-09-18,10122105.766,-57125.039999999106,-0.00561192108605373
2025-09-19,10122105.766,-57125.039999999106,-0.00561192108605373
2025-09-22,10122105.766,-57125.039999999106,-0.00561192108605373
2025-09-23,10122105.766,-57125.039999999106,-0.00561192108605373
2025-09-24,10122105.766,-57125.039999999106,-0.00561192108605373
2025-09-25,10122105.766,-57125.039999999106,-0.00561192108605373
2025-09-26,10122105.766,-57125.039999999106,-0.00561192108605373
2025-09-29,10122105.766,-57125.039999999106,-0.00561192108605373
2025-09-30,10122105.766,-57125.039999999106,-0.00561192108605373
2025-10-09,10122105.766,-57125.039999999106,-0.00561192108605373
2025-10-10,10122105.766,-57125.039999999106,-0.00561192108605373
2025-10-13,10122105.766,-57125.039999999106,-0.00561192108605373
2025-10-14,10122105.766,-57125.039999999106,-0.00561192108605373
2025-10-15,10122105.766,-57125.039999999106,-0.00561192108605373
2025-10-16,10122105.766,-57125.039999999106,-0.00561192108605373
2025-10-17,10122105.766,-57125.039999999106,-0.00561192108605373
2025-10-20,10122105.766,-57125.039999999106,-0.00561192108605373
2025-10-21,10122105.766,-57125.039999999106,-0.00561192108605373
2025-10-22,10122105.766,-57125.039999999106,-0.00561192108605373
2025-10-23,10122105.766,-57125.039999999106,-0.00561192108605373
2025-10-24,10122105.766,-57125.039999999106,-0.00561192108605373
2025-10-27,10122105.766,-57125.039999999106,-0.00561192108605373
2025-10-28,10122105.766,-57125.039999999106,-0.00561192108605373
2025-10-29,10122105.766,-57125.039999999106,-0.00561192108605373
2025-10-30,10122105.766,-57125.039999999106,-0.00561192108605373
2025-10-31,10122105.766,-57125.039999999106,-0.00561192108605373
2025-11-03,10122105.766,-57125.039999999106,-0.00561192108605373
2025-11-04,10129826.29,-49404.51600000076,-0.004853462598655292
2025-11-05,10129406.29,-49824.51600000076,-0.004894723083657011
2025-11-06,10139486.290000001,-39744.5159999989,-0.0039044714436155697
2025-11-07,10140326.29,-38904.51600000076,-0.0038219504736123145
2025-11-10,10137806.29,-41424.51600000076,-0.004069513383622629
2025-11-11,10126046.290000001,-53184.5159999989,-0.005224806963670581
2025-11-12,10127306.29,-51924.51600000076,-0.0051010255086656065
2025-11-13,10136126.29,-43104.51600000076,-0.004234555323629505
2025-11-14,10129406.29,-49824.51600000076,-0.004894723083657011
2025-11-17,10131506.29,-47724.51600000076,-0.004688420658648416
2025-11-18,10137806.29,-41424.51600000076,-0.004069513383622629
2025-11-19,10143039.112000002,-36191.69399999827,-0.0035554448749374663
2025-11-20,10143039.112000002,-36191.69399999827,-0.0035554448749374663
2025-11-21,10143039.112000002,-36191.69399999827,-0.0035554448749374663
2025-11-24,10123117.63,-56113.175999999046,-0.005512516325587582
2025-11-25,10122697.63,-56533.175999999046,-0.005553776810589302
2025-11-26,10131517.63,-47713.175999999046,-0.004687306625553201
2025-11-27,10129837.630000003,-49393.175999997184,-0.004852348565559894
2025-11-28,10135518.55,-43712.25599999912,-0.0042942592454268316
2025-12-01,10135518.55,-43712.25599999912,-0.0042942592454268316
2025-12-02,10131093.682000002,-48137.12399999797,-0.0047289549591138305
2025-12-03,10127935.66,-51295.14599999972,-0.005039196671890428
2025-12-04,10127935.66,-51295.14599999972,-0.005039196671890428
2025-12-05,10127935.66,-51295.14599999972,-0.005039196671890428
2025-12-08,10127935.66,-51295.14599999972,-0.005039196671890428
2025-12-09,10127935.66,-51295.14599999972,-0.005039196671890428
2025-12-10,10127935.66,-51295.14599999972,-0.005039196671890428
2025-12-11,10127935.66,-51295.14599999972,-0.005039196671890428
2025-12-12,10127935.66,-51295.14599999972,-0.005039196671890428
2025-12-15,10127935.66,-51295.14599999972,-0.005039196671890428
2025-12-16,10127935.66,-51295.14599999972,-0.005039196671890428
2025-12-17,10127935.66,-51295.14599999972,-0.005039196671890428
2025-12-18,10127935.66,-51295.14599999972,-0.005039196671890428
2025-12-19,10127935.66,-51295.14599999972,-0.005039196671890428
2025-12-22,10127935.66,-51295.14599999972,-0.005039196671890428
2025-12-23,10127935.66,-51295.14599999972,-0.005039196671890428
2025-12-24,10127935.66,-51295.14599999972,-0.005039196671890428
2025-12-25,10127935.66,-51295.14599999972,-0.005039196671890428
2025-12-26,10127935.66,-51295.14599999972,-0.005039196671890428
2025-12-29,10127935.66,-51295.14599999972,-0.005039196671890428
2025-12-30,10127935.66,-51295.14599999972,-0.005039196671890428
2025-12-31,10127935.66,-51295.14599999972,-0.005039196671890428
2026-01-05,10127935.66,-51295.14599999972,-0.005039196671890428
2026-01-06,10127935.66,-51295.14599999972,-0.005039196671890428
2026-01-07,10127935.66,-51295.14599999972,-0.005039196671890428
2026-01-08,10127935.66,-51295.14599999972,-0.005039196671890428
2026-01-09,10127935.66,-51295.14599999972,-0.005039196671890428
2026-01-12,10127935.66,-51295.14599999972,-0.005039196671890428
2026-01-13,10127935.66,-51295.14599999972,-0.005039196671890428
2026-01-14,10127935.66,-51295.14599999972,-0.005039196671890428
2026-01-15,10127935.66,-51295.14599999972,-0.005039196671890428
2026-01-16,10127935.66,-51295.14599999972,-0.005039196671890428
2026-01-19,10127935.66,-51295.14599999972,-0.005039196671890428
2026-01-20,10127935.66,-51295.14599999972,-0.005039196671890428
2026-01-21,10127935.66,-51295.14599999972,-0.005039196671890428
2026-01-22,10127935.66,-51295.14599999972,-0.005039196671890428
2026-01-23,10127935.66,-51295.14599999972,-0.005039196671890428
2026-01-26,10127935.66,-51295.14599999972,-0.005039196671890428
2026-01-27,10127935.66,-51295.14599999972,-0.005039196671890428
2026-01-28,10127935.66,-51295.14599999972,-0.005039196671890428
2026-01-29,10127935.66,-51295.14599999972,-0.005039196671890428
2026-01-30,10127935.66,-51295.14599999972,-0.005039196671890428
2026-02-02,10127935.66,-51295.14599999972,-0.005039196671890428
2026-02-03,10127935.66,-51295.14599999972,-0.005039196671890428
2026-02-04,10127935.66,-51295.14599999972,-0.005039196671890428
2026-02-05,10127935.66,-51295.14599999972,-0.005039196671890428
2026-02-06,10127935.66,-51295.14599999972,-0.005039196671890428
2026-02-09,10127935.66,-51295.14599999972,-0.005039196671890428
2026-02-10,10131838.930000002,-47391.8759999983,-0.0046557423545268125
2026-02-11,10133938.930000002,-45291.8759999983,-0.004449439929518217
2026-02-12,10132258.93,-46971.876000000164,-0.004614481869525277
2026-02-13,10144438.930000002,-34791.8759999983,-0.0034179278044752393
2026-02-24,10151158.93,-28071.876000000164,-0.002757760044447917
2026-02-25,10134358.93,-44871.876000000164,-0.00440817944451668
2026-02-26,10146958.93,-32271.876000000164,-0.0031703648944651076
2026-02-27,10145698.930000002,-33531.8759999983,-0.003294146349470082
2026-03-02,10157458.93,-21771.876000000164,-0.0021388527694221303
2026-03-03,10154938.93,-24291.876000000164,-0.002386415679432445
2026-03-04,10167958.93,-11271.876000000164,-0.001107340644379153
2026-03-05,10191898.93,0.0,0.0
2026-03-06,10193158.93,0.0,0.0
2026-03-09,10191478.93,-1680.0,-0.0001648164235971547
2026-03-10,10193158.93,0.0,0.0
2026-03-11,10199038.930000002,0.0,0.0
2026-03-12,10202398.93,0.0,0.0
2026-03-13,10217098.93,0.0,0.0
2026-03-16,10222295.968,0.0,0.0
2026-03-17,10222295.968,0.0,0.0
2026-03-18,10222295.968,0.0,0.0
2026-03-19,10222295.968,0.0,0.0
2026-03-20,10222295.968,0.0,0.0
2026-03-23,10222295.968,0.0,0.0
2026-03-24,10222295.968,0.0,0.0
2026-03-25,10222295.968,0.0,0.0
2026-03-26,10222295.968,0.0,0.0
2026-03-27,10222295.968,0.0,0.0
2026-03-30,10222295.968,0.0,0.0
2026-03-31,10222295.968,0.0,0.0
2026-04-01,10222295.968,0.0,0.0
2026-04-02,10222295.968,0.0,0.0
2026-04-03,10222295.968,0.0,0.0
2026-04-07,10222295.968,0.0,0.0
2026-04-08,10222295.968,0.0,0.0
2026-04-09,10222295.968,0.0,0.0
2026-04-10,10222295.968,0.0,0.0
2026-04-13,10222295.968,0.0,0.0
2026-04-14,10222295.968,0.0,0.0
2026-04-15,10222295.968,0.0,0.0
2026-04-16,10222295.968,0.0,0.0
2026-04-17,10222295.968,0.0,0.0
2026-04-20,10222295.968,0.0,0.0
2026-04-21,10222295.968,0.0,0.0
2026-04-22,10222295.968,0.0,0.0
2026-04-23,10222295.968,0.0,0.0
2026-04-24,10222295.968,0.0,0.0
2026-04-27,10222295.968,0.0,0.0
2026-04-28,10222295.968,0.0,0.0
2026-04-29,10222295.968,0.0,0.0
2026-04-30,10222295.968,0.0,0.0
2026-05-06,10222295.968,0.0,0.0
2026-05-07,10225741.168,0.0,0.0
2026-05-08,10179661.168000001,-46079.99999999814,-0.004506274825750424
2026-05-11,10316101.168000001,0.0,0.0
2026-05-12,10348333.588000001,0.0,0.0
2026-05-13,10348333.588000001,0.0,0.0
2026-05-14,10348333.588000001,0.0,0.0
2026-05-15,10348333.588000001,0.0,0.0
2026-05-18,10348333.588000001,0.0,0.0
2026-05-19,10348333.588000001,0.0,0.0
2026-05-20,10348333.588000001,0.0,0.0
2026-05-21,10348333.588000001,0.0,0.0
2026-05-22,10348333.588000001,0.0,0.0
2026-05-25,10348333.588000001,0.0,0.0
2026-05-26,10348333.588000001,0.0,0.0
2026-05-27,10348333.588000001,0.0,0.0
2026-05-28,10348333.588000001,0.0,0.0
2026-05-29,10348333.588000001,0.0,0.0
2026-06-01,10348333.588000001,0.0,0.0
2026-06-02,10348333.588000001,0.0,0.0
2026-06-03,10397494.108000001,0.0,0.0
2026-06-04,10320454.108000001,-77040.0,-0.007409477629876623
2026-06-05,10150894.108000001,-246600.0,-0.023717253161053678
2026-06-08,9981334.108000001,-416160.0,-0.04002502869223073
2026-06-18,9981334.108000001,-416160.0,-0.04002502869223073
2026-06-22,9981334.108000001,-416160.0,-0.04002502869223073
2026-06-23,9981334.108000001,-416160.0,-0.04002502869223073
2026-06-24,9981334.108000001,-416160.0,-0.04002502869223073
2026-06-25,9981334.108000001,-416160.0,-0.04002502869223073
2026-06-26,9981334.108000001,-416160.0,-0.04002502869223073
2026-06-29,9981334.108000001,-416160.0,-0.04002502869223073
2026-06-30,9981334.108000001,-416160.0,-0.04002502869223073
