datetime,IM2209.CFFEX,IM2212.CFFEX,IM2303.CFFEX,IM2306.CFFEX,IM2309.CFFEX,IM2312.CFFEX,IM2403.CFFEX,IM2406.CFFEX,IM2409.CFFEX,IM2412.CFFEX,IM2503.CFFEX,IM2506.CFFEX,IM2509.CFFEX,IM2512.CFFEX,IM2603.CFFEX,IM2606.CFFEX,IM2609.CFFEX
2022-07-25,,,,,,,,,,,,,,,,,
2022-07-26,,,,,,,,,,,,,,,,,
2022-07-27,,,,,,,,,,,,,,,,,
2022-07-28,,,,,,,,,,,,,,,,,
2022-07-29,,,,,,,,,,,,,,,,,
2022-08-01,,,,,,,,,,,,,,,,,
2022-08-02,,,,,,,,,,,,,,,,,
2022-08-03,,,,,,,,,,,,,,,,,
2022-08-04,,,,,,,,,,,,,,,,,
2022-08-05,,,,,,,,,,,,,,,,,
2022-08-08,,,,,,,,,,,,,,,,,
2022-08-09,,,,,,,,,,,,,,,,,
2022-08-10,,,,,,,,,,,,,,,,,
2022-08-11,,,,,,,,,,,,,,,,,
2022-08-12,,,,,,,,,,,,,,,,,
2022-08-15,,,,,,,,,,,,,,,,,
2022-08-16,,,,,,,,,,,,,,,,,
2022-08-17,,,,,,,,,,,,,,,,,
2022-08-18,,,,,,,,,,,,,,,,,
2022-08-19,7186.4,7036.2,,,,,,,,,,,,,,,
2022-08-22,7232.4,7079.0,,,,,,,,,,,,,,,
2022-08-23,7232.4,7079.0,,,,,,,,,,,,,,,
2022-08-24,7232.4,7079.0,,,,,,,,,,,,,,,
2022-08-25,7232.4,7079.0,,,,,,,,,,,,,,,
2022-08-26,7232.4,7079.0,,,,,,,,,,,,,,,
2022-08-29,7232.4,7079.0,,,,,,,,,,,,,,,
2022-08-30,7232.4,7079.0,,,,,,,,,,,,,,,
2022-08-31,7232.4,7079.0,,,,,,,,,,,,,,,
2022-09-01,7232.4,7079.0,,,,,,,,,,,,,,,
2022-09-02,7232.4,7079.0,,,,,,,,,,,,,,,
2022-09-05,7232.4,7079.0,,,,,,,,,,,,,,,
2022-09-06,7232.4,7079.0,,,,,,,,,,,,,,,
2022-09-07,7232.4,7079.0,,,,,,,,,,,,,,,
2022-09-08,7232.4,7079.0,,,,,,,,,,,,,,,
2022-09-09,7232.4,7079.0,,,,,,,,,,,,,,,
2022-09-13,6891.4,6732.0,,,,,,,,,,,,,,,
2022-09-14,6826.0,6663.0,,,,,,,,,,,,,,,
2022-09-15,6596.4,6410.0,,,,,,,,,,,,,,,
2022-09-16,6596.4,6410.0,,,,,,,,,,,,,,,
2022-09-19,6596.4,6410.0,,,,,,,,,,,,,,,
2022-09-20,6596.4,6410.0,,,,,,,,,,,,,,,
2022-09-21,6596.4,6410.0,,,,,,,,,,,,,,,
2022-09-22,6596.4,6410.0,,,,,,,,,,,,,,,
2022-09-23,6596.4,6410.0,,,,,,,,,,,,,,,
2022-09-26,6596.4,6410.0,,,,,,,,,,,,,,,
2022-09-27,6596.4,6410.0,,,,,,,,,,,,,,,
2022-09-28,6596.4,6410.0,,,,,,,,,,,,,,,
2022-09-29,6596.4,6410.0,,,,,,,,,,,,,,,
2022-09-30,6596.4,6410.0,,,,,,,,,,,,,,,
2022-10-10,6596.4,6410.0,,,,,,,,,,,,,,,
2022-10-11,6596.4,6410.0,,,,,,,,,,,,,,,
2022-10-12,6596.4,6410.0,,,,,,,,,,,,,,,
2022-10-13,6596.4,6410.0,,,,,,,,,,,,,,,
2022-10-14,6596.4,6410.0,,,,,,,,,,,,,,,
2022-10-17,6596.4,6410.0,,,,,,,,,,,,,,,
2022-10-18,6596.4,6410.0,,,,,,,,,,,,,,,
2022-10-19,6596.4,6410.0,,,,,,,,,,,,,,,
2022-10-20,6596.4,6410.0,,,,,,,,,,,,,,,
2022-10-21,6596.4,6410.0,,,,,,,,,,,,,,,
2022-10-24,6596.4,6410.0,,,,,,,,,,,,,,,
2022-10-25,6596.4,6410.0,,,,,,,,,,,,,,,
2022-10-26,6596.4,6410.0,,,,,,,,,,,,,,,
2022-10-27,6596.4,6410.0,,,,,,,,,,,,,,,
2022-10-28,6596.4,6410.0,,,,,,,,,,,,,,,
2022-10-31,6596.4,6410.0,,,,,,,,,,,,,,,
2022-11-01,6596.4,6410.0,,,,,,,,,,,,,,,
2022-11-02,6596.4,6410.0,,,,,,,,,,,,,,,
2022-11-03,6596.4,6410.0,,,,,,,,,,,,,,,
2022-11-04,6596.4,6410.0,,,,,,,,,,,,,,,
2022-11-07,6596.4,6410.0,,,,,,,,,,,,,,,
2022-11-08,6596.4,6410.0,,,,,,,,,,,,,,,
2022-11-09,6596.4,6410.0,,,,,,,,,,,,,,,
2022-11-10,6596.4,6410.0,,,,,,,,,,,,,,,
2022-11-11,6596.4,6410.0,,,,,,,,,,,,,,,
2022-11-14,6596.4,6410.0,,,,,,,,,,,,,,,
2022-11-15,6596.4,6410.0,,,,,,,,,,,,,,,
2022-11-16,6596.4,6684.2,6607.4,,,,,,,,,,,,,,
2022-11-17,6596.4,6684.2,6607.4,,,,,,,,,,,,,,
2022-11-18,6596.4,6684.2,6607.4,,,,,,,,,,,,,,
2022-11-21,6596.4,6684.2,6607.4,,,,,,,,,,,,,,
2022-11-22,6596.4,6684.2,6607.4,,,,,,,,,,,,,,
2022-11-23,6596.4,6684.2,6607.4,,,,,,,,,,,,,,
2022-11-24,6596.4,6684.2,6607.4,,,,,,,,,,,,,,
2022-11-25,6596.4,6684.2,6607.4,,,,,,,,,,,,,,
2022-11-28,6596.4,6684.2,6607.4,,,,,,,,,,,,,,
2022-11-29,6596.4,6684.2,6607.4,,,,,,,,,,,,,,
2022-11-30,6596.4,6684.2,6607.4,,,,,,,,,,,,,,
2022-12-01,6596.4,6684.2,6607.4,,,,,,,,,,,,,,
2022-12-02,6596.4,6684.2,6607.4,,,,,,,,,,,,,,
2022-12-05,6596.4,6684.2,6607.4,,,,,,,,,,,,,,
2022-12-06,6596.4,6684.2,6607.4,,,,,,,,,,,,,,
2022-12-07,6596.4,6684.2,6607.4,,,,,,,,,,,,,,
2022-12-08,6596.4,6684.2,6607.4,,,,,,,,,,,,,,
2022-12-09,6596.4,6684.8,6586.8,,,,,,,,,,,,,,
2022-12-12,6596.4,6684.8,6586.8,,,,,,,,,,,,,,
2022-12-13,6596.4,6684.8,6586.8,,,,,,,,,,,,,,
2022-12-14,6596.4,6684.8,6586.8,,,,,,,,,,,,,,
2022-12-15,6596.4,6684.8,6586.8,,,,,,,,,,,,,,
2022-12-16,6596.4,6684.8,6586.8,,,,,,,,,,,,,,
2022-12-19,6596.4,6684.8,6586.8,,,,,,,,,,,,,,
2022-12-20,6596.4,6684.8,6586.8,,,,,,,,,,,,,,
2022-12-21,6596.4,6684.8,6586.8,,,,,,,,,,,,,,
2022-12-22,6596.4,6684.8,6586.8,,,,,,,,,,,,,,
2022-12-23,6596.4,6684.8,6586.8,,,,,,,,,,,,,,
2022-12-26,6596.4,6684.8,6586.8,,,,,,,,,,,,,,
2022-12-27,6596.4,6684.8,6586.8,,,,,,,,,,,,,,
2022-12-28,6596.4,6684.8,6586.8,,,,,,,,,,,,,,
2022-12-29,6596.4,6684.8,6586.8,,,,,,,,,,,,,,
2022-12-30,6596.4,6684.8,6586.8,,,,,,,,,,,,,,
2023-01-03,6596.4,6684.8,6586.8,,,,,,,,,,,,,,
2023-01-04,6596.4,6684.8,6586.8,,,,,,,,,,,,,,
2023-01-05,6596.4,6684.8,6586.8,,,,,,,,,,,,,,
2023-01-06,6596.4,6684.8,6586.8,,,,,,,,,,,,,,
2023-01-09,6596.4,6684.8,6586.8,,,,,,,,,,,,,,
2023-01-10,6596.4,6684.8,6586.8,,,,,,,,,,,,,,
2023-01-11,6596.4,6684.8,6586.8,,,,,,,,,,,,,,
2023-01-12,6596.4,6684.8,6586.8,,,,,,,,,,,,,,
2023-01-13,6596.4,6684.8,6586.8,,,,,,,,,,,,,,
2023-01-16,6596.4,6684.8,6586.8,,,,,,,,,,,,,,
2023-01-17,6596.4,6684.8,6586.8,,,,,,,,,,,,,,
2023-01-18,6596.4,6684.8,6586.8,,,,,,,,,,,,,,
2023-01-19,6596.4,6684.8,6586.8,,,,,,,,,,,,,,
2023-01-20,6596.4,6684.8,6586.8,,,,,,,,,,,,,,
2023-01-30,6596.4,6684.8,6586.8,,,,,,,,,,,,,,
2023-01-31,6596.4,6684.8,6586.8,,,,,,,,,,,,,,
2023-02-01,6596.4,6684.8,6586.8,,,,,,,,,,,,,,
2023-02-02,6596.4,6684.8,6586.8,,,,,,,,,,,,,,
2023-02-03,6596.4,6684.8,6586.8,,,,,,,,,,,,,,
2023-02-06,6596.4,6684.8,6586.8,,,,,,,,,,,,,,
2023-02-07,6596.4,6684.8,6586.8,,,,,,,,,,,,,,
2023-02-08,6596.4,6684.8,6586.8,,,,,,,,,,,,,,
2023-02-09,6596.4,6684.8,6586.8,,,,,,,,,,,,,,
2023-02-10,6596.4,6684.8,6586.8,,,,,,,,,,,,,,
2023-02-13,6596.4,6684.8,6586.8,,,,,,,,,,,,,,
2023-02-14,6596.4,6684.8,6586.8,,,,,,,,,,,,,,
2023-02-15,6596.4,6684.8,6586.8,,,,,,,,,,,,,,
2023-02-16,6596.4,6684.8,6586.8,,,,,,,,,,,,,,
2023-02-17,6596.4,6684.8,6586.8,,,,,,,,,,,,,,
2023-02-20,6596.4,6684.8,6586.8,,,,,,,,,,,,,,
2023-02-21,6596.4,6684.8,6586.8,,,,,,,,,,,,,,
2023-02-22,6596.4,6684.8,6586.8,,,,,,,,,,,,,,
2023-02-23,6596.4,6684.8,6586.8,,,,,,,,,,,,,,
2023-02-24,6596.4,6684.8,6586.8,,,,,,,,,,,,,,
2023-02-27,6596.4,6684.8,6586.8,,,,,,,,,,,,,,
2023-02-28,6596.4,6684.8,6586.8,,,,,,,,,,,,,,
2023-03-01,6596.4,6684.8,6586.8,,,,,,,,,,,,,,
2023-03-02,6596.4,6684.8,6586.8,,,,,,,,,,,,,,
2023-03-03,6596.4,6684.8,6586.8,,,,,,,,,,,,,,
2023-03-06,6596.4,6684.8,6586.8,,,,,,,,,,,,,,
2023-03-07,6596.4,6684.8,6846.8,6746.2,,,,,,,,,,,,,
2023-03-08,6596.4,6684.8,6871.0,6766.0,,,,,,,,,,,,,
2023-03-09,6596.4,6684.8,6871.0,6766.0,,,,,,,,,,,,,
2023-03-10,6596.4,6684.8,6871.0,6766.0,,,,,,,,,,,,,
2023-03-13,6596.4,6684.8,6871.0,6766.0,,,,,,,,,,,,,
2023-03-14,6596.4,6684.8,6871.0,6766.0,,,,,,,,,,,,,
2023-03-15,6596.4,6684.8,6871.0,6766.0,,,,,,,,,,,,,
2023-03-16,6596.4,6684.8,6871.0,6766.0,,,,,,,,,,,,,
2023-03-17,6596.4,6684.8,6871.0,6766.0,,,,,,,,,,,,,
2023-03-20,6596.4,6684.8,6871.0,6766.0,,,,,,,,,,,,,
2023-03-21,6596.4,6684.8,6871.0,6766.0,,,,,,,,,,,,,
2023-03-22,6596.4,6684.8,6871.0,6766.0,,,,,,,,,,,,,
2023-03-23,6596.4,6684.8,6871.0,6766.0,,,,,,,,,,,,,
2023-03-24,6596.4,6684.8,6871.0,6766.0,,,,,,,,,,,,,
2023-03-27,6596.4,6684.8,6871.0,6766.0,,,,,,,,,,,,,
2023-03-28,6596.4,6684.8,6871.0,6766.0,,,,,,,,,,,,,
2023-03-29,6596.4,6684.8,6871.0,6766.0,,,,,,,,,,,,,
2023-03-30,6596.4,6684.8,6871.0,6766.0,,,,,,,,,,,,,
2023-03-31,6596.4,6684.8,6871.0,6766.0,,,,,,,,,,,,,
2023-04-03,6596.4,6684.8,6871.0,6766.0,,,,,,,,,,,,,
2023-04-04,6596.4,6684.8,6871.0,6766.0,,,,,,,,,,,,,
2023-04-06,6596.4,6684.8,6871.0,6766.0,,,,,,,,,,,,,
2023-04-07,6596.4,6684.8,6871.0,6766.0,,,,,,,,,,,,,
2023-04-10,6596.4,6684.8,6871.0,6766.0,,,,,,,,,,,,,
2023-04-11,6596.4,6684.8,6871.0,6766.0,,,,,,,,,,,,,
2023-04-12,6596.4,6684.8,6871.0,6766.0,,,,,,,,,,,,,
2023-04-13,6596.4,6684.8,6871.0,6766.0,,,,,,,,,,,,,
2023-04-14,6596.4,6684.8,6871.0,6766.0,,,,,,,,,,,,,
2023-04-17,6596.4,6684.8,6871.0,6766.0,,,,,,,,,,,,,
2023-04-18,6596.4,6684.8,6871.0,6766.0,,,,,,,,,,,,,
2023-04-19,6596.4,6684.8,6871.0,6766.0,,,,,,,,,,,,,
2023-04-20,6596.4,6684.8,6871.0,6766.0,,,,,,,,,,,,,
2023-04-21,6596.4,6684.8,6871.0,6766.0,,,,,,,,,,,,,
2023-04-24,6596.4,6684.8,6871.0,6766.0,,,,,,,,,,,,,
2023-04-25,6596.4,6684.8,6871.0,6766.0,,,,,,,,,,,,,
2023-04-26,6596.4,6684.8,6871.0,6766.0,,,,,,,,,,,,,
2023-04-27,6596.4,6684.8,6871.0,6766.0,,,,,,,,,,,,,
2023-04-28,6596.4,6684.8,6871.0,6766.0,,,,,,,,,,,,,
2023-05-04,6596.4,6684.8,6871.0,6766.0,,,,,,,,,,,,,
2023-05-05,6596.4,6684.8,6871.0,6766.0,,,,,,,,,,,,,
2023-05-08,6596.4,6684.8,6871.0,6766.0,,,,,,,,,,,,,
2023-05-09,6596.4,6684.8,6871.0,6766.0,,,,,,,,,,,,,
2023-05-10,6596.4,6684.8,6871.0,6766.0,,,,,,,,,,,,,
2023-05-11,6596.4,6684.8,6871.0,6766.0,,,,,,,,,,,,,
2023-05-12,6596.4,6684.8,6871.0,6766.0,,,,,,,,,,,,,
2023-05-15,6596.4,6684.8,6871.0,6766.0,,,,,,,,,,,,,
2023-05-16,6596.4,6684.8,6871.0,6766.0,,,,,,,,,,,,,
2023-05-17,6596.4,6684.8,6871.0,6766.0,,,,,,,,,,,,,
2023-05-18,6596.4,6684.8,6871.0,6766.0,,,,,,,,,,,,,
2023-05-19,6596.4,6684.8,6871.0,6766.0,,,,,,,,,,,,,
2023-05-22,6596.4,6684.8,6871.0,6766.0,,,,,,,,,,,,,
2023-05-23,6596.4,6684.8,6871.0,6513.0,6469.4,,,,,,,,,,,,
2023-05-24,6596.4,6684.8,6871.0,6497.0,6450.4,,,,,,,,,,,,
2023-05-25,6596.4,6684.8,6871.0,6497.0,6450.4,,,,,,,,,,,,
2023-05-26,6596.4,6684.8,6871.0,6497.0,6450.4,,,,,,,,,,,,
2023-05-29,6596.4,6684.8,6871.0,6497.0,6450.4,,,,,,,,,,,,
2023-05-30,6596.4,6684.8,6871.0,6497.0,6450.4,,,,,,,,,,,,
2023-05-31,6596.4,6684.8,6871.0,6497.0,6450.4,,,,,,,,,,,,
2023-06-01,6596.4,6684.8,6871.0,6497.0,6450.4,,,,,,,,,,,,
2023-06-02,6596.4,6684.8,6871.0,6497.0,6450.4,,,,,,,,,,,,
2023-06-05,6596.4,6684.8,6871.0,6497.0,6450.4,,,,,,,,,,,,
2023-06-06,6596.4,6684.8,6871.0,6497.0,6450.4,,,,,,,,,,,,
2023-06-07,6596.4,6684.8,6871.0,6497.0,6450.4,,,,,,,,,,,,
2023-06-08,6596.4,6684.8,6871.0,6497.0,6450.4,,,,,,,,,,,,
2023-06-09,6596.4,6684.8,6871.0,6497.0,6450.4,,,,,,,,,,,,
2023-06-12,6596.4,6684.8,6871.0,6497.0,6450.4,,,,,,,,,,,,
2023-06-13,6596.4,6684.8,6871.0,6497.0,6450.4,,,,,,,,,,,,
2023-06-14,6596.4,6684.8,6871.0,6497.0,6450.4,,,,,,,,,,,,
2023-06-15,6596.4,6684.8,6871.0,6497.0,6450.4,,,,,,,,,,,,
2023-06-16,6596.4,6684.8,6871.0,6497.0,6450.4,,,,,,,,,,,,
2023-06-19,6596.4,6684.8,6871.0,6497.0,6450.4,,,,,,,,,,,,
2023-06-20,6596.4,6684.8,6871.0,6497.0,6450.4,,,,,,,,,,,,
2023-06-21,6596.4,6684.8,6871.0,6497.0,6450.4,,,,,,,,,,,,
2023-06-26,6596.4,6684.8,6871.0,6497.0,6450.4,,,,,,,,,,,,
2023-06-27,6596.4,6684.8,6871.0,6497.0,6450.4,,,,,,,,,,,,
2023-06-28,6596.4,6684.8,6871.0,6497.0,6450.4,,,,,,,,,,,,
2023-06-29,6596.4,6684.8,6871.0,6497.0,6450.4,,,,,,,,,,,,
2023-06-30,6596.4,6684.8,6871.0,6497.0,6450.4,,,,,,,,,,,,
2023-07-03,6596.4,6684.8,6871.0,6497.0,6450.4,,,,,,,,,,,,
2023-07-04,6596.4,6684.8,6871.0,6497.0,6450.4,,,,,,,,,,,,
2023-07-05,6596.4,6684.8,6871.0,6497.0,6450.4,,,,,,,,,,,,
2023-07-06,6596.4,6684.8,6871.0,6497.0,6450.4,,,,,,,,,,,,
2023-07-07,6596.4,6684.8,6871.0,6497.0,6450.4,,,,,,,,,,,,
2023-07-10,6596.4,6684.8,6871.0,6497.0,6450.4,,,,,,,,,,,,
2023-07-11,6596.4,6684.8,6871.0,6497.0,6450.4,,,,,,,,,,,,
2023-07-12,6596.4,6684.8,6871.0,6497.0,6450.4,,,,,,,,,,,,
2023-07-13,6596.4,6684.8,6871.0,6497.0,6450.4,,,,,,,,,,,,
2023-07-14,6596.4,6684.8,6871.0,6497.0,6450.4,,,,,,,,,,,,
2023-07-17,6596.4,6684.8,6871.0,6497.0,6450.4,,,,,,,,,,,,
2023-07-18,6596.4,6684.8,6871.0,6497.0,6450.4,,,,,,,,,,,,
2023-07-19,6596.4,6684.8,6871.0,6497.0,6450.4,,,,,,,,,,,,
2023-07-20,6596.4,6684.8,6871.0,6497.0,6450.4,,,,,,,,,,,,
2023-07-21,6596.4,6684.8,6871.0,6497.0,6450.4,,,,,,,,,,,,
2023-07-24,6596.4,6684.8,6871.0,6497.0,6450.4,,,,,,,,,,,,
2023-07-25,6596.4,6684.8,6871.0,6497.0,6450.4,,,,,,,,,,,,
2023-07-26,6596.4,6684.8,6871.0,6497.0,6450.4,,,,,,,,,,,,
2023-07-27,6596.4,6684.8,6871.0,6497.0,6450.4,,,,,,,,,,,,
2023-07-28,6596.4,6684.8,6871.0,6497.0,6450.4,,,,,,,,,,,,
2023-07-31,6596.4,6684.8,6871.0,6497.0,6450.4,,,,,,,,,,,,
2023-08-01,6596.4,6684.8,6871.0,6497.0,6450.4,,,,,,,,,,,,
2023-08-02,6596.4,6684.8,6871.0,6497.0,6450.4,,,,,,,,,,,,
2023-08-03,6596.4,6684.8,6871.0,6497.0,6450.4,,,,,,,,,,,,
2023-08-04,6596.4,6684.8,6871.0,6497.0,6450.4,,,,,,,,,,,,
2023-08-07,6596.4,6684.8,6871.0,6497.0,6450.4,,,,,,,,,,,,
2023-08-08,6596.4,6684.8,6871.0,6497.0,6450.4,,,,,,,,,,,,
2023-08-09,6596.4,6684.8,6871.0,6497.0,6450.4,,,,,,,,,,,,
2023-08-10,6596.4,6684.8,6871.0,6497.0,6450.4,,,,,,,,,,,,
2023-08-11,6596.4,6684.8,6871.0,6497.0,6450.4,,,,,,,,,,,,
2023-08-14,6596.4,6684.8,6871.0,6497.0,6450.4,,,,,,,,,,,,
2023-08-15,6596.4,6684.8,6871.0,6497.0,6450.4,,,,,,,,,,,,
2023-08-16,6596.4,6684.8,6871.0,6497.0,6450.4,,,,,,,,,,,,
2023-08-17,6596.4,6684.8,6871.0,6497.0,6450.4,,,,,,,,,,,,
2023-08-18,6596.4,6684.8,6871.0,6497.0,6450.4,,,,,,,,,,,,
2023-08-21,6596.4,6684.8,6871.0,6497.0,6450.4,,,,,,,,,,,,
2023-08-22,6596.4,6684.8,6871.0,6497.0,6450.4,,,,,,,,,,,,
2023-08-23,6596.4,6684.8,6871.0,6497.0,6450.4,,,,,,,,,,,,
2023-08-24,6596.4,6684.8,6871.0,6497.0,6450.4,,,,,,,,,,,,
2023-08-25,6596.4,6684.8,6871.0,6497.0,6450.4,,,,,,,,,,,,
2023-08-28,6596.4,6684.8,6871.0,6497.0,6450.4,,,,,,,,,,,,
2023-08-29,6596.4,6684.8,6871.0,6497.0,6099.2,6092.0,,,,,,,,,,,
2023-08-30,6596.4,6684.8,6871.0,6497.0,6099.2,6092.0,,,,,,,,,,,
2023-08-31,6596.4,6684.8,6871.0,6497.0,6099.2,6092.0,,,,,,,,,,,
2023-09-01,6596.4,6684.8,6871.0,6497.0,6099.2,6092.0,,,,,,,,,,,
2023-09-04,6596.4,6684.8,6871.0,6497.0,6099.2,6092.0,,,,,,,,,,,
2023-09-05,6596.4,6684.8,6871.0,6497.0,6099.2,6092.0,,,,,,,,,,,
2023-09-06,6596.4,6684.8,6871.0,6497.0,6099.2,6092.0,,,,,,,,,,,
2023-09-07,6596.4,6684.8,6871.0,6497.0,6099.2,6092.0,,,,,,,,,,,
2023-09-08,6596.4,6684.8,6871.0,6497.0,6099.2,6092.0,,,,,,,,,,,
2023-09-11,6596.4,6684.8,6871.0,6497.0,6165.0,6144.6,,,,,,,,,,,
2023-09-12,6596.4,6684.8,6871.0,6497.0,6165.0,6144.6,,,,,,,,,,,
2023-09-13,6596.4,6684.8,6871.0,6497.0,6165.0,6144.6,,,,,,,,,,,
2023-09-14,6596.4,6684.8,6871.0,6497.0,6165.0,6144.6,,,,,,,,,,,
2023-09-15,6596.4,6684.8,6871.0,6497.0,6165.0,6144.6,,,,,,,,,,,
2023-09-18,6596.4,6684.8,6871.0,6497.0,6165.0,6144.6,,,,,,,,,,,
2023-09-19,6596.4,6684.8,6871.0,6497.0,6165.0,6144.6,,,,,,,,,,,
2023-09-20,6596.4,6684.8,6871.0,6497.0,6165.0,6144.6,,,,,,,,,,,
2023-09-21,6596.4,6684.8,6871.0,6497.0,6165.0,6144.6,,,,,,,,,,,
2023-09-22,6596.4,6684.8,6871.0,6497.0,6165.0,6144.6,,,,,,,,,,,
2023-09-25,6596.4,6684.8,6871.0,6497.0,6165.0,6144.6,,,,,,,,,,,
2023-09-26,6596.4,6684.8,6871.0,6497.0,6165.0,6144.6,,,,,,,,,,,
2023-09-27,6596.4,6684.8,6871.0,6497.0,6165.0,6144.6,,,,,,,,,,,
2023-09-28,6596.4,6684.8,6871.0,6497.0,6165.0,6144.6,,,,,,,,,,,
2023-10-09,6596.4,6684.8,6871.0,6497.0,6165.0,6144.6,,,,,,,,,,,
2023-10-10,6596.4,6684.8,6871.0,6497.0,6165.0,6144.6,,,,,,,,,,,
2023-10-11,6596.4,6684.8,6871.0,6497.0,6165.0,6144.6,,,,,,,,,,,
2023-10-12,6596.4,6684.8,6871.0,6497.0,6165.0,6144.6,,,,,,,,,,,
2023-10-13,6596.4,6684.8,6871.0,6497.0,6165.0,6144.6,,,,,,,,,,,
2023-10-16,6596.4,6684.8,6871.0,6497.0,6165.0,6144.6,,,,,,,,,,,
2023-10-17,6596.4,6684.8,6871.0,6497.0,6165.0,6144.6,,,,,,,,,,,
2023-10-18,6596.4,6684.8,6871.0,6497.0,6165.0,6144.6,,,,,,,,,,,
2023-10-19,6596.4,6684.8,6871.0,6497.0,6165.0,6144.6,,,,,,,,,,,
2023-10-20,6596.4,6684.8,6871.0,6497.0,6165.0,6144.6,,,,,,,,,,,
2023-10-23,6596.4,6684.8,6871.0,6497.0,6165.0,6144.6,,,,,,,,,,,
2023-10-24,6596.4,6684.8,6871.0,6497.0,6165.0,6144.6,,,,,,,,,,,
2023-10-25,6596.4,6684.8,6871.0,6497.0,6165.0,6144.6,,,,,,,,,,,
2023-10-26,6596.4,6684.8,6871.0,6497.0,6165.0,6144.6,,,,,,,,,,,
2023-10-27,6596.4,6684.8,6871.0,6497.0,6165.0,6144.6,,,,,,,,,,,
2023-10-30,6596.4,6684.8,6871.0,6497.0,6165.0,6144.6,,,,,,,,,,,
2023-10-31,6596.4,6684.8,6871.0,6497.0,6165.0,6144.6,,,,,,,,,,,
2023-11-01,6596.4,6684.8,6871.0,6497.0,6165.0,6144.6,,,,,,,,,,,
2023-11-02,6596.4,6684.8,6871.0,6497.0,6165.0,6144.6,,,,,,,,,,,
2023-11-03,6596.4,6684.8,6871.0,6497.0,6165.0,6144.6,,,,,,,,,,,
2023-11-06,6596.4,6684.8,6871.0,6497.0,6165.0,6144.6,,,,,,,,,,,
2023-11-07,6596.4,6684.8,6871.0,6497.0,6165.0,6144.6,,,,,,,,,,,
2023-11-08,6596.4,6684.8,6871.0,6497.0,6165.0,6144.6,,,,,,,,,,,
2023-11-09,6596.4,6684.8,6871.0,6497.0,6165.0,6144.6,,,,,,,,,,,
2023-11-10,6596.4,6684.8,6871.0,6497.0,6165.0,6144.6,,,,,,,,,,,
2023-11-13,6596.4,6684.8,6871.0,6497.0,6165.0,6092.2,6039.6,,,,,,,,,,
2023-11-14,6596.4,6684.8,6871.0,6497.0,6165.0,6092.2,6039.6,,,,,,,,,,
2023-11-15,6596.4,6684.8,6871.0,6497.0,6165.0,6092.2,6039.6,,,,,,,,,,
2023-11-16,6596.4,6684.8,6871.0,6497.0,6165.0,6092.2,6039.6,,,,,,,,,,
2023-11-17,6596.4,6684.8,6871.0,6497.0,6165.0,6092.2,6039.6,,,,,,,,,,
2023-11-20,6596.4,6684.8,6871.0,6497.0,6165.0,6213.8,6128.2,,,,,,,,,,
2023-11-21,6596.4,6684.8,6871.0,6497.0,6165.0,6161.8,6084.0,,,,,,,,,,
2023-11-22,6596.4,6684.8,6871.0,6497.0,6165.0,6161.8,6084.0,,,,,,,,,,
2023-11-23,6596.4,6684.8,6871.0,6497.0,6165.0,6161.8,6084.0,,,,,,,,,,
2023-11-24,6596.4,6684.8,6871.0,6497.0,6165.0,6161.8,6084.0,,,,,,,,,,
2023-11-27,6596.4,6684.8,6871.0,6497.0,6165.0,6161.8,6084.0,,,,,,,,,,
2023-11-28,6596.4,6684.8,6871.0,6497.0,6165.0,6161.8,6084.0,,,,,,,,,,
2023-11-29,6596.4,6684.8,6871.0,6497.0,6165.0,6161.8,6084.0,,,,,,,,,,
2023-11-30,6596.4,6684.8,6871.0,6497.0,6165.0,6161.8,6084.0,,,,,,,,,,
2023-12-01,6596.4,6684.8,6871.0,6497.0,6165.0,6092.2,5997.6,,,,,,,,,,
2023-12-04,6596.4,6684.8,6871.0,6497.0,6165.0,6092.2,5997.6,,,,,,,,,,
2023-12-05,6596.4,6684.8,6871.0,6497.0,6165.0,6092.2,5997.6,,,,,,,,,,
2023-12-06,6596.4,6684.8,6871.0,6497.0,6165.0,6092.2,5997.6,,,,,,,,,,
2023-12-07,6596.4,6684.8,6871.0,6497.0,6165.0,6092.2,5997.6,,,,,,,,,,
2023-12-08,6596.4,6684.8,6871.0,6497.0,6165.0,6092.2,5997.6,,,,,,,,,,
2023-12-11,6596.4,6684.8,6871.0,6497.0,6165.0,6092.2,5997.6,,,,,,,,,,
2023-12-12,6596.4,6684.8,6871.0,6497.0,6165.0,6092.2,5997.6,,,,,,,,,,
2023-12-13,6596.4,6684.8,6871.0,6497.0,6165.0,6092.2,5997.6,,,,,,,,,,
2023-12-14,6596.4,6684.8,6871.0,6497.0,6165.0,6092.2,5997.6,,,,,,,,,,
2023-12-15,6596.4,6684.8,6871.0,6497.0,6165.0,6092.2,5997.6,,,,,,,,,,
2023-12-18,6596.4,6684.8,6871.0,6497.0,6165.0,6092.2,5997.6,,,,,,,,,,
2023-12-19,6596.4,6684.8,6871.0,6497.0,6165.0,6092.2,5997.6,,,,,,,,,,
2023-12-20,6596.4,6684.8,6871.0,6497.0,6165.0,6092.2,5997.6,,,,,,,,,,
2023-12-21,6596.4,6684.8,6871.0,6497.0,6165.0,6092.2,5997.6,,,,,,,,,,
2023-12-22,6596.4,6684.8,6871.0,6497.0,6165.0,6092.2,5997.6,,,,,,,,,,
2023-12-25,6596.4,6684.8,6871.0,6497.0,6165.0,6092.2,5997.6,,,,,,,,,,
2023-12-26,6596.4,6684.8,6871.0,6497.0,6165.0,6092.2,5997.6,,,,,,,,,,
2023-12-27,6596.4,6684.8,6871.0,6497.0,6165.0,6092.2,5997.6,,,,,,,,,,
2023-12-28,6596.4,6684.8,6871.0,6497.0,6165.0,6092.2,5997.6,,,,,,,,,,
2023-12-29,6596.4,6684.8,6871.0,6497.0,6165.0,6092.2,5997.6,,,,,,,,,,
2024-01-02,6596.4,6684.8,6871.0,6497.0,6165.0,6092.2,5997.6,,,,,,,,,,
2024-01-03,6596.4,6684.8,6871.0,6497.0,6165.0,6092.2,5997.6,,,,,,,,,,
2024-01-04,6596.4,6684.8,6871.0,6497.0,6165.0,6092.2,5997.6,,,,,,,,,,
2024-01-05,6596.4,6684.8,6871.0,6497.0,6165.0,6092.2,5997.6,,,,,,,,,,
2024-01-08,6596.4,6684.8,6871.0,6497.0,6165.0,6092.2,5997.6,,,,,,,,,,
2024-01-09,6596.4,6684.8,6871.0,6497.0,6165.0,6092.2,5997.6,,,,,,,,,,
2024-01-10,6596.4,6684.8,6871.0,6497.0,6165.0,6092.2,5997.6,,,,,,,,,,
2024-01-11,6596.4,6684.8,6871.0,6497.0,6165.0,6092.2,5997.6,,,,,,,,,,
2024-01-12,6596.4,6684.8,6871.0,6497.0,6165.0,6092.2,5997.6,,,,,,,,,,
2024-01-15,6596.4,6684.8,6871.0,6497.0,6165.0,6092.2,5997.6,,,,,,,,,,
2024-01-16,6596.4,6684.8,6871.0,6497.0,6165.0,6092.2,5997.6,,,,,,,,,,
2024-01-17,6596.4,6684.8,6871.0,6497.0,6165.0,6092.2,5997.6,,,,,,,,,,
2024-01-18,6596.4,6684.8,6871.0,6497.0,6165.0,6092.2,5997.6,,,,,,,,,,
2024-01-19,6596.4,6684.8,6871.0,6497.0,6165.0,6092.2,5997.6,,,,,,,,,,
2024-01-22,6596.4,6684.8,6871.0,6497.0,6165.0,6092.2,5997.6,,,,,,,,,,
2024-01-23,6596.4,6684.8,6871.0,6497.0,6165.0,6092.2,5997.6,,,,,,,,,,
2024-01-24,6596.4,6684.8,6871.0,6497.0,6165.0,6092.2,5997.6,,,,,,,,,,
2024-01-25,6596.4,6684.8,6871.0,6497.0,6165.0,6092.2,5997.6,,,,,,,,,,
2024-01-26,6596.4,6684.8,6871.0,6497.0,6165.0,6092.2,5997.6,,,,,,,,,,
2024-01-29,6596.4,6684.8,6871.0,6497.0,6165.0,6092.2,5997.6,,,,,,,,,,
2024-01-30,6596.4,6684.8,6871.0,6497.0,6165.0,6092.2,5997.6,,,,,,,,,,
2024-01-31,6596.4,6684.8,6871.0,6497.0,6165.0,6092.2,5997.6,,,,,,,,,,
2024-02-01,6596.4,6684.8,6871.0,6497.0,6165.0,6092.2,5997.6,,,,,,,,,,
2024-02-02,6596.4,6684.8,6871.0,6497.0,6165.0,6092.2,5997.6,,,,,,,,,,
2024-02-05,6596.4,6684.8,6871.0,6497.0,6165.0,6092.2,4044.6,3922.6,,,,,,,,,
2024-02-06,6596.4,6684.8,6871.0,6497.0,6165.0,6092.2,4568.4,4454.0,,,,,,,,,
2024-02-07,6596.4,6684.8,6871.0,6497.0,6165.0,6092.2,4793.0,4715.0,,,,,,,,,
2024-02-08,6596.4,6684.8,6871.0,6497.0,6165.0,6092.2,4793.0,4715.0,,,,,,,,,
2024-02-19,6596.4,6684.8,6871.0,6497.0,6165.0,6092.2,4793.0,4715.0,,,,,,,,,
2024-02-20,6596.4,6684.8,6871.0,6497.0,6165.0,6092.2,4793.0,4715.0,,,,,,,,,
2024-02-21,6596.4,6684.8,6871.0,6497.0,6165.0,6092.2,4793.0,4715.0,,,,,,,,,
2024-02-22,6596.4,6684.8,6871.0,6497.0,6165.0,6092.2,4793.0,4715.0,,,,,,,,,
2024-02-23,6596.4,6684.8,6871.0,6497.0,6165.0,6092.2,4793.0,4715.0,,,,,,,,,
2024-02-26,6596.4,6684.8,6871.0,6497.0,6165.0,6092.2,4793.0,4715.0,,,,,,,,,
2024-02-27,6596.4,6684.8,6871.0,6497.0,6165.0,6092.2,4793.0,4715.0,,,,,,,,,
2024-02-28,6596.4,6684.8,6871.0,6497.0,6165.0,6092.2,4793.0,4715.0,,,,,,,,,
2024-02-29,6596.4,6684.8,6871.0,6497.0,6165.0,6092.2,4793.0,4715.0,,,,,,,,,
2024-03-01,6596.4,6684.8,6871.0,6497.0,6165.0,6092.2,4793.0,4715.0,,,,,,,,,
2024-03-04,6596.4,6684.8,6871.0,6497.0,6165.0,6092.2,4793.0,4715.0,,,,,,,,,
2024-03-05,6596.4,6684.8,6871.0,6497.0,6165.0,6092.2,4793.0,4715.0,,,,,,,,,
2024-03-06,6596.4,6684.8,6871.0,6497.0,6165.0,6092.2,4793.0,4715.0,,,,,,,,,
2024-03-07,6596.4,6684.8,6871.0,6497.0,6165.0,6092.2,4793.0,4715.0,,,,,,,,,
2024-03-08,6596.4,6684.8,6871.0,6497.0,6165.0,6092.2,4793.0,4715.0,,,,,,,,,
2024-03-11,6596.4,6684.8,6871.0,6497.0,6165.0,6092.2,5463.0,5319.6,,,,,,,,,
2024-03-12,6596.4,6684.8,6871.0,6497.0,6165.0,6092.2,5463.0,5319.6,,,,,,,,,
2024-03-13,6596.4,6684.8,6871.0,6497.0,6165.0,6092.2,5463.0,5319.6,,,,,,,,,
2024-03-14,6596.4,6684.8,6871.0,6497.0,6165.0,6092.2,5463.0,5319.6,,,,,,,,,
2024-03-15,6596.4,6684.8,6871.0,6497.0,6165.0,6092.2,5463.0,5319.6,,,,,,,,,
2024-03-18,6596.4,6684.8,6871.0,6497.0,6165.0,6092.2,5463.0,5319.6,,,,,,,,,
2024-03-19,6596.4,6684.8,6871.0,6497.0,6165.0,6092.2,5463.0,5319.6,,,,,,,,,
2024-03-20,6596.4,6684.8,6871.0,6497.0,6165.0,6092.2,5463.0,5319.6,,,,,,,,,
2024-03-21,6596.4,6684.8,6871.0,6497.0,6165.0,6092.2,5463.0,5319.6,,,,,,,,,
2024-03-22,6596.4,6684.8,6871.0,6497.0,6165.0,6092.2,5463.0,5319.6,,,,,,,,,
2024-03-25,6596.4,6684.8,6871.0,6497.0,6165.0,6092.2,5463.0,5319.6,,,,,,,,,
2024-03-26,6596.4,6684.8,6871.0,6497.0,6165.0,6092.2,5463.0,5319.6,,,,,,,,,
2024-03-27,6596.4,6684.8,6871.0,6497.0,6165.0,6092.2,5463.0,5319.6,,,,,,,,,
2024-03-28,6596.4,6684.8,6871.0,6497.0,6165.0,6092.2,5463.0,5319.6,,,,,,,,,
2024-03-29,6596.4,6684.8,6871.0,6497.0,6165.0,6092.2,5463.0,5319.6,,,,,,,,,
2024-04-01,6596.4,6684.8,6871.0,6497.0,6165.0,6092.2,5463.0,5319.6,,,,,,,,,
2024-04-02,6596.4,6684.8,6871.0,6497.0,6165.0,6092.2,5463.0,5319.6,,,,,,,,,
2024-04-03,6596.4,6684.8,6871.0,6497.0,6165.0,6092.2,5463.0,5319.6,,,,,,,,,
2024-04-08,6596.4,6684.8,6871.0,6497.0,6165.0,6092.2,5463.0,5319.6,,,,,,,,,
2024-04-09,6596.4,6684.8,6871.0,6497.0,6165.0,6092.2,5463.0,5319.6,,,,,,,,,
2024-04-10,6596.4,6684.8,6871.0,6497.0,6165.0,6092.2,5463.0,5319.6,,,,,,,,,
2024-04-11,6596.4,6684.8,6871.0,6497.0,6165.0,6092.2,5463.0,5319.6,,,,,,,,,
2024-04-12,6596.4,6684.8,6871.0,6497.0,6165.0,6092.2,5463.0,5319.6,,,,,,,,,
2024-04-15,6596.4,6684.8,6871.0,6497.0,6165.0,6092.2,5463.0,5319.6,,,,,,,,,
2024-04-16,6596.4,6684.8,6871.0,6497.0,6165.0,6092.2,5463.0,5319.6,,,,,,,,,
2024-04-17,6596.4,6684.8,6871.0,6497.0,6165.0,6092.2,5463.0,5319.6,,,,,,,,,
2024-04-18,6596.4,6684.8,6871.0,6497.0,6165.0,6092.2,5463.0,5319.6,,,,,,,,,
2024-04-19,6596.4,6684.8,6871.0,6497.0,6165.0,6092.2,5463.0,5319.6,,,,,,,,,
2024-04-22,6596.4,6684.8,6871.0,6497.0,6165.0,6092.2,5463.0,5319.6,,,,,,,,,
2024-04-23,6596.4,6684.8,6871.0,6497.0,6165.0,6092.2,5463.0,5319.6,,,,,,,,,
2024-04-24,6596.4,6684.8,6871.0,6497.0,6165.0,6092.2,5463.0,5319.6,,,,,,,,,
2024-04-25,6596.4,6684.8,6871.0,6497.0,6165.0,6092.2,5463.0,5319.6,,,,,,,,,
2024-04-26,6596.4,6684.8,6871.0,6497.0,6165.0,6092.2,5463.0,5319.6,,,,,,,,,
2024-04-29,6596.4,6684.8,6871.0,6497.0,6165.0,6092.2,5463.0,5319.6,,,,,,,,,
2024-04-30,6596.4,6684.8,6871.0,6497.0,6165.0,6092.2,5463.0,5319.6,,,,,,,,,
2024-05-06,6596.4,6684.8,6871.0,6497.0,6165.0,6092.2,5463.0,5548.6,5461.8,,,,,,,,
2024-05-07,6596.4,6684.8,6871.0,6497.0,6165.0,6092.2,5463.0,5548.6,5461.8,,,,,,,,
2024-05-08,6596.4,6684.8,6871.0,6497.0,6165.0,6092.2,5463.0,5548.6,5461.8,,,,,,,,
2024-05-09,6596.4,6684.8,6871.0,6497.0,6165.0,6092.2,5463.0,5548.6,5461.8,,,,,,,,
2024-05-10,6596.4,6684.8,6871.0,6497.0,6165.0,6092.2,5463.0,5548.6,5461.8,,,,,,,,
2024-05-13,6596.4,6684.8,6871.0,6497.0,6165.0,6092.2,5463.0,5548.6,5461.8,,,,,,,,
2024-05-14,6596.4,6684.8,6871.0,6497.0,6165.0,6092.2,5463.0,5548.6,5461.8,,,,,,,,
2024-05-15,6596.4,6684.8,6871.0,6497.0,6165.0,6092.2,5463.0,5548.6,5461.8,,,,,,,,
2024-05-16,6596.4,6684.8,6871.0,6497.0,6165.0,6092.2,5463.0,5548.6,5461.8,,,,,,,,
2024-05-17,6596.4,6684.8,6871.0,6497.0,6165.0,6092.2,5463.0,5548.6,5461.8,,,,,,,,
2024-05-20,6596.4,6684.8,6871.0,6497.0,6165.0,6092.2,5463.0,5548.6,5461.8,,,,,,,,
2024-05-21,6596.4,6684.8,6871.0,6497.0,6165.0,6092.2,5463.0,5548.6,5461.8,,,,,,,,
2024-05-22,6596.4,6684.8,6871.0,6497.0,6165.0,6092.2,5463.0,5548.6,5461.8,,,,,,,,
2024-05-23,6596.4,6684.8,6871.0,6497.0,6165.0,6092.2,5463.0,5548.6,5461.8,,,,,,,,
2024-05-24,6596.4,6684.8,6871.0,6497.0,6165.0,6092.2,5463.0,5548.6,5461.8,,,,,,,,
2024-05-27,6596.4,6684.8,6871.0,6497.0,6165.0,6092.2,5463.0,5548.6,5461.8,,,,,,,,
2024-05-28,6596.4,6684.8,6871.0,6497.0,6165.0,6092.2,5463.0,5548.6,5461.8,,,,,,,,
2024-05-29,6596.4,6684.8,6871.0,6497.0,6165.0,6092.2,5463.0,5548.6,5461.8,,,,,,,,
2024-05-30,6596.4,6684.8,6871.0,6497.0,6165.0,6092.2,5463.0,5548.6,5461.8,,,,,,,,
2024-05-31,6596.4,6684.8,6871.0,6497.0,6165.0,6092.2,5463.0,5548.6,5461.8,,,,,,,,
2024-06-03,6596.4,6684.8,6871.0,6497.0,6165.0,6092.2,5463.0,5548.6,5461.8,,,,,,,,
2024-06-04,6596.4,6684.8,6871.0,6497.0,6165.0,6092.2,5463.0,5548.6,5461.8,,,,,,,,
2024-06-05,6596.4,6684.8,6871.0,6497.0,6165.0,6092.2,5463.0,5548.6,5461.8,,,,,,,,
2024-06-06,6596.4,6684.8,6871.0,6497.0,6165.0,6092.2,5463.0,5548.6,5461.8,,,,,,,,
2024-06-07,6596.4,6684.8,6871.0,6497.0,6165.0,6092.2,5463.0,5548.6,5461.8,,,,,,,,
2024-06-11,6596.4,6684.8,6871.0,6497.0,6165.0,6092.2,5463.0,5548.6,5461.8,,,,,,,,
2024-06-12,6596.4,6684.8,6871.0,6497.0,6165.0,6092.2,5463.0,5548.6,5461.8,,,,,,,,
2024-06-13,6596.4,6684.8,6871.0,6497.0,6165.0,6092.2,5463.0,5548.6,5461.8,,,,,,,,
2024-06-14,6596.4,6684.8,6871.0,6497.0,6165.0,6092.2,5463.0,5548.6,5461.8,,,,,,,,
2024-06-17,6596.4,6684.8,6871.0,6497.0,6165.0,6092.2,5463.0,5173.8,5044.0,,,,,,,,
2024-06-18,6596.4,6684.8,6871.0,6497.0,6165.0,6092.2,5463.0,5173.8,5044.0,,,,,,,,
2024-06-19,6596.4,6684.8,6871.0,6497.0,6165.0,6092.2,5463.0,5173.8,5044.0,,,,,,,,
2024-06-20,6596.4,6684.8,6871.0,6497.0,6165.0,6092.2,5463.0,5173.8,5044.0,,,,,,,,
2024-06-21,6596.4,6684.8,6871.0,6497.0,6165.0,6092.2,5463.0,5173.8,5044.0,,,,,,,,
2024-06-24,6596.4,6684.8,6871.0,6497.0,6165.0,6092.2,5463.0,5173.8,5044.0,,,,,,,,
2024-06-25,6596.4,6684.8,6871.0,6497.0,6165.0,6092.2,5463.0,5173.8,5044.0,,,,,,,,
2024-06-26,6596.4,6684.8,6871.0,6497.0,6165.0,6092.2,5463.0,5173.8,5044.0,,,,,,,,
2024-06-27,6596.4,6684.8,6871.0,6497.0,6165.0,6092.2,5463.0,5173.8,5044.0,,,,,,,,
2024-06-28,6596.4,6684.8,6871.0,6497.0,6165.0,6092.2,5463.0,5173.8,5044.0,,,,,,,,
2024-07-01,6596.4,6684.8,6871.0,6497.0,6165.0,6092.2,5463.0,5173.8,5044.0,,,,,,,,
2024-07-02,6596.4,6684.8,6871.0,6497.0,6165.0,6092.2,5463.0,5173.8,5044.0,,,,,,,,
2024-07-03,6596.4,6684.8,6871.0,6497.0,6165.0,6092.2,5463.0,5173.8,5044.0,,,,,,,,
2024-07-04,6596.4,6684.8,6871.0,6497.0,6165.0,6092.2,5463.0,5173.8,5044.0,,,,,,,,
2024-07-05,6596.4,6684.8,6871.0,6497.0,6165.0,6092.2,5463.0,5173.8,5044.0,,,,,,,,
2024-07-08,6596.4,6684.8,6871.0,6497.0,6165.0,6092.2,5463.0,5173.8,5044.0,,,,,,,,
2024-07-09,6596.4,6684.8,6871.0,6497.0,6165.0,6092.2,5463.0,5173.8,5044.0,,,,,,,,
2024-07-10,6596.4,6684.8,6871.0,6497.0,6165.0,6092.2,5463.0,5173.8,5044.0,,,,,,,,
2024-07-11,6596.4,6684.8,6871.0,6497.0,6165.0,6092.2,5463.0,5173.8,5044.0,,,,,,,,
2024-07-12,6596.4,6684.8,6871.0,6497.0,6165.0,6092.2,5463.0,5173.8,5044.0,,,,,,,,
2024-07-15,6596.4,6684.8,6871.0,6497.0,6165.0,6092.2,5463.0,5173.8,5044.0,,,,,,,,
2024-07-16,6596.4,6684.8,6871.0,6497.0,6165.0,6092.2,5463.0,5173.8,5044.0,,,,,,,,
2024-07-17,6596.4,6684.8,6871.0,6497.0,6165.0,6092.2,5463.0,5173.8,5044.0,,,,,,,,
2024-07-18,6596.4,6684.8,6871.0,6497.0,6165.0,6092.2,5463.0,5173.8,5044.0,,,,,,,,
2024-07-19,6596.4,6684.8,6871.0,6497.0,6165.0,6092.2,5463.0,5173.8,5044.0,,,,,,,,
2024-07-22,6596.4,6684.8,6871.0,6497.0,6165.0,6092.2,5463.0,5173.8,5044.0,,,,,,,,
2024-07-23,6596.4,6684.8,6871.0,6497.0,6165.0,6092.2,5463.0,5173.8,5044.0,,,,,,,,
2024-07-24,6596.4,6684.8,6871.0,6497.0,6165.0,6092.2,5463.0,5173.8,5044.0,,,,,,,,
2024-07-25,6596.4,6684.8,6871.0,6497.0,6165.0,6092.2,5463.0,5173.8,5044.0,,,,,,,,
2024-07-26,6596.4,6684.8,6871.0,6497.0,6165.0,6092.2,5463.0,5173.8,5044.0,,,,,,,,
2024-07-29,6596.4,6684.8,6871.0,6497.0,6165.0,6092.2,5463.0,5173.8,5044.0,,,,,,,,
2024-07-30,6596.4,6684.8,6871.0,6497.0,6165.0,6092.2,5463.0,5173.8,5044.0,,,,,,,,
2024-07-31,6596.4,6684.8,6871.0,6497.0,6165.0,6092.2,5463.0,5173.8,5044.0,,,,,,,,
2024-08-01,6596.4,6684.8,6871.0,6497.0,6165.0,6092.2,5463.0,5173.8,5044.0,,,,,,,,
2024-08-02,6596.4,6684.8,6871.0,6497.0,6165.0,6092.2,5463.0,5173.8,5044.0,,,,,,,,
2024-08-05,6596.4,6684.8,6871.0,6497.0,6165.0,6092.2,5463.0,5173.8,5044.0,,,,,,,,
2024-08-06,6596.4,6684.8,6871.0,6497.0,6165.0,6092.2,5463.0,5173.8,5044.0,,,,,,,,
2024-08-07,6596.4,6684.8,6871.0,6497.0,6165.0,6092.2,5463.0,5173.8,5044.0,,,,,,,,
2024-08-08,6596.4,6684.8,6871.0,6497.0,6165.0,6092.2,5463.0,5173.8,5044.0,,,,,,,,
2024-08-09,6596.4,6684.8,6871.0,6497.0,6165.0,6092.2,5463.0,5173.8,5044.0,,,,,,,,
2024-08-12,6596.4,6684.8,6871.0,6497.0,6165.0,6092.2,5463.0,5173.8,5044.0,,,,,,,,
2024-08-13,6596.4,6684.8,6871.0,6497.0,6165.0,6092.2,5463.0,5173.8,4639.0,4539.4,,,,,,,
2024-08-14,6596.4,6684.8,6871.0,6497.0,6165.0,6092.2,5463.0,5173.8,4639.0,4539.4,,,,,,,
2024-08-15,6596.4,6684.8,6871.0,6497.0,6165.0,6092.2,5463.0,5173.8,4639.0,4539.4,,,,,,,
2024-08-16,6596.4,6684.8,6871.0,6497.0,6165.0,6092.2,5463.0,5173.8,4639.0,4539.4,,,,,,,
2024-08-19,6596.4,6684.8,6871.0,6497.0,6165.0,6092.2,5463.0,5173.8,4639.0,4539.4,,,,,,,
2024-08-20,6596.4,6684.8,6871.0,6497.0,6165.0,6092.2,5463.0,5173.8,4639.0,4539.4,,,,,,,
2024-08-21,6596.4,6684.8,6871.0,6497.0,6165.0,6092.2,5463.0,5173.8,4639.0,4539.4,,,,,,,
2024-08-22,6596.4,6684.8,6871.0,6497.0,6165.0,6092.2,5463.0,5173.8,4639.0,4539.4,,,,,,,
2024-08-23,6596.4,6684.8,6871.0,6497.0,6165.0,6092.2,5463.0,5173.8,4639.0,4539.4,,,,,,,
2024-08-26,6596.4,6684.8,6871.0,6497.0,6165.0,6092.2,5463.0,5173.8,4639.0,4539.4,,,,,,,
2024-08-27,6596.4,6684.8,6871.0,6497.0,6165.0,6092.2,5463.0,5173.8,4639.0,4539.4,,,,,,,
2024-08-28,6596.4,6684.8,6871.0,6497.0,6165.0,6092.2,5463.0,5173.8,4639.0,4539.4,,,,,,,
2024-08-29,6596.4,6684.8,6871.0,6497.0,6165.0,6092.2,5463.0,5173.8,4639.0,4539.4,,,,,,,
2024-08-30,6596.4,6684.8,6871.0,6497.0,6165.0,6092.2,5463.0,5173.8,4639.0,4539.4,,,,,,,
2024-09-02,6596.4,6684.8,6871.0,6497.0,6165.0,6092.2,5463.0,5173.8,4639.0,4539.4,,,,,,,
2024-09-03,6596.4,6684.8,6871.0,6497.0,6165.0,6092.2,5463.0,5173.8,4639.0,4539.4,,,,,,,
2024-09-04,6596.4,6684.8,6871.0,6497.0,6165.0,6092.2,5463.0,5173.8,4639.0,4539.4,,,,,,,
2024-09-05,6596.4,6684.8,6871.0,6497.0,6165.0,6092.2,5463.0,5173.8,4639.0,4539.4,,,,,,,
2024-09-06,6596.4,6684.8,6871.0,6497.0,6165.0,6092.2,5463.0,5173.8,4639.0,4539.4,,,,,,,
2024-09-09,6596.4,6684.8,6871.0,6497.0,6165.0,6092.2,5463.0,5173.8,4639.0,4539.4,,,,,,,
2024-09-10,6596.4,6684.8,6871.0,6497.0,6165.0,6092.2,5463.0,5173.8,4639.0,4539.4,,,,,,,
2024-09-11,6596.4,6684.8,6871.0,6497.0,6165.0,6092.2,5463.0,5173.8,4639.0,4539.4,,,,,,,
2024-09-12,6596.4,6684.8,6871.0,6497.0,6165.0,6092.2,5463.0,5173.8,4639.0,4539.4,,,,,,,
2024-09-13,6596.4,6684.8,6871.0,6497.0,6165.0,6092.2,5463.0,5173.8,4639.0,4539.4,,,,,,,
2024-09-18,6596.4,6684.8,6871.0,6497.0,6165.0,6092.2,5463.0,5173.8,4405.0,4290.6,,,,,,,
2024-09-19,6596.4,6684.8,6871.0,6497.0,6165.0,6092.2,5463.0,5173.8,4405.0,4290.6,,,,,,,
2024-09-20,6596.4,6684.8,6871.0,6497.0,6165.0,6092.2,5463.0,5173.8,4405.0,4290.6,,,,,,,
2024-09-23,6596.4,6684.8,6871.0,6497.0,6165.0,6092.2,5463.0,5173.8,4405.0,4290.6,,,,,,,
2024-09-24,6596.4,6684.8,6871.0,6497.0,6165.0,6092.2,5463.0,5173.8,4405.0,4290.6,,,,,,,
2024-09-25,6596.4,6684.8,6871.0,6497.0,6165.0,6092.2,5463.0,5173.8,4405.0,4290.6,,,,,,,
2024-09-26,6596.4,6684.8,6871.0,6497.0,6165.0,6092.2,5463.0,5173.8,4405.0,4290.6,,,,,,,
2024-09-27,6596.4,6684.8,6871.0,6497.0,6165.0,6092.2,5463.0,5173.8,4405.0,4290.6,,,,,,,
2024-09-30,6596.4,6684.8,6871.0,6497.0,6165.0,6092.2,5463.0,5173.8,4405.0,4290.6,,,,,,,
2024-10-08,6596.4,6684.8,6871.0,6497.0,6165.0,6092.2,5463.0,5173.8,4405.0,4290.6,,,,,,,
2024-10-09,6596.4,6684.8,6871.0,6497.0,6165.0,6092.2,5463.0,5173.8,4405.0,4290.6,,,,,,,
2024-10-10,6596.4,6684.8,6871.0,6497.0,6165.0,6092.2,5463.0,5173.8,4405.0,4290.6,,,,,,,
2024-10-11,6596.4,6684.8,6871.0,6497.0,6165.0,6092.2,5463.0,5173.8,4405.0,4290.6,,,,,,,
2024-10-14,6596.4,6684.8,6871.0,6497.0,6165.0,6092.2,5463.0,5173.8,4405.0,4290.6,,,,,,,
2024-10-15,6596.4,6684.8,6871.0,6497.0,6165.0,6092.2,5463.0,5173.8,4405.0,4290.6,,,,,,,
2024-10-16,6596.4,6684.8,6871.0,6497.0,6165.0,6092.2,5463.0,5173.8,4405.0,4290.6,,,,,,,
2024-10-17,6596.4,6684.8,6871.0,6497.0,6165.0,6092.2,5463.0,5173.8,4405.0,4290.6,,,,,,,
2024-10-18,6596.4,6684.8,6871.0,6497.0,6165.0,6092.2,5463.0,5173.8,4405.0,4290.6,,,,,,,
2024-10-21,6596.4,6684.8,6871.0,6497.0,6165.0,6092.2,5463.0,5173.8,4405.0,4290.6,,,,,,,
2024-10-22,6596.4,6684.8,6871.0,6497.0,6165.0,6092.2,5463.0,5173.8,4405.0,4290.6,,,,,,,
2024-10-23,6596.4,6684.8,6871.0,6497.0,6165.0,6092.2,5463.0,5173.8,4405.0,4290.6,,,,,,,
2024-10-24,6596.4,6684.8,6871.0,6497.0,6165.0,6092.2,5463.0,5173.8,4405.0,4290.6,,,,,,,
2024-10-25,6596.4,6684.8,6871.0,6497.0,6165.0,6092.2,5463.0,5173.8,4405.0,4290.6,,,,,,,
2024-10-28,6596.4,6684.8,6871.0,6497.0,6165.0,6092.2,5463.0,5173.8,4405.0,4290.6,,,,,,,
2024-10-29,6596.4,6684.8,6871.0,6497.0,6165.0,6092.2,5463.0,5173.8,4405.0,4290.6,,,,,,,
2024-10-30,6596.4,6684.8,6871.0,6497.0,6165.0,6092.2,5463.0,5173.8,4405.0,4290.6,,,,,,,
2024-10-31,6596.4,6684.8,6871.0,6497.0,6165.0,6092.2,5463.0,5173.8,4405.0,4290.6,,,,,,,
2024-11-01,6596.4,6684.8,6871.0,6497.0,6165.0,6092.2,5463.0,5173.8,4405.0,5890.0,5809.0,,,,,,
2024-11-04,6596.4,6684.8,6871.0,6497.0,6165.0,6092.2,5463.0,5173.8,4405.0,5890.0,5809.0,,,,,,
2024-11-05,6596.4,6684.8,6871.0,6497.0,6165.0,6092.2,5463.0,5173.8,4405.0,5890.0,5809.0,,,,,,
2024-11-06,6596.4,6684.8,6871.0,6497.0,6165.0,6092.2,5463.0,5173.8,4405.0,5890.0,5809.0,,,,,,
2024-11-07,6596.4,6684.8,6871.0,6497.0,6165.0,6092.2,5463.0,5173.8,4405.0,5890.0,5809.0,,,,,,
2024-11-08,6596.4,6684.8,6871.0,6497.0,6165.0,6092.2,5463.0,5173.8,4405.0,5890.0,5809.0,,,,,,
2024-11-11,6596.4,6684.8,6871.0,6497.0,6165.0,6092.2,5463.0,5173.8,4405.0,5890.0,5809.0,,,,,,
2024-11-12,6596.4,6684.8,6871.0,6497.0,6165.0,6092.2,5463.0,5173.8,4405.0,5890.0,5809.0,,,,,,
2024-11-13,6596.4,6684.8,6871.0,6497.0,6165.0,6092.2,5463.0,5173.8,4405.0,5890.0,5809.0,,,,,,
2024-11-14,6596.4,6684.8,6871.0,6497.0,6165.0,6092.2,5463.0,5173.8,4405.0,5890.0,5809.0,,,,,,
2024-11-15,6596.4,6684.8,6871.0,6497.0,6165.0,6092.2,5463.0,5173.8,4405.0,5890.0,5809.0,,,,,,
2024-11-18,6596.4,6684.8,6871.0,6497.0,6165.0,6092.2,5463.0,5173.8,4405.0,5890.0,5809.0,,,,,,
2024-11-19,6596.4,6684.8,6871.0,6497.0,6165.0,6092.2,5463.0,5173.8,4405.0,5890.0,5809.0,,,,,,
2024-11-20,6596.4,6684.8,6871.0,6497.0,6165.0,6092.2,5463.0,5173.8,4405.0,5890.0,5809.0,,,,,,
2024-11-21,6596.4,6684.8,6871.0,6497.0,6165.0,6092.2,5463.0,5173.8,4405.0,5890.0,5809.0,,,,,,
2024-11-22,6596.4,6684.8,6871.0,6497.0,6165.0,6092.2,5463.0,5173.8,4405.0,5890.0,5809.0,,,,,,
2024-11-25,6596.4,6684.8,6871.0,6497.0,6165.0,6092.2,5463.0,5173.8,4405.0,5890.0,5809.0,,,,,,
2024-11-26,6596.4,6684.8,6871.0,6497.0,6165.0,6092.2,5463.0,5173.8,4405.0,5890.0,5809.0,,,,,,
2024-11-27,6596.4,6684.8,6871.0,6497.0,6165.0,6092.2,5463.0,5173.8,4405.0,5890.0,5809.0,,,,,,
2024-11-28,6596.4,6684.8,6871.0,6497.0,6165.0,6092.2,5463.0,5173.8,4405.0,5890.0,5809.0,,,,,,
2024-11-29,6596.4,6684.8,6871.0,6497.0,6165.0,6092.2,5463.0,5173.8,4405.0,5890.0,5809.0,,,,,,
2024-12-02,6596.4,6684.8,6871.0,6497.0,6165.0,6092.2,5463.0,5173.8,4405.0,5890.0,5809.0,,,,,,
2024-12-03,6596.4,6684.8,6871.0,6497.0,6165.0,6092.2,5463.0,5173.8,4405.0,5890.0,5809.0,,,,,,
2024-12-04,6596.4,6684.8,6871.0,6497.0,6165.0,6092.2,5463.0,5173.8,4405.0,5890.0,5809.0,,,,,,
2024-12-05,6596.4,6684.8,6871.0,6497.0,6165.0,6092.2,5463.0,5173.8,4405.0,5890.0,5809.0,,,,,,
2024-12-06,6596.4,6684.8,6871.0,6497.0,6165.0,6092.2,5463.0,5173.8,4405.0,5890.0,5809.0,,,,,,
2024-12-09,6596.4,6684.8,6871.0,6497.0,6165.0,6092.2,5463.0,5173.8,4405.0,5890.0,5809.0,,,,,,
2024-12-10,6596.4,6684.8,6871.0,6497.0,6165.0,6092.2,5463.0,5173.8,4405.0,5890.0,5809.0,,,,,,
2024-12-11,6596.4,6684.8,6871.0,6497.0,6165.0,6092.2,5463.0,5173.8,4405.0,5890.0,5809.0,,,,,,
2024-12-12,6596.4,6684.8,6871.0,6497.0,6165.0,6092.2,5463.0,5173.8,4405.0,5890.0,5809.0,,,,,,
2024-12-13,6596.4,6684.8,6871.0,6497.0,6165.0,6092.2,5463.0,5173.8,4405.0,5890.0,5809.0,,,,,,
2024-12-16,6596.4,6684.8,6871.0,6497.0,6165.0,6092.2,5463.0,5173.8,4405.0,6263.4,6142.0,,,,,,
2024-12-17,6596.4,6684.8,6871.0,6497.0,6165.0,6092.2,5463.0,5173.8,4405.0,6263.4,6142.0,,,,,,
2024-12-18,6596.4,6684.8,6871.0,6497.0,6165.0,6092.2,5463.0,5173.8,4405.0,6263.4,6142.0,,,,,,
2024-12-19,6596.4,6684.8,6871.0,6497.0,6165.0,6092.2,5463.0,5173.8,4405.0,6263.4,6142.0,,,,,,
2024-12-20,6596.4,6684.8,6871.0,6497.0,6165.0,6092.2,5463.0,5173.8,4405.0,6263.4,6142.0,,,,,,
2024-12-23,6596.4,6684.8,6871.0,6497.0,6165.0,6092.2,5463.0,5173.8,4405.0,6263.4,6142.0,,,,,,
2024-12-24,6596.4,6684.8,6871.0,6497.0,6165.0,6092.2,5463.0,5173.8,4405.0,6263.4,6142.0,,,,,,
2024-12-25,6596.4,6684.8,6871.0,6497.0,6165.0,6092.2,5463.0,5173.8,4405.0,6263.4,6142.0,,,,,,
2024-12-26,6596.4,6684.8,6871.0,6497.0,6165.0,6092.2,5463.0,5173.8,4405.0,6263.4,6142.0,,,,,,
2024-12-27,6596.4,6684.8,6871.0,6497.0,6165.0,6092.2,5463.0,5173.8,4405.0,6263.4,6142.0,,,,,,
2024-12-30,6596.4,6684.8,6871.0,6497.0,6165.0,6092.2,5463.0,5173.8,4405.0,6263.4,6142.0,,,,,,
2024-12-31,6596.4,6684.8,6871.0,6497.0,6165.0,6092.2,5463.0,5173.8,4405.0,6263.4,6142.0,,,,,,
2025-01-02,6596.4,6684.8,6871.0,6497.0,6165.0,6092.2,5463.0,5173.8,4405.0,6263.4,6142.0,,,,,,
2025-01-03,6596.4,6684.8,6871.0,6497.0,6165.0,6092.2,5463.0,5173.8,4405.0,6263.4,6142.0,,,,,,
2025-01-06,6596.4,6684.8,6871.0,6497.0,6165.0,6092.2,5463.0,5173.8,4405.0,6263.4,6142.0,,,,,,
2025-01-07,6596.4,6684.8,6871.0,6497.0,6165.0,6092.2,5463.0,5173.8,4405.0,6263.4,6142.0,,,,,,
2025-01-08,6596.4,6684.8,6871.0,6497.0,6165.0,6092.2,5463.0,5173.8,4405.0,6263.4,6142.0,,,,,,
2025-01-09,6596.4,6684.8,6871.0,6497.0,6165.0,6092.2,5463.0,5173.8,4405.0,6263.4,6142.0,,,,,,
2025-01-10,6596.4,6684.8,6871.0,6497.0,6165.0,6092.2,5463.0,5173.8,4405.0,6263.4,6142.0,,,,,,
2025-01-13,6596.4,6684.8,6871.0,6497.0,6165.0,6092.2,5463.0,5173.8,4405.0,6263.4,6142.0,,,,,,
2025-01-14,6596.4,6684.8,6871.0,6497.0,6165.0,6092.2,5463.0,5173.8,4405.0,6263.4,6142.0,,,,,,
2025-01-15,6596.4,6684.8,6871.0,6497.0,6165.0,6092.2,5463.0,5173.8,4405.0,6263.4,6142.0,,,,,,
2025-01-16,6596.4,6684.8,6871.0,6497.0,6165.0,6092.2,5463.0,5173.8,4405.0,6263.4,6142.0,,,,,,
2025-01-17,6596.4,6684.8,6871.0,6497.0,6165.0,6092.2,5463.0,5173.8,4405.0,6263.4,6142.0,,,,,,
2025-01-20,6596.4,6684.8,6871.0,6497.0,6165.0,6092.2,5463.0,5173.8,4405.0,6263.4,6142.0,,,,,,
2025-01-21,6596.4,6684.8,6871.0,6497.0,6165.0,6092.2,5463.0,5173.8,4405.0,6263.4,6142.0,,,,,,
2025-01-22,6596.4,6684.8,6871.0,6497.0,6165.0,6092.2,5463.0,5173.8,4405.0,6263.4,6142.0,,,,,,
2025-01-23,6596.4,6684.8,6871.0,6497.0,6165.0,6092.2,5463.0,5173.8,4405.0,6263.4,6142.0,,,,,,
2025-01-24,6596.4,6684.8,6871.0,6497.0,6165.0,6092.2,5463.0,5173.8,4405.0,6263.4,6142.0,,,,,,
2025-01-27,6596.4,6684.8,6871.0,6497.0,6165.0,6092.2,5463.0,5173.8,4405.0,6263.4,6142.0,,,,,,
2025-02-05,6596.4,6684.8,6871.0,6497.0,6165.0,6092.2,5463.0,5173.8,4405.0,6263.4,6142.0,,,,,,
2025-02-06,6596.4,6684.8,6871.0,6497.0,6165.0,6092.2,5463.0,5173.8,4405.0,6263.4,6142.0,,,,,,
2025-02-07,6596.4,6684.8,6871.0,6497.0,6165.0,6092.2,5463.0,5173.8,4405.0,6263.4,6142.0,,,,,,
2025-02-10,6596.4,6684.8,6871.0,6497.0,6165.0,6092.2,5463.0,5173.8,4405.0,6263.4,6142.0,,,,,,
2025-02-11,6596.4,6684.8,6871.0,6497.0,6165.0,6092.2,5463.0,5173.8,4405.0,6263.4,6133.2,6005.6,,,,,
2025-02-12,6596.4,6684.8,6871.0,6497.0,6165.0,6092.2,5463.0,5173.8,4405.0,6263.4,6133.2,6005.6,,,,,
2025-02-13,6596.4,6684.8,6871.0,6497.0,6165.0,6092.2,5463.0,5173.8,4405.0,6263.4,6133.2,6005.6,,,,,
2025-02-14,6596.4,6684.8,6871.0,6497.0,6165.0,6092.2,5463.0,5173.8,4405.0,6263.4,6133.2,6005.6,,,,,
2025-02-17,6596.4,6684.8,6871.0,6497.0,6165.0,6092.2,5463.0,5173.8,4405.0,6263.4,6133.2,6005.6,,,,,
2025-02-18,6596.4,6684.8,6871.0,6497.0,6165.0,6092.2,5463.0,5173.8,4405.0,6263.4,6133.2,6005.6,,,,,
2025-02-19,6596.4,6684.8,6871.0,6497.0,6165.0,6092.2,5463.0,5173.8,4405.0,6263.4,6133.2,6005.6,,,,,
2025-02-20,6596.4,6684.8,6871.0,6497.0,6165.0,6092.2,5463.0,5173.8,4405.0,6263.4,6133.2,6005.6,,,,,
2025-02-21,6596.4,6684.8,6871.0,6497.0,6165.0,6092.2,5463.0,5173.8,4405.0,6263.4,6133.2,6005.6,,,,,
2025-02-24,6596.4,6684.8,6871.0,6497.0,6165.0,6092.2,5463.0,5173.8,4405.0,6263.4,6133.2,6005.6,,,,,
2025-02-25,6596.4,6684.8,6871.0,6497.0,6165.0,6092.2,5463.0,5173.8,4405.0,6263.4,6133.2,6005.6,,,,,
2025-02-26,6596.4,6684.8,6871.0,6497.0,6165.0,6092.2,5463.0,5173.8,4405.0,6263.4,6133.2,6005.6,,,,,
2025-02-27,6596.4,6684.8,6871.0,6497.0,6165.0,6092.2,5463.0,5173.8,4405.0,6263.4,6133.2,6005.6,,,,,
2025-02-28,6596.4,6684.8,6871.0,6497.0,6165.0,6092.2,5463.0,5173.8,4405.0,6263.4,6133.2,6005.6,,,,,
2025-03-03,6596.4,6684.8,6871.0,6497.0,6165.0,6092.2,5463.0,5173.8,4405.0,6263.4,6133.2,6005.6,,,,,
2025-03-04,6596.4,6684.8,6871.0,6497.0,6165.0,6092.2,5463.0,5173.8,4405.0,6263.4,6133.2,6005.6,,,,,
2025-03-05,6596.4,6684.8,6871.0,6497.0,6165.0,6092.2,5463.0,5173.8,4405.0,6263.4,6133.2,6005.6,,,,,
2025-03-06,6596.4,6684.8,6871.0,6497.0,6165.0,6092.2,5463.0,5173.8,4405.0,6263.4,6133.2,6005.6,,,,,
2025-03-07,6596.4,6684.8,6871.0,6497.0,6165.0,6092.2,5463.0,5173.8,4405.0,6263.4,6133.2,6005.6,,,,,
2025-03-10,6596.4,6684.8,6871.0,6497.0,6165.0,6092.2,5463.0,5173.8,4405.0,6263.4,6133.2,6005.6,,,,,
2025-03-11,6596.4,6684.8,6871.0,6497.0,6165.0,6092.2,5463.0,5173.8,4405.0,6263.4,6133.2,6005.6,,,,,
2025-03-12,6596.4,6684.8,6871.0,6497.0,6165.0,6092.2,5463.0,5173.8,4405.0,6263.4,6133.2,6005.6,,,,,
2025-03-13,6596.4,6684.8,6871.0,6497.0,6165.0,6092.2,5463.0,5173.8,4405.0,6263.4,6133.2,6005.6,,,,,
2025-03-14,6596.4,6684.8,6871.0,6497.0,6165.0,6092.2,5463.0,5173.8,4405.0,6263.4,6133.2,6005.6,,,,,
2025-03-17,6596.4,6684.8,6871.0,6497.0,6165.0,6092.2,5463.0,5173.8,4405.0,6263.4,6543.4,6337.6,,,,,
2025-03-18,6596.4,6684.8,6871.0,6497.0,6165.0,6092.2,5463.0,5173.8,4405.0,6263.4,6577.0,6369.4,,,,,
2025-03-19,6596.4,6684.8,6871.0,6497.0,6165.0,6092.2,5463.0,5173.8,4405.0,6263.4,6550.0,6339.2,,,,,
2025-03-20,6596.4,6684.8,6871.0,6497.0,6165.0,6092.2,5463.0,5173.8,4405.0,6263.4,6550.0,6339.2,,,,,
2025-03-21,6596.4,6684.8,6871.0,6497.0,6165.0,6092.2,5463.0,5173.8,4405.0,6263.4,6550.0,6339.2,,,,,
2025-03-24,6596.4,6684.8,6871.0,6497.0,6165.0,6092.2,5463.0,5173.8,4405.0,6263.4,6550.0,6339.2,,,,,
2025-03-25,6596.4,6684.8,6871.0,6497.0,6165.0,6092.2,5463.0,5173.8,4405.0,6263.4,6550.0,6339.2,,,,,
2025-03-26,6596.4,6684.8,6871.0,6497.0,6165.0,6092.2,5463.0,5173.8,4405.0,6263.4,6550.0,6339.2,,,,,
2025-03-27,6596.4,6684.8,6871.0,6497.0,6165.0,6092.2,5463.0,5173.8,4405.0,6263.4,6550.0,6339.2,,,,,
2025-03-28,6596.4,6684.8,6871.0,6497.0,6165.0,6092.2,5463.0,5173.8,4405.0,6263.4,6550.0,6339.2,,,,,
2025-03-31,6596.4,6684.8,6871.0,6497.0,6165.0,6092.2,5463.0,5173.8,4405.0,6263.4,6550.0,6339.2,,,,,
2025-04-01,6596.4,6684.8,6871.0,6497.0,6165.0,6092.2,5463.0,5173.8,4405.0,6263.4,6550.0,6339.2,,,,,
2025-04-02,6596.4,6684.8,6871.0,6497.0,6165.0,6092.2,5463.0,5173.8,4405.0,6263.4,6550.0,6339.2,,,,,
2025-04-03,6596.4,6684.8,6871.0,6497.0,6165.0,6092.2,5463.0,5173.8,4405.0,6263.4,6550.0,6339.2,,,,,
2025-04-07,6596.4,6684.8,6871.0,6497.0,6165.0,6092.2,5463.0,5173.8,4405.0,6263.4,6550.0,6339.2,,,,,
2025-04-08,6596.4,6684.8,6871.0,6497.0,6165.0,6092.2,5463.0,5173.8,4405.0,6263.4,6550.0,6339.2,,,,,
2025-04-09,6596.4,6684.8,6871.0,6497.0,6165.0,6092.2,5463.0,5173.8,4405.0,6263.4,6550.0,6339.2,,,,,
2025-04-10,6596.4,6684.8,6871.0,6497.0,6165.0,6092.2,5463.0,5173.8,4405.0,6263.4,6550.0,6339.2,,,,,
2025-04-11,6596.4,6684.8,6871.0,6497.0,6165.0,6092.2,5463.0,5173.8,4405.0,6263.4,6550.0,6339.2,,,,,
2025-04-14,6596.4,6684.8,6871.0,6497.0,6165.0,6092.2,5463.0,5173.8,4405.0,6263.4,6550.0,6339.2,,,,,
2025-04-15,6596.4,6684.8,6871.0,6497.0,6165.0,6092.2,5463.0,5173.8,4405.0,6263.4,6550.0,6339.2,,,,,
2025-04-16,6596.4,6684.8,6871.0,6497.0,6165.0,6092.2,5463.0,5173.8,4405.0,6263.4,6550.0,6339.2,,,,,
2025-04-17,6596.4,6684.8,6871.0,6497.0,6165.0,6092.2,5463.0,5173.8,4405.0,6263.4,6550.0,6339.2,,,,,
2025-04-18,6596.4,6684.8,6871.0,6497.0,6165.0,6092.2,5463.0,5173.8,4405.0,6263.4,6550.0,6339.2,,,,,
2025-04-21,6596.4,6684.8,6871.0,6497.0,6165.0,6092.2,5463.0,5173.8,4405.0,6263.4,6550.0,6339.2,,,,,
2025-04-22,6596.4,6684.8,6871.0,6497.0,6165.0,6092.2,5463.0,5173.8,4405.0,6263.4,6550.0,6339.2,,,,,
2025-04-23,6596.4,6684.8,6871.0,6497.0,6165.0,6092.2,5463.0,5173.8,4405.0,6263.4,6550.0,6339.2,,,,,
2025-04-24,6596.4,6684.8,6871.0,6497.0,6165.0,6092.2,5463.0,5173.8,4405.0,6263.4,6550.0,6339.2,,,,,
2025-04-25,6596.4,6684.8,6871.0,6497.0,6165.0,6092.2,5463.0,5173.8,4405.0,6263.4,6550.0,6339.2,,,,,
2025-04-28,6596.4,6684.8,6871.0,6497.0,6165.0,6092.2,5463.0,5173.8,4405.0,6263.4,6550.0,6339.2,,,,,
2025-04-29,6596.4,6684.8,6871.0,6497.0,6165.0,6092.2,5463.0,5173.8,4405.0,6263.4,6550.0,6339.2,,,,,
2025-04-30,6596.4,6684.8,6871.0,6497.0,6165.0,6092.2,5463.0,5173.8,4405.0,6263.4,6550.0,6339.2,,,,,
2025-05-06,6596.4,6684.8,6871.0,6497.0,6165.0,6092.2,5463.0,5173.8,4405.0,6263.4,6550.0,5953.2,5774.0,,,,
2025-05-07,6596.4,6684.8,6871.0,6497.0,6165.0,6092.2,5463.0,5173.8,4405.0,6263.4,6550.0,5953.2,5774.0,,,,
2025-05-08,6596.4,6684.8,6871.0,6497.0,6165.0,6092.2,5463.0,5173.8,4405.0,6263.4,6550.0,5953.2,5774.0,,,,
2025-05-09,6596.4,6684.8,6871.0,6497.0,6165.0,6092.2,5463.0,5173.8,4405.0,6263.4,6550.0,5953.2,5774.0,,,,
2025-05-12,6596.4,6684.8,6871.0,6497.0,6165.0,6092.2,5463.0,5173.8,4405.0,6263.4,6550.0,5953.2,5774.0,,,,
2025-05-13,6596.4,6684.8,6871.0,6497.0,6165.0,6092.2,5463.0,5173.8,4405.0,6263.4,6550.0,5953.2,5774.0,,,,
2025-05-14,6596.4,6684.8,6871.0,6497.0,6165.0,6092.2,5463.0,5173.8,4405.0,6263.4,6550.0,5953.2,5774.0,,,,
2025-05-15,6596.4,6684.8,6871.0,6497.0,6165.0,6092.2,5463.0,5173.8,4405.0,6263.4,6550.0,5953.2,5774.0,,,,
2025-05-16,6596.4,6684.8,6871.0,6497.0,6165.0,6092.2,5463.0,5173.8,4405.0,6263.4,6550.0,5953.2,5774.0,,,,
2025-05-19,6596.4,6684.8,6871.0,6497.0,6165.0,6092.2,5463.0,5173.8,4405.0,6263.4,6550.0,5953.2,5774.0,,,,
2025-05-20,6596.4,6684.8,6871.0,6497.0,6165.0,6092.2,5463.0,5173.8,4405.0,6263.4,6550.0,5953.2,5774.0,,,,
2025-05-21,6596.4,6684.8,6871.0,6497.0,6165.0,6092.2,5463.0,5173.8,4405.0,6263.4,6550.0,5953.2,5774.0,,,,
2025-05-22,6596.4,6684.8,6871.0,6497.0,6165.0,6092.2,5463.0,5173.8,4405.0,6263.4,6550.0,5950.0,5708.2,,,,
2025-05-23,6596.4,6684.8,6871.0,6497.0,6165.0,6092.2,5463.0,5173.8,4405.0,6263.4,6550.0,5950.0,5708.2,,,,
2025-05-26,6596.4,6684.8,6871.0,6497.0,6165.0,6092.2,5463.0,5173.8,4405.0,6263.4,6550.0,5950.0,5708.2,,,,
2025-05-27,6596.4,6684.8,6871.0,6497.0,6165.0,6092.2,5463.0,5173.8,4405.0,6263.4,6550.0,5950.0,5708.2,,,,
2025-05-28,6596.4,6684.8,6871.0,6497.0,6165.0,6092.2,5463.0,5173.8,4405.0,6263.4,6550.0,5950.0,5708.2,,,,
2025-05-29,6596.4,6684.8,6871.0,6497.0,6165.0,6092.2,5463.0,5173.8,4405.0,6263.4,6550.0,6031.0,5785.2,,,,
2025-05-30,6596.4,6684.8,6871.0,6497.0,6165.0,6092.2,5463.0,5173.8,4405.0,6263.4,6550.0,6031.0,5785.2,,,,
2025-06-03,6596.4,6684.8,6871.0,6497.0,6165.0,6092.2,5463.0,5173.8,4405.0,6263.4,6550.0,6031.0,5785.2,,,,
2025-06-04,6596.4,6684.8,6871.0,6497.0,6165.0,6092.2,5463.0,5173.8,4405.0,6263.4,6550.0,6031.0,5785.2,,,,
2025-06-05,6596.4,6684.8,6871.0,6497.0,6165.0,6092.2,5463.0,5173.8,4405.0,6263.4,6550.0,6031.0,5785.2,,,,
2025-06-06,6596.4,6684.8,6871.0,6497.0,6165.0,6092.2,5463.0,5173.8,4405.0,6263.4,6550.0,6031.0,5785.2,,,,
2025-06-09,6596.4,6684.8,6871.0,6497.0,6165.0,6092.2,5463.0,5173.8,4405.0,6263.4,6550.0,6031.0,5785.2,,,,
2025-06-10,6596.4,6684.8,6871.0,6497.0,6165.0,6092.2,5463.0,5173.8,4405.0,6263.4,6550.0,6031.0,5785.2,,,,
2025-06-11,6596.4,6684.8,6871.0,6497.0,6165.0,6092.2,5463.0,5173.8,4405.0,6263.4,6550.0,6031.0,5785.2,,,,
2025-06-12,6596.4,6684.8,6871.0,6497.0,6165.0,6092.2,5463.0,5173.8,4405.0,6263.4,6550.0,6156.8,5896.6,,,,
2025-06-13,6596.4,6684.8,6871.0,6497.0,6165.0,6092.2,5463.0,5173.8,4405.0,6263.4,6550.0,6156.8,5896.6,,,,
2025-06-16,6596.4,6684.8,6871.0,6497.0,6165.0,6092.2,5463.0,5173.8,4405.0,6263.4,6550.0,6156.8,5896.6,,,,
2025-06-17,6596.4,6684.8,6871.0,6497.0,6165.0,6092.2,5463.0,5173.8,4405.0,6263.4,6550.0,6156.8,5896.6,,,,
2025-06-18,6596.4,6684.8,6871.0,6497.0,6165.0,6092.2,5463.0,5173.8,4405.0,6263.4,6550.0,6156.8,5896.6,,,,
2025-06-19,6596.4,6684.8,6871.0,6497.0,6165.0,6092.2,5463.0,5173.8,4405.0,6263.4,6550.0,6156.8,5896.6,,,,
2025-06-20,6596.4,6684.8,6871.0,6497.0,6165.0,6092.2,5463.0,5173.8,4405.0,6263.4,6550.0,6156.8,5896.6,,,,
2025-06-23,6596.4,6684.8,6871.0,6497.0,6165.0,6092.2,5463.0,5173.8,4405.0,6263.4,6550.0,6156.8,5896.6,,,,
2025-06-24,6596.4,6684.8,6871.0,6497.0,6165.0,6092.2,5463.0,5173.8,4405.0,6263.4,6550.0,6156.8,5896.6,,,,
2025-06-25,6596.4,6684.8,6871.0,6497.0,6165.0,6092.2,5463.0,5173.8,4405.0,6263.4,6550.0,6156.8,5896.6,,,,
2025-06-26,6596.4,6684.8,6871.0,6497.0,6165.0,6092.2,5463.0,5173.8,4405.0,6263.4,6550.0,6156.8,5896.6,,,,
2025-06-27,6596.4,6684.8,6871.0,6497.0,6165.0,6092.2,5463.0,5173.8,4405.0,6263.4,6550.0,6156.8,5896.6,,,,
2025-06-30,6596.4,6684.8,6871.0,6497.0,6165.0,6092.2,5463.0,5173.8,4405.0,6263.4,6550.0,6156.8,5896.6,,,,
2025-07-01,6596.4,6684.8,6871.0,6497.0,6165.0,6092.2,5463.0,5173.8,4405.0,6263.4,6550.0,6156.8,5896.6,,,,
2025-07-02,6596.4,6684.8,6871.0,6497.0,6165.0,6092.2,5463.0,5173.8,4405.0,6263.4,6550.0,6156.8,5896.6,,,,
2025-07-03,6596.4,6684.8,6871.0,6497.0,6165.0,6092.2,5463.0,5173.8,4405.0,6263.4,6550.0,6156.8,5896.6,,,,
2025-07-04,6596.4,6684.8,6871.0,6497.0,6165.0,6092.2,5463.0,5173.8,4405.0,6263.4,6550.0,6156.8,5896.6,,,,
2025-07-07,6596.4,6684.8,6871.0,6497.0,6165.0,6092.2,5463.0,5173.8,4405.0,6263.4,6550.0,6156.8,5896.6,,,,
2025-07-08,6596.4,6684.8,6871.0,6497.0,6165.0,6092.2,5463.0,5173.8,4405.0,6263.4,6550.0,6156.8,5896.6,,,,
2025-07-09,6596.4,6684.8,6871.0,6497.0,6165.0,6092.2,5463.0,5173.8,4405.0,6263.4,6550.0,6156.8,5896.6,,,,
2025-07-10,6596.4,6684.8,6871.0,6497.0,6165.0,6092.2,5463.0,5173.8,4405.0,6263.4,6550.0,6156.8,5896.6,,,,
2025-07-11,6596.4,6684.8,6871.0,6497.0,6165.0,6092.2,5463.0,5173.8,4405.0,6263.4,6550.0,6156.8,5896.6,,,,
2025-07-14,6596.4,6684.8,6871.0,6497.0,6165.0,6092.2,5463.0,5173.8,4405.0,6263.4,6550.0,6156.8,5896.6,,,,
2025-07-15,6596.4,6684.8,6871.0,6497.0,6165.0,6092.2,5463.0,5173.8,4405.0,6263.4,6550.0,6156.8,5896.6,,,,
2025-07-16,6596.4,6684.8,6871.0,6497.0,6165.0,6092.2,5463.0,5173.8,4405.0,6263.4,6550.0,6156.8,5896.6,,,,
2025-07-17,6596.4,6684.8,6871.0,6497.0,6165.0,6092.2,5463.0,5173.8,4405.0,6263.4,6550.0,6156.8,5896.6,,,,
2025-07-18,6596.4,6684.8,6871.0,6497.0,6165.0,6092.2,5463.0,5173.8,4405.0,6263.4,6550.0,6156.8,5896.6,,,,
2025-07-21,6596.4,6684.8,6871.0,6497.0,6165.0,6092.2,5463.0,5173.8,4405.0,6263.4,6550.0,6156.8,5896.6,,,,
2025-07-22,6596.4,6684.8,6871.0,6497.0,6165.0,6092.2,5463.0,5173.8,4405.0,6263.4,6550.0,6156.8,5896.6,,,,
2025-07-23,6596.4,6684.8,6871.0,6497.0,6165.0,6092.2,5463.0,5173.8,4405.0,6263.4,6550.0,6156.8,5896.6,,,,
2025-07-24,6596.4,6684.8,6871.0,6497.0,6165.0,6092.2,5463.0,5173.8,4405.0,6263.4,6550.0,6156.8,5896.6,,,,
2025-07-25,6596.4,6684.8,6871.0,6497.0,6165.0,6092.2,5463.0,5173.8,4405.0,6263.4,6550.0,6156.8,5896.6,,,,
2025-07-28,6596.4,6684.8,6871.0,6497.0,6165.0,6092.2,5463.0,5173.8,4405.0,6263.4,6550.0,6156.8,5896.6,,,,
2025-07-29,6596.4,6684.8,6871.0,6497.0,6165.0,6092.2,5463.0,5173.8,4405.0,6263.4,6550.0,6156.8,5896.6,,,,
2025-07-30,6596.4,6684.8,6871.0,6497.0,6165.0,6092.2,5463.0,5173.8,4405.0,6263.4,6550.0,6156.8,5896.6,,,,
2025-07-31,6596.4,6684.8,6871.0,6497.0,6165.0,6092.2,5463.0,5173.8,4405.0,6263.4,6550.0,6156.8,5896.6,,,,
2025-08-01,6596.4,6684.8,6871.0,6497.0,6165.0,6092.2,5463.0,5173.8,4405.0,6263.4,6550.0,6156.8,5896.6,,,,
2025-08-04,6596.4,6684.8,6871.0,6497.0,6165.0,6092.2,5463.0,5173.8,4405.0,6263.4,6550.0,6156.8,5896.6,,,,
2025-08-05,6596.4,6684.8,6871.0,6497.0,6165.0,6092.2,5463.0,5173.8,4405.0,6263.4,6550.0,6156.8,5896.6,,,,
2025-08-06,6596.4,6684.8,6871.0,6497.0,6165.0,6092.2,5463.0,5173.8,4405.0,6263.4,6550.0,6156.8,5896.6,,,,
2025-08-07,6596.4,6684.8,6871.0,6497.0,6165.0,6092.2,5463.0,5173.8,4405.0,6263.4,6550.0,6156.8,5896.6,,,,
2025-08-08,6596.4,6684.8,6871.0,6497.0,6165.0,6092.2,5463.0,5173.8,4405.0,6263.4,6550.0,6156.8,5896.6,,,,
2025-08-11,6596.4,6684.8,6871.0,6497.0,6165.0,6092.2,5463.0,5173.8,4405.0,6263.4,6550.0,6156.8,5896.6,,,,
2025-08-12,6596.4,6684.8,6871.0,6497.0,6165.0,6092.2,5463.0,5173.8,4405.0,6263.4,6550.0,6156.8,5896.6,,,,
2025-08-13,6596.4,6684.8,6871.0,6497.0,6165.0,6092.2,5463.0,5173.8,4405.0,6263.4,6550.0,6156.8,5896.6,,,,
2025-08-14,6596.4,6684.8,6871.0,6497.0,6165.0,6092.2,5463.0,5173.8,4405.0,6263.4,6550.0,6156.8,6929.2,6755.0,,,
2025-08-15,6596.4,6684.8,6871.0,6497.0,6165.0,6092.2,5463.0,5173.8,4405.0,6263.4,6550.0,6156.8,6929.2,6755.0,,,
2025-08-18,6596.4,6684.8,6871.0,6497.0,6165.0,6092.2,5463.0,5173.8,4405.0,6263.4,6550.0,6156.8,6929.2,6755.0,,,
2025-08-19,6596.4,6684.8,6871.0,6497.0,6165.0,6092.2,5463.0,5173.8,4405.0,6263.4,6550.0,6156.8,6929.2,6755.0,,,
2025-08-20,6596.4,6684.8,6871.0,6497.0,6165.0,6092.2,5463.0,5173.8,4405.0,6263.4,6550.0,6156.8,6929.2,6755.0,,,
2025-08-21,6596.4,6684.8,6871.0,6497.0,6165.0,6092.2,5463.0,5173.8,4405.0,6263.4,6550.0,6156.8,6929.2,6755.0,,,
2025-08-22,6596.4,6684.8,6871.0,6497.0,6165.0,6092.2,5463.0,5173.8,4405.0,6263.4,6550.0,6156.8,6929.2,6755.0,,,
2025-08-25,6596.4,6684.8,6871.0,6497.0,6165.0,6092.2,5463.0,5173.8,4405.0,6263.4,6550.0,6156.8,6929.2,6755.0,,,
2025-08-26,6596.4,6684.8,6871.0,6497.0,6165.0,6092.2,5463.0,5173.8,4405.0,6263.4,6550.0,6156.8,6929.2,6755.0,,,
2025-08-27,6596.4,6684.8,6871.0,6497.0,6165.0,6092.2,5463.0,5173.8,4405.0,6263.4,6550.0,6156.8,6929.2,6755.0,,,
2025-08-28,6596.4,6684.8,6871.0,6497.0,6165.0,6092.2,5463.0,5173.8,4405.0,6263.4,6550.0,6156.8,6929.2,6755.0,,,
2025-08-29,6596.4,6684.8,6871.0,6497.0,6165.0,6092.2,5463.0,5173.8,4405.0,6263.4,6550.0,6156.8,6929.2,6755.0,,,
2025-09-01,6596.4,6684.8,6871.0,6497.0,6165.0,6092.2,5463.0,5173.8,4405.0,6263.4,6550.0,6156.8,6929.2,6755.0,,,
2025-09-02,6596.4,6684.8,6871.0,6497.0,6165.0,6092.2,5463.0,5173.8,4405.0,6263.4,6550.0,6156.8,6929.2,6755.0,,,
2025-09-03,6596.4,6684.8,6871.0,6497.0,6165.0,6092.2,5463.0,5173.8,4405.0,6263.4,6550.0,6156.8,6929.2,6755.0,,,
2025-09-04,6596.4,6684.8,6871.0,6497.0,6165.0,6092.2,5463.0,5173.8,4405.0,6263.4,6550.0,6156.8,6929.2,6755.0,,,
2025-09-05,6596.4,6684.8,6871.0,6497.0,6165.0,6092.2,5463.0,5173.8,4405.0,6263.4,6550.0,6156.8,6929.2,6755.0,,,
2025-09-08,6596.4,6684.8,6871.0,6497.0,6165.0,6092.2,5463.0,5173.8,4405.0,6263.4,6550.0,6156.8,6929.2,6755.0,,,
2025-09-09,6596.4,6684.8,6871.0,6497.0,6165.0,6092.2,5463.0,5173.8,4405.0,6263.4,6550.0,6156.8,6929.2,6755.0,,,
2025-09-10,6596.4,6684.8,6871.0,6497.0,6165.0,6092.2,5463.0,5173.8,4405.0,6263.4,6550.0,6156.8,6929.2,6755.0,,,
2025-09-11,6596.4,6684.8,6871.0,6497.0,6165.0,6092.2,5463.0,5173.8,4405.0,6263.4,6550.0,6156.8,6929.2,6755.0,,,
2025-09-12,6596.4,6684.8,6871.0,6497.0,6165.0,6092.2,5463.0,5173.8,4405.0,6263.4,6550.0,6156.8,6929.2,6755.0,,,
2025-09-15,6596.4,6684.8,6871.0,6497.0,6165.0,6092.2,5463.0,5173.8,4405.0,6263.4,6550.0,6156.8,7368.6,7143.2,,,
2025-09-16,6596.4,6684.8,6871.0,6497.0,6165.0,6092.2,5463.0,5173.8,4405.0,6263.4,6550.0,6156.8,7368.6,7143.2,,,
2025-09-17,6596.4,6684.8,6871.0,6497.0,6165.0,6092.2,5463.0,5173.8,4405.0,6263.4,6550.0,6156.8,7368.6,7143.2,,,
2025-09-18,6596.4,6684.8,6871.0,6497.0,6165.0,6092.2,5463.0,5173.8,4405.0,6263.4,6550.0,6156.8,7368.6,7143.2,,,
2025-09-19,6596.4,6684.8,6871.0,6497.0,6165.0,6092.2,5463.0,5173.8,4405.0,6263.4,6550.0,6156.8,7368.6,7143.2,,,
2025-09-22,6596.4,6684.8,6871.0,6497.0,6165.0,6092.2,5463.0,5173.8,4405.0,6263.4,6550.0,6156.8,7368.6,7143.2,,,
2025-09-23,6596.4,6684.8,6871.0,6497.0,6165.0,6092.2,5463.0,5173.8,4405.0,6263.4,6550.0,6156.8,7368.6,7143.2,,,
2025-09-24,6596.4,6684.8,6871.0,6497.0,6165.0,6092.2,5463.0,5173.8,4405.0,6263.4,6550.0,6156.8,7368.6,7143.2,,,
2025-09-25,6596.4,6684.8,6871.0,6497.0,6165.0,6092.2,5463.0,5173.8,4405.0,6263.4,6550.0,6156.8,7368.6,7143.2,,,
2025-09-26,6596.4,6684.8,6871.0,6497.0,6165.0,6092.2,5463.0,5173.8,4405.0,6263.4,6550.0,6156.8,7368.6,7143.2,,,
2025-09-29,6596.4,6684.8,6871.0,6497.0,6165.0,6092.2,5463.0,5173.8,4405.0,6263.4,6550.0,6156.8,7368.6,7143.2,,,
2025-09-30,6596.4,6684.8,6871.0,6497.0,6165.0,6092.2,5463.0,5173.8,4405.0,6263.4,6550.0,6156.8,7368.6,7143.2,,,
2025-10-09,6596.4,6684.8,6871.0,6497.0,6165.0,6092.2,5463.0,5173.8,4405.0,6263.4,6550.0,6156.8,7368.6,7143.2,,,
2025-10-10,6596.4,6684.8,6871.0,6497.0,6165.0,6092.2,5463.0,5173.8,4405.0,6263.4,6550.0,6156.8,7368.6,7143.2,,,
2025-10-13,6596.4,6684.8,6871.0,6497.0,6165.0,6092.2,5463.0,5173.8,4405.0,6263.4,6550.0,6156.8,7368.6,7143.2,,,
2025-10-14,6596.4,6684.8,6871.0,6497.0,6165.0,6092.2,5463.0,5173.8,4405.0,6263.4,6550.0,6156.8,7368.6,7143.2,,,
2025-10-15,6596.4,6684.8,6871.0,6497.0,6165.0,6092.2,5463.0,5173.8,4405.0,6263.4,6550.0,6156.8,7368.6,7143.2,,,
2025-10-16,6596.4,6684.8,6871.0,6497.0,6165.0,6092.2,5463.0,5173.8,4405.0,6263.4,6550.0,6156.8,7368.6,7143.2,,,
2025-10-17,6596.4,6684.8,6871.0,6497.0,6165.0,6092.2,5463.0,5173.8,4405.0,6263.4,6550.0,6156.8,7368.6,7143.2,,,
2025-10-20,6596.4,6684.8,6871.0,6497.0,6165.0,6092.2,5463.0,5173.8,4405.0,6263.4,6550.0,6156.8,7368.6,7143.2,,,
2025-10-21,6596.4,6684.8,6871.0,6497.0,6165.0,6092.2,5463.0,5173.8,4405.0,6263.4,6550.0,6156.8,7368.6,7143.2,,,
2025-10-22,6596.4,6684.8,6871.0,6497.0,6165.0,6092.2,5463.0,5173.8,4405.0,6263.4,6550.0,6156.8,7368.6,7143.2,,,
2025-10-23,6596.4,6684.8,6871.0,6497.0,6165.0,6092.2,5463.0,5173.8,4405.0,6263.4,6550.0,6156.8,7368.6,7143.2,,,
2025-10-24,6596.4,6684.8,6871.0,6497.0,6165.0,6092.2,5463.0,5173.8,4405.0,6263.4,6550.0,6156.8,7368.6,7143.2,,,
2025-10-27,6596.4,6684.8,6871.0,6497.0,6165.0,6092.2,5463.0,5173.8,4405.0,6263.4,6550.0,6156.8,7368.6,7143.2,,,
2025-10-28,6596.4,6684.8,6871.0,6497.0,6165.0,6092.2,5463.0,5173.8,4405.0,6263.4,6550.0,6156.8,7368.6,7143.2,,,
2025-10-29,6596.4,6684.8,6871.0,6497.0,6165.0,6092.2,5463.0,5173.8,4405.0,6263.4,6550.0,6156.8,7368.6,7143.2,,,
2025-10-30,6596.4,6684.8,6871.0,6497.0,6165.0,6092.2,5463.0,5173.8,4405.0,6263.4,6550.0,6156.8,7368.6,7143.2,,,
2025-10-31,6596.4,6684.8,6871.0,6497.0,6165.0,6092.2,5463.0,5173.8,4405.0,6263.4,6550.0,6156.8,7368.6,7143.2,,,
2025-11-03,6596.4,6684.8,6871.0,6497.0,6165.0,6092.2,5463.0,5173.8,4405.0,6263.4,6550.0,6156.8,7368.6,7398.0,7193.0,,
2025-11-04,6596.4,6684.8,6871.0,6497.0,6165.0,6092.2,5463.0,5173.8,4405.0,6263.4,6550.0,6156.8,7368.6,7398.0,7193.0,,
2025-11-05,6596.4,6684.8,6871.0,6497.0,6165.0,6092.2,5463.0,5173.8,4405.0,6263.4,6550.0,6156.8,7368.6,7398.0,7193.0,,
2025-11-06,6596.4,6684.8,6871.0,6497.0,6165.0,6092.2,5463.0,5173.8,4405.0,6263.4,6550.0,6156.8,7368.6,7398.0,7193.0,,
2025-11-07,6596.4,6684.8,6871.0,6497.0,6165.0,6092.2,5463.0,5173.8,4405.0,6263.4,6550.0,6156.8,7368.6,7398.0,7193.0,,
2025-11-10,6596.4,6684.8,6871.0,6497.0,6165.0,6092.2,5463.0,5173.8,4405.0,6263.4,6550.0,6156.8,7368.6,7398.0,7193.0,,
2025-11-11,6596.4,6684.8,6871.0,6497.0,6165.0,6092.2,5463.0,5173.8,4405.0,6263.4,6550.0,6156.8,7368.6,7398.0,7193.0,,
2025-11-12,6596.4,6684.8,6871.0,6497.0,6165.0,6092.2,5463.0,5173.8,4405.0,6263.4,6550.0,6156.8,7368.6,7398.0,7193.0,,
2025-11-13,6596.4,6684.8,6871.0,6497.0,6165.0,6092.2,5463.0,5173.8,4405.0,6263.4,6550.0,6156.8,7368.6,7398.0,7193.0,,
2025-11-14,6596.4,6684.8,6871.0,6497.0,6165.0,6092.2,5463.0,5173.8,4405.0,6263.4,6550.0,6156.8,7368.6,7398.0,7193.0,,
2025-11-17,6596.4,6684.8,6871.0,6497.0,6165.0,6092.2,5463.0,5173.8,4405.0,6263.4,6550.0,6156.8,7368.6,7398.0,7193.0,,
2025-11-18,6596.4,6684.8,6871.0,6497.0,6165.0,6092.2,5463.0,5173.8,4405.0,6263.4,6550.0,6156.8,7368.6,7351.8,7116.8,,
2025-11-19,6596.4,6684.8,6871.0,6497.0,6165.0,6092.2,5463.0,5173.8,4405.0,6263.4,6550.0,6156.8,7368.6,7351.8,7116.8,,
2025-11-20,6596.4,6684.8,6871.0,6497.0,6165.0,6092.2,5463.0,5173.8,4405.0,6263.4,6550.0,6156.8,7368.6,7351.8,7116.8,,
2025-11-21,6596.4,6684.8,6871.0,6497.0,6165.0,6092.2,5463.0,5173.8,4405.0,6263.4,6550.0,6156.8,7368.6,7018.2,6802.8,,
2025-11-24,6596.4,6684.8,6871.0,6497.0,6165.0,6092.2,5463.0,5173.8,4405.0,6263.4,6550.0,6156.8,7368.6,7018.2,6802.8,,
2025-11-25,6596.4,6684.8,6871.0,6497.0,6165.0,6092.2,5463.0,5173.8,4405.0,6263.4,6550.0,6156.8,7368.6,7018.2,6802.8,,
2025-11-26,6596.4,6684.8,6871.0,6497.0,6165.0,6092.2,5463.0,5173.8,4405.0,6263.4,6550.0,6156.8,7368.6,7018.2,6802.8,,
2025-11-27,6596.4,6684.8,6871.0,6497.0,6165.0,6092.2,5463.0,5173.8,4405.0,6263.4,6550.0,6156.8,7368.6,7018.2,6802.8,,
2025-11-28,6596.4,6684.8,6871.0,6497.0,6165.0,6092.2,5463.0,5173.8,4405.0,6263.4,6550.0,6156.8,7368.6,7018.2,6802.8,,
2025-12-01,6596.4,6684.8,6871.0,6497.0,6165.0,6092.2,5463.0,5173.8,4405.0,6263.4,6550.0,6156.8,7368.6,7018.2,6802.8,,
2025-12-02,6596.4,6684.8,6871.0,6497.0,6165.0,6092.2,5463.0,5173.8,4405.0,6263.4,6550.0,6156.8,7368.6,7018.2,6802.8,,
2025-12-03,6596.4,6684.8,6871.0,6497.0,6165.0,6092.2,5463.0,5173.8,4405.0,6263.4,6550.0,6156.8,7368.6,7018.2,6802.8,,
2025-12-04,6596.4,6684.8,6871.0,6497.0,6165.0,6092.2,5463.0,5173.8,4405.0,6263.4,6550.0,6156.8,7368.6,7018.2,6802.8,,
2025-12-05,6596.4,6684.8,6871.0,6497.0,6165.0,6092.2,5463.0,5173.8,4405.0,6263.4,6550.0,6156.8,7368.6,7018.2,6802.8,,
2025-12-08,6596.4,6684.8,6871.0,6497.0,6165.0,6092.2,5463.0,5173.8,4405.0,6263.4,6550.0,6156.8,7368.6,7018.2,6802.8,,
2025-12-09,6596.4,6684.8,6871.0,6497.0,6165.0,6092.2,5463.0,5173.8,4405.0,6263.4,6550.0,6156.8,7368.6,7018.2,6802.8,,
2025-12-10,6596.4,6684.8,6871.0,6497.0,6165.0,6092.2,5463.0,5173.8,4405.0,6263.4,6550.0,6156.8,7368.6,7371.4,7123.0,,
2025-12-11,6596.4,6684.8,6871.0,6497.0,6165.0,6092.2,5463.0,5173.8,4405.0,6263.4,6550.0,6156.8,7368.6,7304.6,7063.0,,
2025-12-12,6596.4,6684.8,6871.0,6497.0,6165.0,6092.2,5463.0,5173.8,4405.0,6263.4,6550.0,6156.8,7368.6,7304.6,7063.0,,
2025-12-15,6596.4,6684.8,6871.0,6497.0,6165.0,6092.2,5463.0,5173.8,4405.0,6263.4,6550.0,6156.8,7368.6,7308.0,7073.0,,
2025-12-16,6596.4,6684.8,6871.0,6497.0,6165.0,6092.2,5463.0,5173.8,4405.0,6263.4,6550.0,6156.8,7368.6,7308.0,7073.0,,
2025-12-17,6596.4,6684.8,6871.0,6497.0,6165.0,6092.2,5463.0,5173.8,4405.0,6263.4,6550.0,6156.8,7368.6,7308.0,7073.0,,
2025-12-18,6596.4,6684.8,6871.0,6497.0,6165.0,6092.2,5463.0,5173.8,4405.0,6263.4,6550.0,6156.8,7368.6,7308.0,7073.0,,
2025-12-19,6596.4,6684.8,6871.0,6497.0,6165.0,6092.2,5463.0,5173.8,4405.0,6263.4,6550.0,6156.8,7368.6,7308.0,7073.0,,
2025-12-22,6596.4,6684.8,6871.0,6497.0,6165.0,6092.2,5463.0,5173.8,4405.0,6263.4,6550.0,6156.8,7368.6,7308.0,7073.0,,
2025-12-23,6596.4,6684.8,6871.0,6497.0,6165.0,6092.2,5463.0,5173.8,4405.0,6263.4,6550.0,6156.8,7368.6,7308.0,7073.0,,
2025-12-24,6596.4,6684.8,6871.0,6497.0,6165.0,6092.2,5463.0,5173.8,4405.0,6263.4,6550.0,6156.8,7368.6,7308.0,7073.0,,
2025-12-25,6596.4,6684.8,6871.0,6497.0,6165.0,6092.2,5463.0,5173.8,4405.0,6263.4,6550.0,6156.8,7368.6,7308.0,7073.0,,
2025-12-26,6596.4,6684.8,6871.0,6497.0,6165.0,6092.2,5463.0,5173.8,4405.0,6263.4,6550.0,6156.8,7368.6,7308.0,7073.0,,
2025-12-29,6596.4,6684.8,6871.0,6497.0,6165.0,6092.2,5463.0,5173.8,4405.0,6263.4,6550.0,6156.8,7368.6,7308.0,7073.0,,
2025-12-30,6596.4,6684.8,6871.0,6497.0,6165.0,6092.2,5463.0,5173.8,4405.0,6263.4,6550.0,6156.8,7368.6,7308.0,7073.0,,
2025-12-31,6596.4,6684.8,6871.0,6497.0,6165.0,6092.2,5463.0,5173.8,4405.0,6263.4,6550.0,6156.8,7368.6,7308.0,7073.0,,
2026-01-05,6596.4,6684.8,6871.0,6497.0,6165.0,6092.2,5463.0,5173.8,4405.0,6263.4,6550.0,6156.8,7368.6,7308.0,7073.0,,
2026-01-06,6596.4,6684.8,6871.0,6497.0,6165.0,6092.2,5463.0,5173.8,4405.0,6263.4,6550.0,6156.8,7368.6,7308.0,7073.0,,
2026-01-07,6596.4,6684.8,6871.0,6497.0,6165.0,6092.2,5463.0,5173.8,4405.0,6263.4,6550.0,6156.8,7368.6,7308.0,7073.0,,
2026-01-08,6596.4,6684.8,6871.0,6497.0,6165.0,6092.2,5463.0,5173.8,4405.0,6263.4,6550.0,6156.8,7368.6,7308.0,7073.0,,
2026-01-09,6596.4,6684.8,6871.0,6497.0,6165.0,6092.2,5463.0,5173.8,4405.0,6263.4,6550.0,6156.8,7368.6,7308.0,7073.0,,
2026-01-12,6596.4,6684.8,6871.0,6497.0,6165.0,6092.2,5463.0,5173.8,4405.0,6263.4,6550.0,6156.8,7368.6,7308.0,7073.0,,
2026-01-13,6596.4,6684.8,6871.0,6497.0,6165.0,6092.2,5463.0,5173.8,4405.0,6263.4,6550.0,6156.8,7368.6,7308.0,7073.0,,
2026-01-14,6596.4,6684.8,6871.0,6497.0,6165.0,6092.2,5463.0,5173.8,4405.0,6263.4,6550.0,6156.8,7368.6,7308.0,7073.0,,
2026-01-15,6596.4,6684.8,6871.0,6497.0,6165.0,6092.2,5463.0,5173.8,4405.0,6263.4,6550.0,6156.8,7368.6,7308.0,7073.0,,
2026-01-16,6596.4,6684.8,6871.0,6497.0,6165.0,6092.2,5463.0,5173.8,4405.0,6263.4,6550.0,6156.8,7368.6,7308.0,7073.0,,
2026-01-19,6596.4,6684.8,6871.0,6497.0,6165.0,6092.2,5463.0,5173.8,4405.0,6263.4,6550.0,6156.8,7368.6,7308.0,7073.0,,
2026-01-20,6596.4,6684.8,6871.0,6497.0,6165.0,6092.2,5463.0,5173.8,4405.0,6263.4,6550.0,6156.8,7368.6,7308.0,7073.0,,
2026-01-21,6596.4,6684.8,6871.0,6497.0,6165.0,6092.2,5463.0,5173.8,4405.0,6263.4,6550.0,6156.8,7368.6,7308.0,7073.0,,
2026-01-22,6596.4,6684.8,6871.0,6497.0,6165.0,6092.2,5463.0,5173.8,4405.0,6263.4,6550.0,6156.8,7368.6,7308.0,7073.0,,
2026-01-23,6596.4,6684.8,6871.0,6497.0,6165.0,6092.2,5463.0,5173.8,4405.0,6263.4,6550.0,6156.8,7368.6,7308.0,7073.0,,
2026-01-26,6596.4,6684.8,6871.0,6497.0,6165.0,6092.2,5463.0,5173.8,4405.0,6263.4,6550.0,6156.8,7368.6,7308.0,7073.0,,
2026-01-27,6596.4,6684.8,6871.0,6497.0,6165.0,6092.2,5463.0,5173.8,4405.0,6263.4,6550.0,6156.8,7368.6,7308.0,7073.0,,
2026-01-28,6596.4,6684.8,6871.0,6497.0,6165.0,6092.2,5463.0,5173.8,4405.0,6263.4,6550.0,6156.8,7368.6,7308.0,7073.0,,
2026-01-29,6596.4,6684.8,6871.0,6497.0,6165.0,6092.2,5463.0,5173.8,4405.0,6263.4,6550.0,6156.8,7368.6,7308.0,7073.0,,
2026-01-30,6596.4,6684.8,6871.0,6497.0,6165.0,6092.2,5463.0,5173.8,4405.0,6263.4,6550.0,6156.8,7368.6,7308.0,7073.0,,
2026-02-02,6596.4,6684.8,6871.0,6497.0,6165.0,6092.2,5463.0,5173.8,4405.0,6263.4,6550.0,6156.8,7368.6,7308.0,7871.8,7701.6,
2026-02-03,6596.4,6684.8,6871.0,6497.0,6165.0,6092.2,5463.0,5173.8,4405.0,6263.4,6550.0,6156.8,7368.6,7308.0,7871.8,7701.6,
2026-02-04,6596.4,6684.8,6871.0,6497.0,6165.0,6092.2,5463.0,5173.8,4405.0,6263.4,6550.0,6156.8,7368.6,7308.0,7871.8,7701.6,
2026-02-05,6596.4,6684.8,6871.0,6497.0,6165.0,6092.2,5463.0,5173.8,4405.0,6263.4,6550.0,6156.8,7368.6,7308.0,7871.8,7701.6,
2026-02-06,6596.4,6684.8,6871.0,6497.0,6165.0,6092.2,5463.0,5173.8,4405.0,6263.4,6550.0,6156.8,7368.6,7308.0,7871.8,7701.6,
2026-02-09,6596.4,6684.8,6871.0,6497.0,6165.0,6092.2,5463.0,5173.8,4405.0,6263.4,6550.0,6156.8,7368.6,7308.0,7871.8,7701.6,
2026-02-10,6596.4,6684.8,6871.0,6497.0,6165.0,6092.2,5463.0,5173.8,4405.0,6263.4,6550.0,6156.8,7368.6,7308.0,7871.8,7701.6,
2026-02-11,6596.4,6684.8,6871.0,6497.0,6165.0,6092.2,5463.0,5173.8,4405.0,6263.4,6550.0,6156.8,7368.6,7308.0,7871.8,7701.6,
2026-02-12,6596.4,6684.8,6871.0,6497.0,6165.0,6092.2,5463.0,5173.8,4405.0,6263.4,6550.0,6156.8,7368.6,7308.0,7871.8,7701.6,
2026-02-13,6596.4,6684.8,6871.0,6497.0,6165.0,6092.2,5463.0,5173.8,4405.0,6263.4,6550.0,6156.8,7368.6,7308.0,7871.8,7701.6,
2026-02-24,6596.4,6684.8,6871.0,6497.0,6165.0,6092.2,5463.0,5173.8,4405.0,6263.4,6550.0,6156.8,7368.6,7308.0,7871.8,7701.6,
2026-02-25,6596.4,6684.8,6871.0,6497.0,6165.0,6092.2,5463.0,5173.8,4405.0,6263.4,6550.0,6156.8,7368.6,7308.0,7871.8,7701.6,
2026-02-26,6596.4,6684.8,6871.0,6497.0,6165.0,6092.2,5463.0,5173.8,4405.0,6263.4,6550.0,6156.8,7368.6,7308.0,7871.8,7701.6,
2026-02-27,6596.4,6684.8,6871.0,6497.0,6165.0,6092.2,5463.0,5173.8,4405.0,6263.4,6550.0,6156.8,7368.6,7308.0,7871.8,7701.6,
2026-03-02,6596.4,6684.8,6871.0,6497.0,6165.0,6092.2,5463.0,5173.8,4405.0,6263.4,6550.0,6156.8,7368.6,7308.0,7871.8,7701.6,
2026-03-03,6596.4,6684.8,6871.0,6497.0,6165.0,6092.2,5463.0,5173.8,4405.0,6263.4,6550.0,6156.8,7368.6,7308.0,7871.8,7701.6,
2026-03-04,6596.4,6684.8,6871.0,6497.0,6165.0,6092.2,5463.0,5173.8,4405.0,6263.4,6550.0,6156.8,7368.6,7308.0,7871.8,7701.6,
2026-03-05,6596.4,6684.8,6871.0,6497.0,6165.0,6092.2,5463.0,5173.8,4405.0,6263.4,6550.0,6156.8,7368.6,7308.0,7871.8,7701.6,
2026-03-06,6596.4,6684.8,6871.0,6497.0,6165.0,6092.2,5463.0,5173.8,4405.0,6263.4,6550.0,6156.8,7368.6,7308.0,7871.8,7701.6,
2026-03-09,6596.4,6684.8,6871.0,6497.0,6165.0,6092.2,5463.0,5173.8,4405.0,6263.4,6550.0,6156.8,7368.6,7308.0,7871.8,7701.6,
2026-03-10,6596.4,6684.8,6871.0,6497.0,6165.0,6092.2,5463.0,5173.8,4405.0,6263.4,6550.0,6156.8,7368.6,7308.0,7871.8,7701.6,
2026-03-11,6596.4,6684.8,6871.0,6497.0,6165.0,6092.2,5463.0,5173.8,4405.0,6263.4,6550.0,6156.8,7368.6,7308.0,7871.8,7701.6,
2026-03-12,6596.4,6684.8,6871.0,6497.0,6165.0,6092.2,5463.0,5173.8,4405.0,6263.4,6550.0,6156.8,7368.6,7308.0,7871.8,7701.6,
2026-03-13,6596.4,6684.8,6871.0,6497.0,6165.0,6092.2,5463.0,5173.8,4405.0,6263.4,6550.0,6156.8,7368.6,7308.0,8187.0,7951.2,
2026-03-16,6596.4,6684.8,6871.0,6497.0,6165.0,6092.2,5463.0,5173.8,4405.0,6263.4,6550.0,6156.8,7368.6,7308.0,8187.0,7951.2,
2026-03-17,6596.4,6684.8,6871.0,6497.0,6165.0,6092.2,5463.0,5173.8,4405.0,6263.4,6550.0,6156.8,7368.6,7308.0,8187.0,7951.2,
2026-03-18,6596.4,6684.8,6871.0,6497.0,6165.0,6092.2,5463.0,5173.8,4405.0,6263.4,6550.0,6156.8,7368.6,7308.0,8187.0,7951.2,
2026-03-19,6596.4,6684.8,6871.0,6497.0,6165.0,6092.2,5463.0,5173.8,4405.0,6263.4,6550.0,6156.8,7368.6,7308.0,8187.0,7951.2,
2026-03-20,6596.4,6684.8,6871.0,6497.0,6165.0,6092.2,5463.0,5173.8,4405.0,6263.4,6550.0,6156.8,7368.6,7308.0,8187.0,7951.2,
2026-03-23,6596.4,6684.8,6871.0,6497.0,6165.0,6092.2,5463.0,5173.8,4405.0,6263.4,6550.0,6156.8,7368.6,7308.0,8187.0,7951.2,
2026-03-24,6596.4,6684.8,6871.0,6497.0,6165.0,6092.2,5463.0,5173.8,4405.0,6263.4,6550.0,6156.8,7368.6,7308.0,8187.0,7951.2,
2026-03-25,6596.4,6684.8,6871.0,6497.0,6165.0,6092.2,5463.0,5173.8,4405.0,6263.4,6550.0,6156.8,7368.6,7308.0,8187.0,7951.2,
2026-03-26,6596.4,6684.8,6871.0,6497.0,6165.0,6092.2,5463.0,5173.8,4405.0,6263.4,6550.0,6156.8,7368.6,7308.0,8187.0,7951.2,
2026-03-27,6596.4,6684.8,6871.0,6497.0,6165.0,6092.2,5463.0,5173.8,4405.0,6263.4,6550.0,6156.8,7368.6,7308.0,8187.0,7951.2,
2026-03-30,6596.4,6684.8,6871.0,6497.0,6165.0,6092.2,5463.0,5173.8,4405.0,6263.4,6550.0,6156.8,7368.6,7308.0,8187.0,7951.2,
2026-03-31,6596.4,6684.8,6871.0,6497.0,6165.0,6092.2,5463.0,5173.8,4405.0,6263.4,6550.0,6156.8,7368.6,7308.0,8187.0,7951.2,
2026-04-01,6596.4,6684.8,6871.0,6497.0,6165.0,6092.2,5463.0,5173.8,4405.0,6263.4,6550.0,6156.8,7368.6,7308.0,8187.0,7951.2,
2026-04-02,6596.4,6684.8,6871.0,6497.0,6165.0,6092.2,5463.0,5173.8,4405.0,6263.4,6550.0,6156.8,7368.6,7308.0,8187.0,7951.2,
2026-04-03,6596.4,6684.8,6871.0,6497.0,6165.0,6092.2,5463.0,5173.8,4405.0,6263.4,6550.0,6156.8,7368.6,7308.0,8187.0,7951.2,
2026-04-07,6596.4,6684.8,6871.0,6497.0,6165.0,6092.2,5463.0,5173.8,4405.0,6263.4,6550.0,6156.8,7368.6,7308.0,8187.0,7951.2,
2026-04-08,6596.4,6684.8,6871.0,6497.0,6165.0,6092.2,5463.0,5173.8,4405.0,6263.4,6550.0,6156.8,7368.6,7308.0,8187.0,7951.2,
2026-04-09,6596.4,6684.8,6871.0,6497.0,6165.0,6092.2,5463.0,5173.8,4405.0,6263.4,6550.0,6156.8,7368.6,7308.0,8187.0,7951.2,
2026-04-10,6596.4,6684.8,6871.0,6497.0,6165.0,6092.2,5463.0,5173.8,4405.0,6263.4,6550.0,6156.8,7368.6,7308.0,8187.0,7951.2,
2026-04-13,6596.4,6684.8,6871.0,6497.0,6165.0,6092.2,5463.0,5173.8,4405.0,6263.4,6550.0,6156.8,7368.6,7308.0,8187.0,7951.2,
2026-04-14,6596.4,6684.8,6871.0,6497.0,6165.0,6092.2,5463.0,5173.8,4405.0,6263.4,6550.0,6156.8,7368.6,7308.0,8187.0,7951.2,
2026-04-15,6596.4,6684.8,6871.0,6497.0,6165.0,6092.2,5463.0,5173.8,4405.0,6263.4,6550.0,6156.8,7368.6,7308.0,8187.0,7951.2,
2026-04-16,6596.4,6684.8,6871.0,6497.0,6165.0,6092.2,5463.0,5173.8,4405.0,6263.4,6550.0,6156.8,7368.6,7308.0,8187.0,7951.2,
2026-04-17,6596.4,6684.8,6871.0,6497.0,6165.0,6092.2,5463.0,5173.8,4405.0,6263.4,6550.0,6156.8,7368.6,7308.0,8187.0,7951.2,
2026-04-20,6596.4,6684.8,6871.0,6497.0,6165.0,6092.2,5463.0,5173.8,4405.0,6263.4,6550.0,6156.8,7368.6,7308.0,8187.0,7951.2,
2026-04-21,6596.4,6684.8,6871.0,6497.0,6165.0,6092.2,5463.0,5173.8,4405.0,6263.4,6550.0,6156.8,7368.6,7308.0,8187.0,7951.2,
2026-04-22,6596.4,6684.8,6871.0,6497.0,6165.0,6092.2,5463.0,5173.8,4405.0,6263.4,6550.0,6156.8,7368.6,7308.0,8187.0,7951.2,
2026-04-23,6596.4,6684.8,6871.0,6497.0,6165.0,6092.2,5463.0,5173.8,4405.0,6263.4,6550.0,6156.8,7368.6,7308.0,8187.0,7951.2,
2026-04-24,6596.4,6684.8,6871.0,6497.0,6165.0,6092.2,5463.0,5173.8,4405.0,6263.4,6550.0,6156.8,7368.6,7308.0,8187.0,7951.2,
2026-04-27,6596.4,6684.8,6871.0,6497.0,6165.0,6092.2,5463.0,5173.8,4405.0,6263.4,6550.0,6156.8,7368.6,7308.0,8187.0,7951.2,
2026-04-28,6596.4,6684.8,6871.0,6497.0,6165.0,6092.2,5463.0,5173.8,4405.0,6263.4,6550.0,6156.8,7368.6,7308.0,8187.0,7951.2,
2026-04-29,6596.4,6684.8,6871.0,6497.0,6165.0,6092.2,5463.0,5173.8,4405.0,6263.4,6550.0,6156.8,7368.6,7308.0,8187.0,7951.2,
2026-04-30,6596.4,6684.8,6871.0,6497.0,6165.0,6092.2,5463.0,5173.8,4405.0,6263.4,6550.0,6156.8,7368.6,7308.0,8187.0,7951.2,
2026-05-06,6596.4,6684.8,6871.0,6497.0,6165.0,6092.2,5463.0,5173.8,4405.0,6263.4,6550.0,6156.8,7368.6,7308.0,8187.0,8461.6,8268.2
2026-05-07,6596.4,6684.8,6871.0,6497.0,6165.0,6092.2,5463.0,5173.8,4405.0,6263.4,6550.0,6156.8,7368.6,7308.0,8187.0,8461.6,8268.2
2026-05-08,6596.4,6684.8,6871.0,6497.0,6165.0,6092.2,5463.0,5173.8,4405.0,6263.4,6550.0,6156.8,7368.6,7308.0,8187.0,8461.6,8268.2
2026-05-11,6596.4,6684.8,6871.0,6497.0,6165.0,6092.2,5463.0,5173.8,4405.0,6263.4,6550.0,6156.8,7368.6,7308.0,8187.0,8461.6,8268.2
2026-05-12,6596.4,6684.8,6871.0,6497.0,6165.0,6092.2,5463.0,5173.8,4405.0,6263.4,6550.0,6156.8,7368.6,7308.0,8187.0,8461.6,8268.2
2026-05-13,6596.4,6684.8,6871.0,6497.0,6165.0,6092.2,5463.0,5173.8,4405.0,6263.4,6550.0,6156.8,7368.6,7308.0,8187.0,8461.6,8268.2
2026-05-14,6596.4,6684.8,6871.0,6497.0,6165.0,6092.2,5463.0,5173.8,4405.0,6263.4,6550.0,6156.8,7368.6,7308.0,8187.0,8461.6,8268.2
2026-05-15,6596.4,6684.8,6871.0,6497.0,6165.0,6092.2,5463.0,5173.8,4405.0,6263.4,6550.0,6156.8,7368.6,7308.0,8187.0,8461.6,8268.2
2026-05-18,6596.4,6684.8,6871.0,6497.0,6165.0,6092.2,5463.0,5173.8,4405.0,6263.4,6550.0,6156.8,7368.6,7308.0,8187.0,8461.6,8268.2
2026-05-19,6596.4,6684.8,6871.0,6497.0,6165.0,6092.2,5463.0,5173.8,4405.0,6263.4,6550.0,6156.8,7368.6,7308.0,8187.0,8461.6,8268.2
2026-05-20,6596.4,6684.8,6871.0,6497.0,6165.0,6092.2,5463.0,5173.8,4405.0,6263.4,6550.0,6156.8,7368.6,7308.0,8187.0,8461.6,8268.2
2026-05-21,6596.4,6684.8,6871.0,6497.0,6165.0,6092.2,5463.0,5173.8,4405.0,6263.4,6550.0,6156.8,7368.6,7308.0,8187.0,8461.6,8268.2
2026-05-22,6596.4,6684.8,6871.0,6497.0,6165.0,6092.2,5463.0,5173.8,4405.0,6263.4,6550.0,6156.8,7368.6,7308.0,8187.0,8461.6,8268.2
2026-05-25,6596.4,6684.8,6871.0,6497.0,6165.0,6092.2,5463.0,5173.8,4405.0,6263.4,6550.0,6156.8,7368.6,7308.0,8187.0,8461.6,8268.2
2026-05-26,6596.4,6684.8,6871.0,6497.0,6165.0,6092.2,5463.0,5173.8,4405.0,6263.4,6550.0,6156.8,7368.6,7308.0,8187.0,8461.6,8268.2
2026-05-27,6596.4,6684.8,6871.0,6497.0,6165.0,6092.2,5463.0,5173.8,4405.0,6263.4,6550.0,6156.8,7368.6,7308.0,8187.0,8461.6,8268.2
2026-05-28,6596.4,6684.8,6871.0,6497.0,6165.0,6092.2,5463.0,5173.8,4405.0,6263.4,6550.0,6156.8,7368.6,7308.0,8187.0,8461.6,8268.2
2026-05-29,6596.4,6684.8,6871.0,6497.0,6165.0,6092.2,5463.0,5173.8,4405.0,6263.4,6550.0,6156.8,7368.6,7308.0,8187.0,8461.6,8268.2
2026-06-01,6596.4,6684.8,6871.0,6497.0,6165.0,6092.2,5463.0,5173.8,4405.0,6263.4,6550.0,6156.8,7368.6,7308.0,8187.0,8461.6,8268.2
2026-06-02,6596.4,6684.8,6871.0,6497.0,6165.0,6092.2,5463.0,5173.8,4405.0,6263.4,6550.0,6156.8,7368.6,7308.0,8187.0,8461.6,8268.2
2026-06-03,6596.4,6684.8,6871.0,6497.0,6165.0,6092.2,5463.0,5173.8,4405.0,6263.4,6550.0,6156.8,7368.6,7308.0,8187.0,8461.6,8268.2
2026-06-04,6596.4,6684.8,6871.0,6497.0,6165.0,6092.2,5463.0,5173.8,4405.0,6263.4,6550.0,6156.8,7368.6,7308.0,8187.0,8461.6,8268.2
2026-06-05,6596.4,6684.8,6871.0,6497.0,6165.0,6092.2,5463.0,5173.8,4405.0,6263.4,6550.0,6156.8,7368.6,7308.0,8187.0,8461.6,8268.2
2026-06-08,6596.4,6684.8,6871.0,6497.0,6165.0,6092.2,5463.0,5173.8,4405.0,6263.4,6550.0,6156.8,7368.6,7308.0,8187.0,8461.6,8268.2
2026-06-09,6596.4,6684.8,6871.0,6497.0,6165.0,6092.2,5463.0,5173.8,4405.0,6263.4,6550.0,6156.8,7368.6,7308.0,8187.0,8461.6,8268.2
2026-06-10,6596.4,6684.8,6871.0,6497.0,6165.0,6092.2,5463.0,5173.8,4405.0,6263.4,6550.0,6156.8,7368.6,7308.0,8187.0,8461.6,8268.2
2026-06-11,6596.4,6684.8,6871.0,6497.0,6165.0,6092.2,5463.0,5173.8,4405.0,6263.4,6550.0,6156.8,7368.6,7308.0,8187.0,8461.6,8268.2
2026-06-12,6596.4,6684.8,6871.0,6497.0,6165.0,6092.2,5463.0,5173.8,4405.0,6263.4,6550.0,6156.8,7368.6,7308.0,8187.0,8461.6,8268.2
2026-06-15,6596.4,6684.8,6871.0,6497.0,6165.0,6092.2,5463.0,5173.8,4405.0,6263.4,6550.0,6156.8,7368.6,7308.0,8187.0,8475.2,8244.6
2026-06-16,6596.4,6684.8,6871.0,6497.0,6165.0,6092.2,5463.0,5173.8,4405.0,6263.4,6550.0,6156.8,7368.6,7308.0,8187.0,8475.2,8244.6
2026-06-17,6596.4,6684.8,6871.0,6497.0,6165.0,6092.2,5463.0,5173.8,4405.0,6263.4,6550.0,6156.8,7368.6,7308.0,8187.0,8475.2,8244.6
2026-06-18,6596.4,6684.8,6871.0,6497.0,6165.0,6092.2,5463.0,5173.8,4405.0,6263.4,6550.0,6156.8,7368.6,7308.0,8187.0,8475.2,8244.6
2026-06-22,6596.4,6684.8,6871.0,6497.0,6165.0,6092.2,5463.0,5173.8,4405.0,6263.4,6550.0,6156.8,7368.6,7308.0,8187.0,8475.2,8244.6
2026-06-23,6596.4,6684.8,6871.0,6497.0,6165.0,6092.2,5463.0,5173.8,4405.0,6263.4,6550.0,6156.8,7368.6,7308.0,8187.0,8475.2,8244.6
2026-06-24,6596.4,6684.8,6871.0,6497.0,6165.0,6092.2,5463.0,5173.8,4405.0,6263.4,6550.0,6156.8,7368.6,7308.0,8187.0,8475.2,8244.6
2026-06-25,6596.4,6684.8,6871.0,6497.0,6165.0,6092.2,5463.0,5173.8,4405.0,6263.4,6550.0,6156.8,7368.6,7308.0,8187.0,8475.2,8244.6
2026-06-26,6596.4,6684.8,6871.0,6497.0,6165.0,6092.2,5463.0,5173.8,4405.0,6263.4,6550.0,6156.8,7368.6,7308.0,8187.0,8475.2,8244.6
2026-06-29,6596.4,6684.8,6871.0,6497.0,6165.0,6092.2,5463.0,5173.8,4405.0,6263.4,6550.0,6156.8,7368.6,7308.0,8187.0,8475.2,8244.6
2026-06-30,6596.4,6684.8,6871.0,6497.0,6165.0,6092.2,5463.0,5173.8,4405.0,6263.4,6550.0,6156.8,7368.6,7308.0,8187.0,8475.2,8244.6
2026-07-01,6596.4,6684.8,6871.0,6497.0,6165.0,6092.2,5463.0,5173.8,4405.0,6263.4,6550.0,6156.8,7368.6,7308.0,8187.0,8475.2,8244.6
2026-07-02,6596.4,6684.8,6871.0,6497.0,6165.0,6092.2,5463.0,5173.8,4405.0,6263.4,6550.0,6156.8,7368.6,7308.0,8187.0,8475.2,8244.6
2026-07-03,6596.4,6684.8,6871.0,6497.0,6165.0,6092.2,5463.0,5173.8,4405.0,6263.4,6550.0,6156.8,7368.6,7308.0,8187.0,8475.2,8244.6
2026-07-06,6596.4,6684.8,6871.0,6497.0,6165.0,6092.2,5463.0,5173.8,4405.0,6263.4,6550.0,6156.8,7368.6,7308.0,8187.0,8475.2,8244.6
2026-07-07,6596.4,6684.8,6871.0,6497.0,6165.0,6092.2,5463.0,5173.8,4405.0,6263.4,6550.0,6156.8,7368.6,7308.0,8187.0,8475.2,8244.6
2026-07-08,6596.4,6684.8,6871.0,6497.0,6165.0,6092.2,5463.0,5173.8,4405.0,6263.4,6550.0,6156.8,7368.6,7308.0,8187.0,8475.2,8244.6
2026-07-09,6596.4,6684.8,6871.0,6497.0,6165.0,6092.2,5463.0,5173.8,4405.0,6263.4,6550.0,6156.8,7368.6,7308.0,8187.0,8475.2,8244.6
2026-07-10,6596.4,6684.8,6871.0,6497.0,6165.0,6092.2,5463.0,5173.8,4405.0,6263.4,6550.0,6156.8,7368.6,7308.0,8187.0,8475.2,8244.6
2026-07-13,6596.4,6684.8,6871.0,6497.0,6165.0,6092.2,5463.0,5173.8,4405.0,6263.4,6550.0,6156.8,7368.6,7308.0,8187.0,8475.2,8244.6
2026-07-14,6596.4,6684.8,6871.0,6497.0,6165.0,6092.2,5463.0,5173.8,4405.0,6263.4,6550.0,6156.8,7368.6,7308.0,8187.0,8475.2,8244.6
