datetime,balance,drawdown,ddpercent,net_pnl,return
2022-07-25,10000000.0,0.0,0.0,0.0,0.0
2022-07-26,10000000.0,0.0,0.0,0.0,0.0
2022-07-27,10000000.0,0.0,0.0,0.0,0.0
2022-07-28,10000000.0,0.0,0.0,0.0,0.0
2022-07-29,10000000.0,0.0,0.0,0.0,0.0
2022-08-01,10000000.0,0.0,0.0,0.0,0.0
2022-08-02,10000000.0,0.0,0.0,0.0,0.0
2022-08-03,10000000.0,0.0,0.0,0.0,0.0
2022-08-04,10000000.0,0.0,0.0,0.0,0.0
2022-08-05,10000000.0,0.0,0.0,0.0,0.0
2022-08-08,10000000.0,0.0,0.0,0.0,0.0
2022-08-09,10000000.0,0.0,0.0,0.0,0.0
2022-08-10,10000000.0,0.0,0.0,0.0,0.0
2022-08-11,10000000.0,0.0,0.0,0.0,0.0
2022-08-12,10000000.0,0.0,0.0,0.0,0.0
2022-08-15,10000000.0,0.0,0.0,0.0,0.0
2022-08-16,10000000.0,0.0,0.0,0.0,0.0
2022-08-17,10000000.0,0.0,0.0,0.0,0.0
2022-08-18,10000000.0,0.0,0.0,0.0,0.0
2022-08-19,10000000.0,0.0,0.0,0.0,0.0
2022-08-22,9994455.639999999,-5544.360000001267,-0.0005544360000001267,-5544.360000000874,-0.000554436000000158
2022-08-23,10003095.64,0.0,0.0,8640.000000000873,0.0008644792984444649
2022-08-24,10008135.64,0.0,0.0,5039.999999999767,0.0005038440280273893
2022-08-25,10008615.639999999,0.0,0.0,479.99999999956344,4.796098067250121e-05
2022-08-26,10006935.64,-1679.9999999981374,-0.00016785538184560932,-1679.9999999995634,-0.00016785538184560522
2022-08-29,10005975.639999999,-2640.0,-0.0002637727429005357,-960.0000000002183,-9.593346400316172e-05
2022-08-30,10010775.639999999,0.0,0.0,4800.0,0.00047971334057739234
2022-08-31,10002855.639999999,-7920.0,-0.0007911474879482965,-7920.000000000466,-0.0007911474879482849
2022-09-01,10005255.64,-5519.999999998137,-0.0005514058249334752,2400.0000000010914,0.00023993148420586863
2022-09-02,10007415.639999999,-3360.0,-0.00033563832822048944,2159.999999999127,0.0002158865378074637
2022-09-05,9999735.64,-11039.999999998137,-0.0011028116498671364,-7679.999999999563,-0.0007674309008712799
2022-09-06,9999255.64,-11519.999999998137,-0.0011507599824700635,-479.99999999956344,-4.8001268961539445e-05
2022-09-07,10002615.639999999,-8160.0,-0.0008151216542497601,3359.999999999127,0.0003360250123576325
2022-09-08,10004775.639999999,-6000.0,-0.0005993541575365883,2160.0000000002183,0.00021594351694997904
2022-09-09,9992775.639999999,-18000.0,-0.001798062472609765,-12000.0,-0.0011994271967502579
2022-09-13,10001655.639999999,-9120.0,-0.0009110183194556143,8879.999999999563,0.0008886419869624795
2022-09-14,10019482.312,0.0,0.0,17826.67200000088,0.0017823721033451978
2022-09-15,10037186.936,0.0,0.0,17704.62400000001,0.001767019836822925
2022-09-16,10044329.288,0.0,0.0,7142.35200000077,0.000711589018471237
2022-09-19,10044329.288,0.0,0.0,0.0,0.0
2022-09-20,10044329.288,0.0,0.0,0.0,0.0
2022-09-21,10044329.288,0.0,0.0,0.0,0.0
2022-09-22,10044329.288,0.0,0.0,0.0,0.0
2022-09-23,10044329.288,0.0,0.0,0.0,0.0
2022-09-26,10044329.288,0.0,0.0,0.0,0.0
2022-09-27,10044329.288,0.0,0.0,0.0,0.0
2022-09-28,10044329.288,0.0,0.0,0.0,0.0
2022-09-29,10044329.288,0.0,0.0,0.0,0.0
2022-09-30,10044329.288,0.0,0.0,0.0,0.0
2022-10-10,10044329.288,0.0,0.0,0.0,0.0
2022-10-11,10044329.288,0.0,0.0,0.0,0.0
2022-10-12,10044329.288,0.0,0.0,0.0,0.0
2022-10-13,10044329.288,0.0,0.0,0.0,0.0
2022-10-14,10044329.288,0.0,0.0,0.0,0.0
2022-10-17,10044329.288,0.0,0.0,0.0,0.0
2022-10-18,10044329.288,0.0,0.0,0.0,0.0
2022-10-19,10044329.288,0.0,0.0,0.0,0.0
2022-10-20,10044329.288,0.0,0.0,0.0,0.0
2022-10-21,10044329.288,0.0,0.0,0.0,0.0
2022-10-24,10044329.288,0.0,0.0,0.0,0.0
2022-10-25,10044329.288,0.0,0.0,0.0,0.0
2022-10-26,10044329.288,0.0,0.0,0.0,0.0
2022-10-27,10044329.288,0.0,0.0,0.0,0.0
2022-10-28,10044329.288,0.0,0.0,0.0,0.0
2022-10-31,10044329.288,0.0,0.0,0.0,0.0
2022-11-01,10044329.288,0.0,0.0,0.0,0.0
2022-11-02,10044329.288,0.0,0.0,0.0,0.0
2022-11-03,10044329.288,0.0,0.0,0.0,0.0
2022-11-04,10044329.288,0.0,0.0,0.0,0.0
2022-11-07,10044329.288,0.0,0.0,0.0,0.0
2022-11-08,10044329.288,0.0,0.0,0.0,0.0
2022-11-09,10044329.288,0.0,0.0,0.0,0.0
2022-11-10,10044329.288,0.0,0.0,0.0,0.0
2022-11-11,10044329.288,0.0,0.0,0.0,0.0
2022-11-14,10044329.288,0.0,0.0,0.0,0.0
2022-11-15,10044329.288,0.0,0.0,0.0,0.0
2022-11-16,10044329.288,0.0,0.0,0.0,0.0
2022-11-17,10030151.824000001,-14177.463999999687,-0.0014114893681290953,-14177.464000000255,-0.0014114893681290708
2022-11-18,10018671.824000001,-25657.463999999687,-0.002554422825489479,-11479.999999999753,-0.0011445489760714134
2022-11-21,10015311.824000001,-29017.463999999687,-0.0028889399349608107,-3359.9999999994907,-0.00033537379595083294
2022-11-22,10039671.824000001,-4657.463999999687,-0.00046369089129365536,24359.999999999476,0.002432275742191514
2022-11-23,10038831.824000001,-5497.463999999687,-0.0005473201686614883,-840.0000000005093,-8.366807349136085e-05
2022-11-24,10048071.824000001,0.0,0.0,9240.00000000051,0.0009204258186603642
2022-11-25,10045551.824000001,-2520.0,-0.00025079438564331664,-2520.0000000002474,-0.0002507943856433492
2022-11-28,10049471.824000001,0.0,0.0,3920.0000000002547,0.00039022246549302864
2022-11-29,10037991.824000001,-11480.0,-0.0011423485931453265,-11479.999999999738,-0.0011423485931453259
2022-11-30,10051431.824000001,0.0,0.0,13440.00000000051,0.0013389132244425728
2022-12-01,10038271.824000001,-13160.0,-0.00130926620509703,-13160.000000000771,-0.0013092662050970816
2022-12-02,10057419.288,0.0,0.0,19147.464,0.0019074462552628457
2022-12-05,10057419.288,0.0,0.0,0.0,0.0
2022-12-06,10057419.288,0.0,0.0,0.0,0.0
2022-12-07,10057419.288,0.0,0.0,0.0,0.0
2022-12-08,10057419.288,0.0,0.0,0.0,0.0
2022-12-09,10057419.288,0.0,0.0,0.0,0.0
2022-12-12,10057419.288,0.0,0.0,0.0,0.0
2022-12-13,10057419.288,0.0,0.0,0.0,0.0
2022-12-14,10057419.288,0.0,0.0,0.0,0.0
2022-12-15,10057419.288,0.0,0.0,0.0,0.0
2022-12-16,10057419.288,0.0,0.0,0.0,0.0
2022-12-19,10057419.288,0.0,0.0,0.0,0.0
2022-12-20,10057419.288,0.0,0.0,0.0,0.0
2022-12-21,10057419.288,0.0,0.0,0.0,0.0
2022-12-22,10057419.288,0.0,0.0,0.0,0.0
2022-12-23,10057419.288,0.0,0.0,0.0,0.0
2022-12-26,10057419.288,0.0,0.0,0.0,0.0
2022-12-27,10057419.288,0.0,0.0,0.0,0.0
2022-12-28,10057419.288,0.0,0.0,0.0,0.0
2022-12-29,10057419.288,0.0,0.0,0.0,0.0
2022-12-30,10057419.288,0.0,0.0,0.0,0.0
2023-01-03,10057419.288,0.0,0.0,0.0,0.0
2023-01-04,10057419.288,0.0,0.0,0.0,0.0
2023-01-05,10057419.288,0.0,0.0,0.0,0.0
2023-01-06,10057419.288,0.0,0.0,0.0,0.0
2023-01-09,10057419.288,0.0,0.0,0.0,0.0
2023-01-10,10057419.288,0.0,0.0,0.0,0.0
2023-01-11,10057419.288,0.0,0.0,0.0,0.0
2023-01-12,10057419.288,0.0,0.0,0.0,0.0
2023-01-13,10057419.288,0.0,0.0,0.0,0.0
2023-01-16,10057419.288,0.0,0.0,0.0,0.0
2023-01-17,10057419.288,0.0,0.0,0.0,0.0
2023-01-18,10057419.288,0.0,0.0,0.0,0.0
2023-01-19,10057419.288,0.0,0.0,0.0,0.0
2023-01-20,10057419.288,0.0,0.0,0.0,0.0
2023-01-30,10057419.288,0.0,0.0,0.0,0.0
2023-01-31,10057419.288,0.0,0.0,0.0,0.0
2023-02-01,10057419.288,0.0,0.0,0.0,0.0
2023-02-02,10057419.288,0.0,0.0,0.0,0.0
2023-02-03,10057419.288,0.0,0.0,0.0,0.0
2023-02-06,10057419.288,0.0,0.0,0.0,0.0
2023-02-07,10057419.288,0.0,0.0,0.0,0.0
2023-02-08,10057419.288,0.0,0.0,0.0,0.0
2023-02-09,10057419.288,0.0,0.0,0.0,0.0
2023-02-10,10057419.288,0.0,0.0,0.0,0.0
2023-02-13,10057419.288,0.0,0.0,0.0,0.0
2023-02-14,10057419.288,0.0,0.0,0.0,0.0
2023-02-15,10057419.288,0.0,0.0,0.0,0.0
2023-02-16,10057419.288,0.0,0.0,0.0,0.0
2023-02-17,10057419.288,0.0,0.0,0.0,0.0
2023-02-20,10057419.288,0.0,0.0,0.0,0.0
2023-02-21,10057419.288,0.0,0.0,0.0,0.0
2023-02-22,10057419.288,0.0,0.0,0.0,0.0
2023-02-23,10057419.288,0.0,0.0,0.0,0.0
2023-02-24,10057419.288,0.0,0.0,0.0,0.0
2023-02-27,10057419.288,0.0,0.0,0.0,0.0
2023-02-28,10057419.288,0.0,0.0,0.0,0.0
2023-03-01,10057419.288,0.0,0.0,0.0,0.0
2023-03-02,10057419.288,0.0,0.0,0.0,0.0
2023-03-03,10057419.288,0.0,0.0,0.0,0.0
2023-03-06,10057419.288,0.0,0.0,0.0,0.0
2023-03-07,10057419.288,0.0,0.0,0.0,0.0
2023-03-08,10043203.38,-14215.907999999821,-0.001413474728746918,-14215.908000000258,-0.0014134747287468663
2023-03-09,10043252.996,-14166.292000001296,-0.001408541455252223,49.61599999949067,4.940256422392153e-06
2023-03-10,10043252.996,-14166.292000001296,-0.001408541455252223,0.0,0.0
2023-03-13,10043252.996,-14166.292000001296,-0.001408541455252223,0.0,0.0
2023-03-14,10043252.996,-14166.292000001296,-0.001408541455252223,0.0,0.0
2023-03-15,10043252.996,-14166.292000001296,-0.001408541455252223,0.0,0.0
2023-03-16,10043252.996,-14166.292000001296,-0.001408541455252223,0.0,0.0
2023-03-17,10043252.996,-14166.292000001296,-0.001408541455252223,0.0,0.0
2023-03-20,10043252.996,-14166.292000001296,-0.001408541455252223,0.0,0.0
2023-03-21,10043252.996,-14166.292000001296,-0.001408541455252223,0.0,0.0
2023-03-22,10043252.996,-14166.292000001296,-0.001408541455252223,0.0,0.0
2023-03-23,10043252.996,-14166.292000001296,-0.001408541455252223,0.0,0.0
2023-03-24,10043252.996,-14166.292000001296,-0.001408541455252223,0.0,0.0
2023-03-27,10043252.996,-14166.292000001296,-0.001408541455252223,0.0,0.0
2023-03-28,10043252.996,-14166.292000001296,-0.001408541455252223,0.0,0.0
2023-03-29,10043252.996,-14166.292000001296,-0.001408541455252223,0.0,0.0
2023-03-30,10043252.996,-14166.292000001296,-0.001408541455252223,0.0,0.0
2023-03-31,10043252.996,-14166.292000001296,-0.001408541455252223,0.0,0.0
2023-04-03,10043252.996,-14166.292000001296,-0.001408541455252223,0.0,0.0
2023-04-04,10043252.996,-14166.292000001296,-0.001408541455252223,0.0,0.0
2023-04-06,10043252.996,-14166.292000001296,-0.001408541455252223,0.0,0.0
2023-04-07,10043252.996,-14166.292000001296,-0.001408541455252223,0.0,0.0
2023-04-10,10043252.996,-14166.292000001296,-0.001408541455252223,0.0,0.0
2023-04-11,10043252.996,-14166.292000001296,-0.001408541455252223,0.0,0.0
2023-04-12,10043252.996,-14166.292000001296,-0.001408541455252223,0.0,0.0
2023-04-13,10043252.996,-14166.292000001296,-0.001408541455252223,0.0,0.0
2023-04-14,10043252.996,-14166.292000001296,-0.001408541455252223,0.0,0.0
2023-04-17,10043252.996,-14166.292000001296,-0.001408541455252223,0.0,0.0
2023-04-18,10043252.996,-14166.292000001296,-0.001408541455252223,0.0,0.0
2023-04-19,10043252.996,-14166.292000001296,-0.001408541455252223,0.0,0.0
2023-04-20,10043252.996,-14166.292000001296,-0.001408541455252223,0.0,0.0
2023-04-21,10043252.996,-14166.292000001296,-0.001408541455252223,0.0,0.0
2023-04-24,10043252.996,-14166.292000001296,-0.001408541455252223,0.0,0.0
2023-04-25,10043252.996,-14166.292000001296,-0.001408541455252223,0.0,0.0
2023-04-26,10043252.996,-14166.292000001296,-0.001408541455252223,0.0,0.0
2023-04-27,10043252.996,-14166.292000001296,-0.001408541455252223,0.0,0.0
2023-04-28,10043252.996,-14166.292000001296,-0.001408541455252223,0.0,0.0
2023-05-04,10043252.996,-14166.292000001296,-0.001408541455252223,0.0,0.0
2023-05-05,10043252.996,-14166.292000001296,-0.001408541455252223,0.0,0.0
2023-05-08,10043252.996,-14166.292000001296,-0.001408541455252223,0.0,0.0
2023-05-09,10043252.996,-14166.292000001296,-0.001408541455252223,0.0,0.0
2023-05-10,10043252.996,-14166.292000001296,-0.001408541455252223,0.0,0.0
2023-05-11,10043252.996,-14166.292000001296,-0.001408541455252223,0.0,0.0
2023-05-12,10043252.996,-14166.292000001296,-0.001408541455252223,0.0,0.0
2023-05-15,10043252.996,-14166.292000001296,-0.001408541455252223,0.0,0.0
2023-05-16,10043252.996,-14166.292000001296,-0.001408541455252223,0.0,0.0
2023-05-17,10043252.996,-14166.292000001296,-0.001408541455252223,0.0,0.0
2023-05-18,10043252.996,-14166.292000001296,-0.001408541455252223,0.0,0.0
2023-05-19,10043252.996,-14166.292000001296,-0.001408541455252223,0.0,0.0
2023-05-22,10043252.996,-14166.292000001296,-0.001408541455252223,0.0,0.0
2023-05-23,10043252.996,-14166.292000001296,-0.001408541455252223,0.0,0.0
2023-05-24,10033039.52,-24379.768000001088,-0.0024240580313768744,-10213.476,-0.001016948990936295
2023-05-25,10038228.144,-19191.14400000125,-0.0019081578932379946,5188.623999999999,0.0005171537488370959
2023-05-26,10038228.144,-19191.14400000125,-0.0019081578932379946,0.0,0.0
2023-05-29,10038228.144,-19191.14400000125,-0.0019081578932379946,0.0,0.0
2023-05-30,10038228.144,-19191.14400000125,-0.0019081578932379946,0.0,0.0
2023-05-31,10038228.144,-19191.14400000125,-0.0019081578932379946,0.0,0.0
2023-06-01,10038228.144,-19191.14400000125,-0.0019081578932379946,0.0,0.0
2023-06-02,10038228.144,-19191.14400000125,-0.0019081578932379946,0.0,0.0
2023-06-05,10038228.144,-19191.14400000125,-0.0019081578932379946,0.0,0.0
2023-06-06,10038228.144,-19191.14400000125,-0.0019081578932379946,0.0,0.0
2023-06-07,10038228.144,-19191.14400000125,-0.0019081578932379946,0.0,0.0
2023-06-08,10038228.144,-19191.14400000125,-0.0019081578932379946,0.0,0.0
2023-06-09,10038228.144,-19191.14400000125,-0.0019081578932379946,0.0,0.0
2023-06-12,10038228.144,-19191.14400000125,-0.0019081578932379946,0.0,0.0
2023-06-13,10038228.144,-19191.14400000125,-0.0019081578932379946,0.0,0.0
2023-06-14,10038228.144,-19191.14400000125,-0.0019081578932379946,0.0,0.0
2023-06-15,10038228.144,-19191.14400000125,-0.0019081578932379946,0.0,0.0
2023-06-16,10038228.144,-19191.14400000125,-0.0019081578932379946,0.0,0.0
2023-06-19,10038228.144,-19191.14400000125,-0.0019081578932379946,0.0,0.0
2023-06-20,10038228.144,-19191.14400000125,-0.0019081578932379946,0.0,0.0
2023-06-21,10038228.144,-19191.14400000125,-0.0019081578932379946,0.0,0.0
2023-06-26,10038228.144,-19191.14400000125,-0.0019081578932379946,0.0,0.0
2023-06-27,10038228.144,-19191.14400000125,-0.0019081578932379946,0.0,0.0
2023-06-28,10038228.144,-19191.14400000125,-0.0019081578932379946,0.0,0.0
2023-06-29,10038228.144,-19191.14400000125,-0.0019081578932379946,0.0,0.0
2023-06-30,10038228.144,-19191.14400000125,-0.0019081578932379946,0.0,0.0
2023-07-03,10038228.144,-19191.14400000125,-0.0019081578932379946,0.0,0.0
2023-07-04,10038228.144,-19191.14400000125,-0.0019081578932379946,0.0,0.0
2023-07-05,10038228.144,-19191.14400000125,-0.0019081578932379946,0.0,0.0
2023-07-06,10038228.144,-19191.14400000125,-0.0019081578932379946,0.0,0.0
2023-07-07,10038228.144,-19191.14400000125,-0.0019081578932379946,0.0,0.0
2023-07-10,10038228.144,-19191.14400000125,-0.0019081578932379946,0.0,0.0
2023-07-11,10038228.144,-19191.14400000125,-0.0019081578932379946,0.0,0.0
2023-07-12,10038228.144,-19191.14400000125,-0.0019081578932379946,0.0,0.0
2023-07-13,10038228.144,-19191.14400000125,-0.0019081578932379946,0.0,0.0
2023-07-14,10038228.144,-19191.14400000125,-0.0019081578932379946,0.0,0.0
2023-07-17,10038228.144,-19191.14400000125,-0.0019081578932379946,0.0,0.0
2023-07-18,10038228.144,-19191.14400000125,-0.0019081578932379946,0.0,0.0
2023-07-19,10038228.144,-19191.14400000125,-0.0019081578932379946,0.0,0.0
2023-07-20,10038228.144,-19191.14400000125,-0.0019081578932379946,0.0,0.0
2023-07-21,10038228.144,-19191.14400000125,-0.0019081578932379946,0.0,0.0
2023-07-24,10038228.144,-19191.14400000125,-0.0019081578932379946,0.0,0.0
2023-07-25,10038228.144,-19191.14400000125,-0.0019081578932379946,0.0,0.0
2023-07-26,10038228.144,-19191.14400000125,-0.0019081578932379946,0.0,0.0
2023-07-27,10038228.144,-19191.14400000125,-0.0019081578932379946,0.0,0.0
2023-07-28,10038228.144,-19191.14400000125,-0.0019081578932379946,0.0,0.0
2023-07-31,10038228.144,-19191.14400000125,-0.0019081578932379946,0.0,0.0
2023-08-01,10038228.144,-19191.14400000125,-0.0019081578932379946,0.0,0.0
2023-08-02,10038228.144,-19191.14400000125,-0.0019081578932379946,0.0,0.0
2023-08-03,10038228.144,-19191.14400000125,-0.0019081578932379946,0.0,0.0
2023-08-04,10038228.144,-19191.14400000125,-0.0019081578932379946,0.0,0.0
2023-08-07,10038228.144,-19191.14400000125,-0.0019081578932379946,0.0,0.0
2023-08-08,10038228.144,-19191.14400000125,-0.0019081578932379946,0.0,0.0
2023-08-09,10038228.144,-19191.14400000125,-0.0019081578932379946,0.0,0.0
2023-08-10,10038228.144,-19191.14400000125,-0.0019081578932379946,0.0,0.0
2023-08-11,10038228.144,-19191.14400000125,-0.0019081578932379946,0.0,0.0
2023-08-14,10038228.144,-19191.14400000125,-0.0019081578932379946,0.0,0.0
2023-08-15,10038228.144,-19191.14400000125,-0.0019081578932379946,0.0,0.0
2023-08-16,10038228.144,-19191.14400000125,-0.0019081578932379946,0.0,0.0
2023-08-17,10038228.144,-19191.14400000125,-0.0019081578932379946,0.0,0.0
2023-08-18,10038228.144,-19191.14400000125,-0.0019081578932379946,0.0,0.0
2023-08-21,10038228.144,-19191.14400000125,-0.0019081578932379946,0.0,0.0
2023-08-22,10038228.144,-19191.14400000125,-0.0019081578932379946,0.0,0.0
2023-08-23,10038228.144,-19191.14400000125,-0.0019081578932379946,0.0,0.0
2023-08-24,10038228.144,-19191.14400000125,-0.0019081578932379946,0.0,0.0
2023-08-25,10038228.144,-19191.14400000125,-0.0019081578932379946,0.0,0.0
2023-08-28,10038228.144,-19191.14400000125,-0.0019081578932379946,0.0,0.0
2023-08-29,10038228.144,-19191.14400000125,-0.0019081578932379946,0.0,0.0
2023-08-30,10055788.784,-1630.5040000006557,-0.00016211952125194678,17560.63999999971,0.001749376458483498
2023-08-31,10056428.784,-990.5040000006557,-9.848490667804558e-05,640.0000000008731,6.364493265986759e-05
2023-09-01,10055468.784,-1950.5040000006557,-0.0001939368285388974,-960.0000000005821,-9.54613233603574e-05
2023-09-04,10060588.784,0.0,0.0,5119.999999999709,0.0005091756645048129
2023-09-05,10066988.784,0.0,0.0,6400.0,0.0006361456707362212
2023-09-06,10063148.784,-3840.0,-0.00038144474801671735,-3839.999999999418,-0.0003814447480167127
2023-09-07,10070508.784,0.0,0.0,7359.999999999127,0.0007313814152982712
2023-09-08,10071788.784,0.0,0.0,1280.000000000291,0.00012710380651603792
2023-09-11,10075308.784,0.0,0.0,3519.999999999709,0.0003494910462769063
2023-09-12,10073019.216,-2289.56799999997,-0.00022724544220777604,-2289.567999999709,-0.00022724544220775744
2023-09-13,10073019.216,-2289.56799999997,-0.00022724544220777604,0.0,0.0
2023-09-14,10073019.216,-2289.56799999997,-0.00022724544220777604,0.0,0.0
2023-09-15,10073019.216,-2289.56799999997,-0.00022724544220777604,0.0,0.0
2023-09-18,10073019.216,-2289.56799999997,-0.00022724544220777604,0.0,0.0
2023-09-19,10073019.216,-2289.56799999997,-0.00022724544220777604,0.0,0.0
2023-09-20,10073019.216,-2289.56799999997,-0.00022724544220777604,0.0,0.0
2023-09-21,10073019.216,-2289.56799999997,-0.00022724544220777604,0.0,0.0
2023-09-22,10073019.216,-2289.56799999997,-0.00022724544220777604,0.0,0.0
2023-09-25,10073019.216,-2289.56799999997,-0.00022724544220777604,0.0,0.0
2023-09-26,10073019.216,-2289.56799999997,-0.00022724544220777604,0.0,0.0
2023-09-27,10073019.216,-2289.56799999997,-0.00022724544220777604,0.0,0.0
2023-09-28,10073019.216,-2289.56799999997,-0.00022724544220777604,0.0,0.0
2023-10-09,10073019.216,-2289.56799999997,-0.00022724544220777604,0.0,0.0
2023-10-10,10073019.216,-2289.56799999997,-0.00022724544220777604,0.0,0.0
2023-10-11,10073019.216,-2289.56799999997,-0.00022724544220777604,0.0,0.0
2023-10-12,10073019.216,-2289.56799999997,-0.00022724544220777604,0.0,0.0
2023-10-13,10073019.216,-2289.56799999997,-0.00022724544220777604,0.0,0.0
2023-10-16,10073019.216,-2289.56799999997,-0.00022724544220777604,0.0,0.0
2023-10-17,10073019.216,-2289.56799999997,-0.00022724544220777604,0.0,0.0
2023-10-18,10073019.216,-2289.56799999997,-0.00022724544220777604,0.0,0.0
2023-10-19,10073019.216,-2289.56799999997,-0.00022724544220777604,0.0,0.0
2023-10-20,10073019.216,-2289.56799999997,-0.00022724544220777604,0.0,0.0
2023-10-23,10073019.216,-2289.56799999997,-0.00022724544220777604,0.0,0.0
2023-10-24,10073019.216,-2289.56799999997,-0.00022724544220777604,0.0,0.0
2023-10-25,10073019.216,-2289.56799999997,-0.00022724544220777604,0.0,0.0
2023-10-26,10073019.216,-2289.56799999997,-0.00022724544220777604,0.0,0.0
2023-10-27,10073019.216,-2289.56799999997,-0.00022724544220777604,0.0,0.0
2023-10-30,10073019.216,-2289.56799999997,-0.00022724544220777604,0.0,0.0
2023-10-31,10073019.216,-2289.56799999997,-0.00022724544220777604,0.0,0.0
2023-11-01,10073019.216,-2289.56799999997,-0.00022724544220777604,0.0,0.0
2023-11-02,10073019.216,-2289.56799999997,-0.00022724544220777604,0.0,0.0
2023-11-03,10073019.216,-2289.56799999997,-0.00022724544220777604,0.0,0.0
2023-11-06,10073019.216,-2289.56799999997,-0.00022724544220777604,0.0,0.0
2023-11-07,10073019.216,-2289.56799999997,-0.00022724544220777604,0.0,0.0
2023-11-08,10073019.216,-2289.56799999997,-0.00022724544220777604,0.0,0.0
2023-11-09,10073019.216,-2289.56799999997,-0.00022724544220777604,0.0,0.0
2023-11-10,10073019.216,-2289.56799999997,-0.00022724544220777604,0.0,0.0
2023-11-13,10073019.216,-2289.56799999997,-0.00022724544220777604,0.0,0.0
2023-11-14,10098597.903999997,0.0,0.0,25578.687999998256,0.002539326834537059
2023-11-15,10101477.903999997,0.0,0.0,2880.000000000291,0.00028518810505961945
2023-11-16,10116197.904,0.0,0.0,14720.000000001164,0.00145721251285158
2023-11-17,10124517.904,0.0,0.0,8319.999999999709,0.0008224433803050157
2023-11-20,10136997.904,0.0,0.0,12480.000000000291,0.0012326512845681759
2023-11-21,10125098.608,-11899.29600000009,-0.0011738481267027487,-11899.296000001163,-0.0011738481267027367
2023-11-22,10107783.663999997,-29214.240000002086,-0.002881941998673426,-17314.944000000585,-0.0017101012711442376
2023-11-23,10114503.663999999,-22494.240000000224,-0.002219023838519699,6720.000000001164,0.000664834173681017
2023-11-24,10118023.663999997,-18974.240000002086,-0.00187178099272517,3519.9999999982538,0.0003480150995966991
2023-11-27,10130823.663999997,-6174.240000002086,-0.0006090797352898503,12800.0,0.001265069189899437
2023-11-28,10135623.663999997,-1374.2400000020862,-0.0001355667637516053,4800.0,0.0004738015544636376
2023-11-29,10136583.663999997,-414.24000000208616,-4.086416944395633e-05,960.0000000005821,9.471543457251208e-05
2023-11-30,10153863.663999997,0.0,0.0,17280.00000000029,0.0017047163593557624
2023-12-01,10159943.663999997,0.0,0.0,6079.999999998836,0.00059878684618897
2023-12-04,10166647.663999997,0.0,0.0,6704.000000000873,0.0006598461784541598
2023-12-05,10166647.663999997,0.0,0.0,0.0,0.0
2023-12-06,10166647.663999997,0.0,0.0,0.0,0.0
2023-12-07,10166647.663999997,0.0,0.0,0.0,0.0
2023-12-08,10166647.663999997,0.0,0.0,0.0,0.0
2023-12-11,10166647.663999997,0.0,0.0,0.0,0.0
2023-12-12,10166647.663999997,0.0,0.0,0.0,0.0
2023-12-13,10166647.663999997,0.0,0.0,0.0,0.0
2023-12-14,10166647.663999997,0.0,0.0,0.0,0.0
2023-12-15,10166647.663999997,0.0,0.0,0.0,0.0
2023-12-18,10166647.663999997,0.0,0.0,0.0,0.0
2023-12-19,10166647.663999997,0.0,0.0,0.0,0.0
2023-12-20,10166647.663999997,0.0,0.0,0.0,0.0
2023-12-21,10166647.663999997,0.0,0.0,0.0,0.0
2023-12-22,10166647.663999997,0.0,0.0,0.0,0.0
2023-12-25,10166647.663999997,0.0,0.0,0.0,0.0
2023-12-26,10166647.663999997,0.0,0.0,0.0,0.0
2023-12-27,10166647.663999997,0.0,0.0,0.0,0.0
2023-12-28,10166647.663999997,0.0,0.0,0.0,0.0
2023-12-29,10166647.663999997,0.0,0.0,0.0,0.0
2024-01-02,10166647.663999997,0.0,0.0,0.0,0.0
2024-01-03,10166647.663999997,0.0,0.0,0.0,0.0
2024-01-04,10166647.663999997,0.0,0.0,0.0,0.0
2024-01-05,10166647.663999997,0.0,0.0,0.0,0.0
2024-01-08,10166647.663999997,0.0,0.0,0.0,0.0
2024-01-09,10166647.663999997,0.0,0.0,0.0,0.0
2024-01-10,10166647.663999997,0.0,0.0,0.0,0.0
2024-01-11,10166647.663999997,0.0,0.0,0.0,0.0
2024-01-12,10166647.663999997,0.0,0.0,0.0,0.0
2024-01-15,10166647.663999997,0.0,0.0,0.0,0.0
2024-01-16,10166647.663999997,0.0,0.0,0.0,0.0
2024-01-17,10166647.663999997,0.0,0.0,0.0,0.0
2024-01-18,10166647.663999997,0.0,0.0,0.0,0.0
2024-01-19,10166647.663999997,0.0,0.0,0.0,0.0
2024-01-22,10166647.663999997,0.0,0.0,0.0,0.0
2024-01-23,10166647.663999997,0.0,0.0,0.0,0.0
2024-01-24,10166647.663999997,0.0,0.0,0.0,0.0
2024-01-25,10166647.663999997,0.0,0.0,0.0,0.0
2024-01-26,10166647.663999997,0.0,0.0,0.0,0.0
2024-01-29,10166647.663999997,0.0,0.0,0.0,0.0
2024-01-30,10166647.663999997,0.0,0.0,0.0,0.0
2024-01-31,10166647.663999997,0.0,0.0,0.0,0.0
2024-02-01,10166647.663999997,0.0,0.0,0.0,0.0
2024-02-02,10166647.663999997,0.0,0.0,0.0,0.0
2024-02-05,10166647.663999997,0.0,0.0,0.0,0.0
2024-02-06,10194511.183999997,0.0,0.0,27863.519999999087,0.002740679221004516
2024-02-07,10186576.783999998,-7934.39999999851,-0.0007783011717571443,-7934.39999999907,-0.0007783011717571453
2024-02-08,10217453.703999996,0.0,0.0,30876.919999999314,0.003031138001972966
2024-02-19,10254253.703999998,0.0,0.0,36800.00000000109,0.0036016801314788793
2024-02-20,10262253.703999998,0.0,0.0,8000.0,0.0007801640403024557
2024-02-21,10259053.703999998,-3200.0,-0.0003118223435416249,-3200.0000000007276,-0.0003118223435416567
2024-02-22,10253853.703999996,-8400.000000001863,-0.0008185336517969469,-5200.000000000728,-0.0005068693614475039
2024-02-23,10260253.703999998,-2000.0,-0.00019488896471351556,6400.000000001455,0.0006241555794290754
2024-02-26,10255453.703999996,-6800.000000001863,-0.0006626224800261344,-4800.000000001091,-0.0004678246891819393
2024-02-27,10260653.703999998,-1600.0,-0.00015591117177081245,5200.0000000006985,0.00050704728918749
2024-02-28,10265853.703999998,0.0,0.0,5200.0000000006985,0.0005067903225282056
2024-02-29,10267853.703999998,0.0,0.0,2000.0,0.00019482062161291225
2024-03-01,10260653.703999998,-7200.0,-0.0007012176261524968,-7200.000000000728,-0.0007012176261524949
2024-03-04,10276253.703999996,0.0,0.0,15599.999999998545,0.0015203709675843946
2024-03-05,10285853.703999996,0.0,0.0,9600.00000000035,0.000934192583846416
2024-03-06,10290253.703999998,0.0,0.0,4400.000000001455,0.00042777197951893164
2024-03-07,10286253.703999998,-4000.0,-0.0003887173353602673,-4000.0,-0.00038871733536027797
2024-03-08,10294653.703999998,0.0,0.0,8399.99999999965,0.0008166238400997283
2024-03-11,10317453.703999996,0.0,0.0,22799.999999999272,0.0022147418121640783
2024-03-12,10330892.183999997,0.0,0.0,13438.480000000363,0.0013024996656676446
2024-03-13,10330892.183999997,0.0,0.0,0.0,0.0
2024-03-14,10330892.183999997,0.0,0.0,0.0,0.0
2024-03-15,10330892.183999997,0.0,0.0,0.0,0.0
2024-03-18,10330892.183999997,0.0,0.0,0.0,0.0
2024-03-19,10330892.183999997,0.0,0.0,0.0,0.0
2024-03-20,10330892.183999997,0.0,0.0,0.0,0.0
2024-03-21,10330892.183999997,0.0,0.0,0.0,0.0
2024-03-22,10330892.183999997,0.0,0.0,0.0,0.0
2024-03-25,10330892.183999997,0.0,0.0,0.0,0.0
2024-03-26,10330892.183999997,0.0,0.0,0.0,0.0
2024-03-27,10330892.183999997,0.0,0.0,0.0,0.0
2024-03-28,10330892.183999997,0.0,0.0,0.0,0.0
2024-03-29,10330892.183999997,0.0,0.0,0.0,0.0
2024-04-01,10330892.183999997,0.0,0.0,0.0,0.0
2024-04-02,10330892.183999997,0.0,0.0,0.0,0.0
2024-04-03,10330892.183999997,0.0,0.0,0.0,0.0
2024-04-08,10330892.183999997,0.0,0.0,0.0,0.0
2024-04-09,10330892.183999997,0.0,0.0,0.0,0.0
2024-04-10,10330892.183999997,0.0,0.0,0.0,0.0
2024-04-11,10330892.183999997,0.0,0.0,0.0,0.0
2024-04-12,10330892.183999997,0.0,0.0,0.0,0.0
2024-04-15,10330892.183999997,0.0,0.0,0.0,0.0
2024-04-16,10330892.183999997,0.0,0.0,0.0,0.0
2024-04-17,10330892.183999997,0.0,0.0,0.0,0.0
2024-04-18,10330892.183999997,0.0,0.0,0.0,0.0
2024-04-19,10330892.183999997,0.0,0.0,0.0,0.0
2024-04-22,10330892.183999997,0.0,0.0,0.0,0.0
2024-04-23,10330892.183999997,0.0,0.0,0.0,0.0
2024-04-24,10330892.183999997,0.0,0.0,0.0,0.0
2024-04-25,10330892.183999997,0.0,0.0,0.0,0.0
2024-04-26,10330892.183999997,0.0,0.0,0.0,0.0
2024-04-29,10330892.183999997,0.0,0.0,0.0,0.0
2024-04-30,10330892.183999997,0.0,0.0,0.0,0.0
2024-05-06,10330892.183999997,0.0,0.0,0.0,0.0
2024-05-07,10349070.959999997,0.0,0.0,18178.775999999674,0.0017596520877600774
2024-05-08,10354830.959999997,0.0,0.0,5759.99999999968,0.0005565716982967039
2024-05-09,10347990.959999997,-6840.0,-0.0006605612420349933,-6839.999999998719,-0.0006605612420349516
2024-05-10,10356990.959999997,0.0,0.0,9000.0,0.000869734041592185
2024-05-13,10362750.959999997,0.0,0.0,5759.99999999968,0.0005561460874345947
2024-05-14,10358430.959999999,-4319.999999998137,-0.00041687772066251975,-4319.999999999345,-0.00041687772066256734
2024-05-15,10368870.959999997,0.0,0.0,10439.99999999869,0.001007874652088958
2024-05-16,10361310.959999997,-7560.0,-0.0007291054184360301,-7559.999999999673,-0.0007291054184360712
2024-05-17,10360230.959999997,-8640.0,-0.0008332633353554631,-1080.0000000006403,-0.00010423391443126206
2024-05-20,10358790.959999997,-10080.0,-0.000972140557914707,-1439.9999999986903,-0.00013899304036368854
2024-05-21,10362390.959999997,-6480.0,-0.0006249475015165973,3600.0,0.00034753090528627517
2024-05-22,10359150.959999997,-9720.0,-0.000937421252274896,-3240.0000000003274,-0.0003126691525640046
2024-05-23,10361310.959999997,-7560.0,-0.0007291054184360301,2159.99999999968,0.00020851129675980573
2024-05-24,10364910.959999997,-3960.0,-0.00038191236203792057,3600.0,0.0003474463814374662
2024-05-27,10371390.959999997,0.0,0.0,6480.000000000655,0.0006251862678807729
2024-05-28,10380750.959999997,0.0,0.0,9359.99999999968,0.0009024826116477147
2024-05-29,10393350.959999997,0.0,0.0,12600.0,0.001213785018882696
2024-05-30,10395870.959999997,0.0,0.0,2519.999999999345,0.00024246270617611643
2024-05-31,10389390.959999997,-6480.0,-0.0006233243972470395,-6479.999999999018,-0.0006233243972469937
2024-06-03,10403070.959999997,0.0,0.0,13679.99999999904,0.0013167278094230461
2024-06-04,10408830.959999999,0.0,0.0,5760.00000000131,0.0005536826598750988
2024-06-05,10406670.959999999,-2160.0,-0.0002075160993872073,-2159.99999999968,-0.00020751609938718385
2024-06-06,10400550.959999997,-8280.000000001863,-0.0007954783809844735,-6120.00000000096,-0.0005880843185611662
2024-06-07,10395150.959999997,-13680.000000001863,-0.0013142686294524918,-5400.0,-0.0005192032634394605
2024-06-11,10406310.959999997,-2520.0000000018626,-0.0002421021159519208,11159.99999999968,0.0010735774827073108
2024-06-12,10412790.959999997,0.0,0.0,6480.000000000655,0.0006226990549205169
2024-06-13,10429710.959999997,0.0,0.0,16919.999999999345,0.0016249245821795544
2024-06-14,10419270.959999999,-10439.999999998137,-0.0010009865124774406,-10439.99999999869,-0.0010009865124774864
2024-06-17,10412790.959999997,-16920.0,-0.00162228848573959,-6480.000000000655,-0.0006219245113097127
2024-06-18,10386470.243999997,-43240.716000000015,-0.004145917002478468,-26320.71600000064,-0.0025277292227520176
2024-06-19,10386470.243999997,-43240.716000000015,-0.004145917002478468,0.0,0.0
2024-06-20,10386470.243999997,-43240.716000000015,-0.004145917002478468,0.0,0.0
2024-06-21,10386470.243999997,-43240.716000000015,-0.004145917002478468,0.0,0.0
2024-06-24,10386470.243999997,-43240.716000000015,-0.004145917002478468,0.0,0.0
2024-06-25,10386470.243999997,-43240.716000000015,-0.004145917002478468,0.0,0.0
2024-06-26,10386470.243999997,-43240.716000000015,-0.004145917002478468,0.0,0.0
2024-06-27,10386470.243999997,-43240.716000000015,-0.004145917002478468,0.0,0.0
2024-06-28,10386470.243999997,-43240.716000000015,-0.004145917002478468,0.0,0.0
2024-07-01,10386470.243999997,-43240.716000000015,-0.004145917002478468,0.0,0.0
2024-07-02,10386470.243999997,-43240.716000000015,-0.004145917002478468,0.0,0.0
2024-07-03,10386470.243999997,-43240.716000000015,-0.004145917002478468,0.0,0.0
2024-07-04,10386470.243999997,-43240.716000000015,-0.004145917002478468,0.0,0.0
2024-07-05,10386470.243999997,-43240.716000000015,-0.004145917002478468,0.0,0.0
2024-07-08,10386470.243999997,-43240.716000000015,-0.004145917002478468,0.0,0.0
2024-07-09,10386470.243999997,-43240.716000000015,-0.004145917002478468,0.0,0.0
2024-07-10,10386470.243999997,-43240.716000000015,-0.004145917002478468,0.0,0.0
2024-07-11,10386470.243999997,-43240.716000000015,-0.004145917002478468,0.0,0.0
2024-07-12,10386470.243999997,-43240.716000000015,-0.004145917002478468,0.0,0.0
2024-07-15,10386470.243999997,-43240.716000000015,-0.004145917002478468,0.0,0.0
2024-07-16,10386470.243999997,-43240.716000000015,-0.004145917002478468,0.0,0.0
2024-07-17,10386470.243999997,-43240.716000000015,-0.004145917002478468,0.0,0.0
2024-07-18,10386470.243999997,-43240.716000000015,-0.004145917002478468,0.0,0.0
2024-07-19,10382616.723999998,-47094.23599999957,-0.004515392246306276,-3853.520000000004,-0.00037101343473500137
2024-07-22,10381547.563999997,-48163.39599999972,-0.004617903236697149,-1069.1599999989085,-0.00010297596727504299
2024-07-23,10381547.563999997,-48163.39599999972,-0.004617903236697149,0.0,0.0
2024-07-24,10381547.563999997,-48163.39599999972,-0.004617903236697149,0.0,0.0
2024-07-25,10381547.563999997,-48163.39599999972,-0.004617903236697149,0.0,0.0
2024-07-26,10381547.563999997,-48163.39599999972,-0.004617903236697149,0.0,0.0
2024-07-29,10381547.563999997,-48163.39599999972,-0.004617903236697149,0.0,0.0
2024-07-30,10381547.563999997,-48163.39599999972,-0.004617903236697149,0.0,0.0
2024-07-31,10381547.563999997,-48163.39599999972,-0.004617903236697149,0.0,0.0
2024-08-01,10381547.563999997,-48163.39599999972,-0.004617903236697149,0.0,0.0
2024-08-02,10381547.563999997,-48163.39599999972,-0.004617903236697149,0.0,0.0
2024-08-05,10381547.563999997,-48163.39599999972,-0.004617903236697149,0.0,0.0
2024-08-06,10381547.563999997,-48163.39599999972,-0.004617903236697149,0.0,0.0
2024-08-07,10381547.563999997,-48163.39599999972,-0.004617903236697149,0.0,0.0
2024-08-08,10381547.563999997,-48163.39599999972,-0.004617903236697149,0.0,0.0
2024-08-09,10381547.563999997,-48163.39599999972,-0.004617903236697149,0.0,0.0
2024-08-12,10381547.563999997,-48163.39599999972,-0.004617903236697149,0.0,0.0
2024-08-13,10381547.563999997,-48163.39599999972,-0.004617903236697149,0.0,0.0
2024-08-14,10451702.963999998,0.0,0.0,70155.40000000001,0.00675770154377342
2024-08-15,10457302.963999998,0.0,0.0,5599.999999998545,0.0005357978522053664
2024-08-16,10451302.963999998,-6000.0,-0.0005737617070726001,-5999.999999998181,-0.0005737617070725731
2024-08-19,10451702.963999998,-5600.0,-0.0005355109266010935,399.9999999996362,3.8272739904199327e-05
2024-08-20,10453702.963999998,-3600.0,-0.00034425702424356006,2000.0,0.00019135637578759912
2024-08-21,10447702.963999998,-9600.0,-0.0009180187313161602,-6000.0,-0.000573959296592097
2024-08-22,10450102.963999998,-7200.0,-0.0006885140484871201,2399.999999999636,0.00022971556602158216
2024-08-23,10438502.963999998,-18800.0,-0.0017977866821608137,-11600.000000000364,-0.0011100369096803675
2024-08-26,10438902.963999998,-18400.0,-0.0017595359016893072,399.9999999996362,3.83196710658229e-05
2024-08-27,10437702.963999998,-19600.0,-0.0018742882431038272,-1199.9999999989086,-0.00011495460817467773
2024-08-28,10438502.963999998,-18800.0,-0.0017977866821608137,799.9999999992724,7.664521617067876e-05
2024-08-29,10430902.963999998,-26400.0,-0.0025245515111194405,-7600.000000000349,-0.0007280737502504131
2024-08-30,10433702.963999998,-23600.0,-0.002256796047818894,2800.000000001077,0.00026843313658120316
2024-09-02,10435302.963999998,-22000.0,-0.002103792925932867,1600.0000000003783,0.00015334919975407146
2024-09-03,10447302.963999998,-10000.0,-0.0009562695117876669,11999.999999998181,0.0011499426553687186
2024-09-04,10448102.963999998,-9200.0,-0.0008797679508446536,800.0000000010914,7.657478707723264e-05
2024-09-05,10442902.963999998,-14400.0,-0.0013770280969742402,-5200.000000000728,-0.0004976980048835289
2024-09-06,10449702.963999998,-7600.0,-0.0007267648289586269,6800.000000001106,0.0006511599335397023
2024-09-09,10446502.963999998,-10800.0,-0.0010327710727306802,-3200.0000000007276,-0.00030622880009356646
2024-09-10,10450902.964,-6399.999999998137,-0.0006120124875439287,4400.000000001455,0.0004211935817339807
2024-09-11,10458102.963999998,0.0,0.0,7199.999999998909,0.0006889356857298079
2024-09-12,10459302.963999998,0.0,0.0,1199.9999999989086,0.00011474356335283709
2024-09-13,10451302.963999998,-8000.0,-0.000764869325186898,-7999.999999998181,-0.0007648693251869343
2024-09-18,10470502.963999998,0.0,0.0,19199.99999999891,0.0018370915153962386
2024-09-19,10466356.723999998,-4146.2400000002235,-0.0003959924384010923,-4146.239999999641,-0.00039599243840104936
2024-09-20,10466356.723999998,-4146.2400000002235,-0.0003959924384010923,0.0,0.0
2024-09-23,10466356.723999998,-4146.2400000002235,-0.0003959924384010923,0.0,0.0
2024-09-24,10466356.723999998,-4146.2400000002235,-0.0003959924384010923,0.0,0.0
2024-09-25,10466356.723999998,-4146.2400000002235,-0.0003959924384010923,0.0,0.0
2024-09-26,10466356.723999998,-4146.2400000002235,-0.0003959924384010923,0.0,0.0
2024-09-27,10466356.723999998,-4146.2400000002235,-0.0003959924384010923,0.0,0.0
2024-09-30,10466356.723999998,-4146.2400000002235,-0.0003959924384010923,0.0,0.0
2024-10-08,10466356.723999998,-4146.2400000002235,-0.0003959924384010923,0.0,0.0
2024-10-09,10466356.723999998,-4146.2400000002235,-0.0003959924384010923,0.0,0.0
2024-10-10,10466356.723999998,-4146.2400000002235,-0.0003959924384010923,0.0,0.0
2024-10-11,10466356.723999998,-4146.2400000002235,-0.0003959924384010923,0.0,0.0
2024-10-14,10466356.723999998,-4146.2400000002235,-0.0003959924384010923,0.0,0.0
2024-10-15,10466356.723999998,-4146.2400000002235,-0.0003959924384010923,0.0,0.0
2024-10-16,10466356.723999998,-4146.2400000002235,-0.0003959924384010923,0.0,0.0
2024-10-17,10466356.723999998,-4146.2400000002235,-0.0003959924384010923,0.0,0.0
2024-10-18,10474847.683999998,0.0,0.0,8490.960000000312,0.0008112622399474301
2024-10-21,10454687.683999998,-20160.0,-0.0019246103244817362,-20159.99999999968,-0.001924610324481768
2024-10-22,10431725.263999999,-43122.419999999925,-0.004116758668087181,-22962.420000000653,-0.002196375510589599
2024-10-23,10431725.263999999,-43122.419999999925,-0.004116758668087181,0.0,0.0
2024-10-24,10431725.263999999,-43122.419999999925,-0.004116758668087181,0.0,0.0
2024-10-25,10431725.263999999,-43122.419999999925,-0.004116758668087181,0.0,0.0
2024-10-28,10439421.039999997,-35426.64400000125,-0.0033820676986181233,7695.775999999998,0.0007377280176805723
2024-10-29,10449649.04,-25198.64399999939,-0.002405633452645763,10228.000000000582,0.0009797478194253362
2024-10-30,10454161.712,-20685.971999999136,-0.0019748231787271053,4512.671999999999,0.0004318491446675399
2024-10-31,10461201.712,-13645.971999999136,-0.0013027370336699913,7040.000000000873,0.0006734160226276042
2024-11-01,10455441.712,-19405.971999999136,-0.0018526256978076301,-5760.000000000582,-0.000550605958911321
2024-11-04,10453521.712,-21325.971999999136,-0.002035921919186843,-1919.999999999709,-0.00018363643095020699
2024-11-05,10466321.711999997,-8525.972000000998,-0.0008139471099922678,12799.999999998545,0.0012244677298851592
2024-11-06,10467281.711999997,-7565.972000000998,-0.0007222989993026614,960.0000000005821,9.172276817159819e-05
2024-11-07,10473041.712,-1805.9719999991357,-0.00017241033516484457,5760.000000000582,0.0005502861352626454
2024-11-08,10473361.712,-1485.9719999991357,-0.00014186096493497575,319.99999999970896,3.055463816536985e-05
2024-11-11,10486481.711999997,0.0,0.0,13119.999999999709,0.0012527018889232355
2024-11-12,10495121.712,0.0,0.0,8640.000000000873,0.0008239179009024156
2024-11-13,10492561.712,-2560.0,-0.00024392285008690523,-2560.000000000582,-0.0002439228500868973
2024-11-14,10490321.712,-4800.0,-0.00045735534391294733,-2239.999999999418,-0.00021348456759018308
2024-11-15,10486481.711999997,-8640.000000001863,-0.0008232396190434826,-3840.000000000873,-0.0003660516908274847
2024-11-18,10484561.712,-10560.0,-0.001006181756608484,-1919.999999999709,-0.00018309286686701842
2024-11-19,10481361.712,-13760.0,-0.0013110853192171157,-3200.0,-0.00030521066000666064
2024-11-20,10495441.712,0.0,0.0,14080.000000000291,0.0013433369047726185
2024-11-21,10498961.712,0.0,0.0,3519.999999999709,0.0003353836929012033
2024-11-22,10506641.712,0.0,0.0,7680.000000000291,0.0007315009055821609
2024-11-25,10511441.712,0.0,0.0,4800.0,0.00045685387696403623
2024-11-26,10510801.712,-640.0,-6.0886034241084895e-05,-639.9999999994179,-6.088603424103667e-05
2024-11-27,10497041.712,-14400.0,-0.00136993577042441,-13760.000000000582,-0.0013091294438835055
2024-11-28,10503121.712,-8320.0,-0.0007915184451341037,6080.000000000291,0.0005792108068933821
2024-11-29,10497041.712,-14400.0,-0.00136993577042441,-6080.000000000291,-0.0005788755159386039
2024-12-02,10497361.712,-14080.0,-0.0013394927533038677,319.99999999970896,3.0484779310224752e-05
2024-12-03,10492171.44,-19270.27199999988,-0.0018332663137922067,-5190.271999999999,-0.0004944358537314342
2024-12-04,10492171.44,-19270.27199999988,-0.0018332663137922067,0.0,0.0
2024-12-05,10492171.44,-19270.27199999988,-0.0018332663137922067,0.0,0.0
2024-12-06,10492171.44,-19270.27199999988,-0.0018332663137922067,0.0,0.0
2024-12-09,10492171.44,-19270.27199999988,-0.0018332663137922067,0.0,0.0
2024-12-10,10492171.44,-19270.27199999988,-0.0018332663137922067,0.0,0.0
2024-12-11,10492171.44,-19270.27199999988,-0.0018332663137922067,0.0,0.0
2024-12-12,10492171.44,-19270.27199999988,-0.0018332663137922067,0.0,0.0
2024-12-13,10492171.44,-19270.27199999988,-0.0018332663137922067,0.0,0.0
2024-12-16,10492171.44,-19270.27199999988,-0.0018332663137922067,0.0,0.0
2024-12-17,10492171.44,-19270.27199999988,-0.0018332663137922067,0.0,0.0
2024-12-18,10492171.44,-19270.27199999988,-0.0018332663137922067,0.0,0.0
2024-12-19,10492171.44,-19270.27199999988,-0.0018332663137922067,0.0,0.0
2024-12-20,10492171.44,-19270.27199999988,-0.0018332663137922067,0.0,0.0
2024-12-23,10492171.44,-19270.27199999988,-0.0018332663137922067,0.0,0.0
2024-12-24,10492171.44,-19270.27199999988,-0.0018332663137922067,0.0,0.0
2024-12-25,10492171.44,-19270.27199999988,-0.0018332663137922067,0.0,0.0
2024-12-26,10492171.44,-19270.27199999988,-0.0018332663137922067,0.0,0.0
2024-12-27,10492171.44,-19270.27199999988,-0.0018332663137922067,0.0,0.0
2024-12-30,10492171.44,-19270.27199999988,-0.0018332663137922067,0.0,0.0
2024-12-31,10492171.44,-19270.27199999988,-0.0018332663137922067,0.0,0.0
2025-01-02,10492171.44,-19270.27199999988,-0.0018332663137922067,0.0,0.0
2025-01-03,10492171.44,-19270.27199999988,-0.0018332663137922067,0.0,0.0
2025-01-06,10492171.44,-19270.27199999988,-0.0018332663137922067,0.0,0.0
2025-01-07,10492171.44,-19270.27199999988,-0.0018332663137922067,0.0,0.0
2025-01-08,10492171.44,-19270.27199999988,-0.0018332663137922067,0.0,0.0
2025-01-09,10492171.44,-19270.27199999988,-0.0018332663137922067,0.0,0.0
2025-01-10,10492171.44,-19270.27199999988,-0.0018332663137922067,0.0,0.0
2025-01-13,10492171.44,-19270.27199999988,-0.0018332663137922067,0.0,0.0
2025-01-14,10492171.44,-19270.27199999988,-0.0018332663137922067,0.0,0.0
2025-01-15,10492171.44,-19270.27199999988,-0.0018332663137922067,0.0,0.0
2025-01-16,10492171.44,-19270.27199999988,-0.0018332663137922067,0.0,0.0
2025-01-17,10492171.44,-19270.27199999988,-0.0018332663137922067,0.0,0.0
2025-01-20,10492171.44,-19270.27199999988,-0.0018332663137922067,0.0,0.0
2025-01-21,10492171.44,-19270.27199999988,-0.0018332663137922067,0.0,0.0
2025-01-22,10492171.44,-19270.27199999988,-0.0018332663137922067,0.0,0.0
2025-01-23,10492171.44,-19270.27199999988,-0.0018332663137922067,0.0,0.0
2025-01-24,10492171.44,-19270.27199999988,-0.0018332663137922067,0.0,0.0
2025-01-27,10492171.44,-19270.27199999988,-0.0018332663137922067,0.0,0.0
2025-02-05,10492171.44,-19270.27199999988,-0.0018332663137922067,0.0,0.0
2025-02-06,10492171.44,-19270.27199999988,-0.0018332663137922067,0.0,0.0
2025-02-07,10492171.44,-19270.27199999988,-0.0018332663137922067,0.0,0.0
2025-02-10,10492171.44,-19270.27199999988,-0.0018332663137922067,0.0,0.0
2025-02-11,10492171.44,-19270.27199999988,-0.0018332663137922067,0.0,0.0
2025-02-12,10479993.296,-31448.41599999927,-0.0029918270834434963,-12178.143999999418,-0.0011606886210009382
2025-02-13,10483513.295999998,-27928.416000001132,-0.0026569538951177066,3519.999999999709,0.000335878077454721
2025-02-14,10490233.295999998,-21208.416000001132,-0.002017650535586315,6719.999999999709,0.0006410064842063967
2025-02-17,10496953.295999998,-14488.416000001132,-0.0013783471760549237,6719.999999999709,0.0006405958581074955
2025-02-18,10495673.296,-15768.41599999927,-0.0015001192445369164,-1279.9999999988358,-0.00012194014433553058
2025-02-19,10498233.295999998,-13208.416000001132,-0.0012565751075727539,2559.999999999127,0.00024391003109580645
2025-02-20,10502393.296,-9048.41599999927,-0.0008608158850055249,4160.000000000582,0.00039625714943736234
2025-02-21,10509433.295999998,-2008.4160000011325,-0.0001910695083537683,7039.999999999418,0.0006703234016840476
2025-02-24,10518393.296,0.0,0.0,8960.000000000582,0.0008525673790054089
2025-02-25,10532153.295999998,0.0,0.0,13759.999999999127,0.0013081845879665543
2025-02-26,10552953.296,0.0,0.0,20800.000000001455,0.001974904790637888
2025-02-27,10559033.295999998,0.0,0.0,6079.999999998836,0.0005761420362111469
2025-02-28,10549433.295999998,-9600.0,-0.0009091741384731402,-9600.0,-0.0009091741384731344
2025-03-03,10543033.295999998,-16000.0,-0.001515290230788567,-6400.0,-0.0006066676588615261
2025-03-04,10551993.295999998,-7040.0,-0.0006667277015469695,8960.000000000582,0.0008498502990974544
2025-03-05,10570233.295999998,0.0,0.0,18239.999999999418,0.001728583357507807
2025-03-06,10577593.295999998,0.0,0.0,7360.000000000582,0.0006962949439144328
2025-03-07,10593593.295999998,0.0,0.0,16000.0,0.0015126314230715643
2025-03-10,10607353.295999998,0.0,0.0,13759.999999999127,0.00129889826950369
2025-03-11,10629753.296,0.0,0.0,22400.000000001455,0.002111742616176304
2025-03-12,10644473.296,0.0,0.0,14719.999999999709,0.0013847922515322075
2025-03-13,10621113.295999998,-23360.000000001863,-0.002194566076724541,-23360.000000000582,-0.0021945660767245245
2025-03-14,10588153.296,-56320.0,-0.005291008623335458,-32959.99999999913,-0.003103252840021109
2025-03-17,10606073.295999998,-38400.00000000186,-0.003607505879547078,17919.999999998254,0.0016924575512868856
2025-03-18,10605605.008,-38868.28800000064,-0.0036514994137480375,-468.2879999985453,-4.4152815743325746e-05
2025-03-19,10618916.208,-25557.087999999523,-0.002400972531877497,13311.200000000254,0.0012551099149893385
2025-03-20,10621594.967999998,-22878.32800000161,-0.0021493151764116754,2678.7599999997456,0.000252263032076705
2025-03-21,10621594.967999998,-22878.32800000161,-0.0021493151764116754,0.0,0.0
2025-03-24,10621594.967999998,-22878.32800000161,-0.0021493151764116754,0.0,0.0
2025-03-25,10621594.967999998,-22878.32800000161,-0.0021493151764116754,0.0,0.0
2025-03-26,10621594.967999998,-22878.32800000161,-0.0021493151764116754,0.0,0.0
2025-03-27,10621594.967999998,-22878.32800000161,-0.0021493151764116754,0.0,0.0
2025-03-28,10621594.967999998,-22878.32800000161,-0.0021493151764116754,0.0,0.0
2025-03-31,10621594.967999998,-22878.32800000161,-0.0021493151764116754,0.0,0.0
2025-04-01,10621594.967999998,-22878.32800000161,-0.0021493151764116754,0.0,0.0
2025-04-02,10621594.967999998,-22878.32800000161,-0.0021493151764116754,0.0,0.0
2025-04-03,10621594.967999998,-22878.32800000161,-0.0021493151764116754,0.0,0.0
2025-04-07,10621594.967999998,-22878.32800000161,-0.0021493151764116754,0.0,0.0
2025-04-08,10621594.967999998,-22878.32800000161,-0.0021493151764116754,0.0,0.0
2025-04-09,10621594.967999998,-22878.32800000161,-0.0021493151764116754,0.0,0.0
2025-04-10,10621594.967999998,-22878.32800000161,-0.0021493151764116754,0.0,0.0
2025-04-11,10621594.967999998,-22878.32800000161,-0.0021493151764116754,0.0,0.0
2025-04-14,10621594.967999998,-22878.32800000161,-0.0021493151764116754,0.0,0.0
2025-04-15,10621594.967999998,-22878.32800000161,-0.0021493151764116754,0.0,0.0
2025-04-16,10621594.967999998,-22878.32800000161,-0.0021493151764116754,0.0,0.0
2025-04-17,10621594.967999998,-22878.32800000161,-0.0021493151764116754,0.0,0.0
2025-04-18,10621594.967999998,-22878.32800000161,-0.0021493151764116754,0.0,0.0
2025-04-21,10621594.967999998,-22878.32800000161,-0.0021493151764116754,0.0,0.0
2025-04-22,10621594.967999998,-22878.32800000161,-0.0021493151764116754,0.0,0.0
2025-04-23,10621594.967999998,-22878.32800000161,-0.0021493151764116754,0.0,0.0
2025-04-24,10621594.967999998,-22878.32800000161,-0.0021493151764116754,0.0,0.0
2025-04-25,10621594.967999998,-22878.32800000161,-0.0021493151764116754,0.0,0.0
2025-04-28,10621594.967999998,-22878.32800000161,-0.0021493151764116754,0.0,0.0
2025-04-29,10621594.967999998,-22878.32800000161,-0.0021493151764116754,0.0,0.0
2025-04-30,10621594.967999998,-22878.32800000161,-0.0021493151764116754,0.0,0.0
2025-05-06,10621594.967999998,-22878.32800000161,-0.0021493151764116754,0.0,0.0
2025-05-07,10669614.168,0.0,0.0,48019.19999999972,0.004520902947690031
2025-05-08,10681774.168,0.0,0.0,12160.000000000582,0.0011396850728182528
2025-05-09,10676654.167999998,-5120.000000001863,-0.0004793211239515004,-5120.000000001164,-0.00047932112395154824
2025-05-12,10689454.168,0.0,0.0,12800.000000001455,0.0011988774571687344
2025-05-13,10690734.168,0.0,0.0,1280.000000000291,0.00011974418711035995
2025-05-14,10693294.168,0.0,0.0,2559.999999999127,0.0002394597003134713
2025-05-15,10696814.168,0.0,0.0,3519.999999999709,0.00032917826300282726
2025-05-16,10705774.168,0.0,0.0,8960.000000000582,0.0008376325753891578
2025-05-19,10741934.168,0.0,0.0,36159.99999999913,0.0033776165490286836
2025-05-20,10768494.168,0.0,0.0,26560.000000000582,0.0024725528554365717
2025-05-21,10767854.168,-640.0,-5.943263654279949e-05,-639.9999999994179,-5.9432636542844364e-05
2025-05-22,10766574.168,-1920.0,-0.0001782979096283985,-1280.000000000291,-0.00011887233798202335
2025-05-23,10757668.472,-10825.696000000462,-0.0010053119620169778,-8905.696000000873,-0.0008271615335608828
2025-05-26,10757668.472,-10825.696000000462,-0.0010053119620169778,0.0,0.0
2025-05-27,10757668.472,-10825.696000000462,-0.0010053119620169778,0.0,0.0
2025-05-28,10757668.472,-10825.696000000462,-0.0010053119620169778,0.0,0.0
2025-05-29,10757668.472,-10825.696000000462,-0.0010053119620169778,0.0,0.0
2025-05-30,10747788.28,-20705.88800000027,-0.0019228211184373898,-9880.192000000003,-0.0009184324675663991
2025-06-03,10758668.28,-9825.888000000268,-0.0009124662972097983,10880.000000000291,0.001012301295536977
2025-06-04,10765708.28,-2785.888000000268,-0.000258707295239004,7039.999999999418,0.0006543560798399906
2025-06-05,10770828.28,0.0,0.0,5120.000000001164,0.00047558412942616535
2025-06-06,10768908.28,-1920.0,-0.00017825927125448518,-1920.0000000011642,-0.00017825927125447727
2025-06-09,10762188.28,-8640.0,-0.0008021667206451834,-6719.999999999709,-0.0006240186865069663
2025-06-10,10766988.28,-3840.0,-0.00035651854250897037,4800.0,0.0004460059492659152
2025-06-11,10764428.28,-6400.0,-0.000594197570848284,-2559.999999999127,-0.00023776379554119043
2025-06-12,10770188.28,-640.0,-5.94197570848284e-05,5759.999999999127,0.000535095766367899
2025-06-13,10762188.663999999,-8639.616000000387,-0.0008021310687909685,-7999.616000000293,-0.0007427554460542884
2025-06-16,10762188.663999999,-8639.616000000387,-0.0008021310687909685,0.0,0.0
2025-06-17,10762188.663999999,-8639.616000000387,-0.0008021310687909685,0.0,0.0
2025-06-18,10762188.663999999,-8639.616000000387,-0.0008021310687909685,0.0,0.0
2025-06-19,10762188.663999999,-8639.616000000387,-0.0008021310687909685,0.0,0.0
2025-06-20,10762188.663999999,-8639.616000000387,-0.0008021310687909685,0.0,0.0
2025-06-23,10762188.663999999,-8639.616000000387,-0.0008021310687909685,0.0,0.0
2025-06-24,10762188.663999999,-8639.616000000387,-0.0008021310687909685,0.0,0.0
2025-06-25,10762188.663999999,-8639.616000000387,-0.0008021310687909685,0.0,0.0
2025-06-26,10762188.663999999,-8639.616000000387,-0.0008021310687909685,0.0,0.0
2025-06-27,10762188.663999999,-8639.616000000387,-0.0008021310687909685,0.0,0.0
2025-06-30,10762188.663999999,-8639.616000000387,-0.0008021310687909685,0.0,0.0
2025-07-01,10762188.663999999,-8639.616000000387,-0.0008021310687909685,0.0,0.0
2025-07-02,10762188.663999999,-8639.616000000387,-0.0008021310687909685,0.0,0.0
2025-07-03,10762188.663999999,-8639.616000000387,-0.0008021310687909685,0.0,0.0
2025-07-04,10762188.663999999,-8639.616000000387,-0.0008021310687909685,0.0,0.0
2025-07-07,10762188.663999999,-8639.616000000387,-0.0008021310687909685,0.0,0.0
2025-07-08,10762188.663999999,-8639.616000000387,-0.0008021310687909685,0.0,0.0
2025-07-09,10762188.663999999,-8639.616000000387,-0.0008021310687909685,0.0,0.0
2025-07-10,10762188.663999999,-8639.616000000387,-0.0008021310687909685,0.0,0.0
2025-07-11,10762188.663999999,-8639.616000000387,-0.0008021310687909685,0.0,0.0
2025-07-14,10762188.663999999,-8639.616000000387,-0.0008021310687909685,0.0,0.0
2025-07-15,10760730.171999998,-10098.108000000939,-0.0009375423818381533,-1458.4920000002567,-0.00013552001786398815
2025-07-16,10768290.171999998,-2538.108000000939,-0.00023564650127361783,7560.000000000764,0.0007025545552357126
2025-07-17,10773330.171999998,0.0,0.0,5039.999999999229,0.00046804087923857374
2025-07-18,10771650.172,-1679.9999999981374,-0.00015594063981854705,-1679.999999998472,-0.00015594063981849704
2025-07-21,10782194.272,0.0,0.0,10544.099999998998,0.0009788750870696195
2025-07-22,10782194.272,0.0,0.0,0.0,0.0
2025-07-23,10782194.272,0.0,0.0,0.0,0.0
2025-07-24,10782194.272,0.0,0.0,0.0,0.0
2025-07-25,10782194.272,0.0,0.0,0.0,0.0
2025-07-28,10782194.272,0.0,0.0,0.0,0.0
2025-07-29,10782194.272,0.0,0.0,0.0,0.0
2025-07-30,10782194.272,0.0,0.0,0.0,0.0
2025-07-31,10782194.272,0.0,0.0,0.0,0.0
2025-08-01,10782194.272,0.0,0.0,0.0,0.0
2025-08-04,10782194.272,0.0,0.0,0.0,0.0
2025-08-05,10782194.272,0.0,0.0,0.0,0.0
2025-08-06,10782194.272,0.0,0.0,0.0,0.0
2025-08-07,10782194.272,0.0,0.0,0.0,0.0
2025-08-08,10782194.272,0.0,0.0,0.0,0.0
2025-08-11,10782194.272,0.0,0.0,0.0,0.0
2025-08-12,10782194.272,0.0,0.0,0.0,0.0
2025-08-13,10782194.272,0.0,0.0,0.0,0.0
2025-08-14,10782194.272,0.0,0.0,0.0,0.0
2025-08-15,10751719.911999999,-30474.360000001267,-0.002826359758619759,-30474.360000000772,-0.0028263597586197786
2025-08-18,10741639.911999999,-40554.36000000127,-0.0037612343996913347,-10079.999999999738,-0.0009375244223717161
2025-08-19,10749199.911999999,-32994.36000000127,-0.003060078418887653,7559.999999999491,0.0007038031494199792
2025-08-20,10741639.911999999,-40554.36000000127,-0.0037612343996913347,-7559.999999999476,-0.0007033081589226109
2025-08-21,10740799.911999999,-41394.36000000127,-0.0038391406197806326,-839.9999999992433,-7.820034993555325e-05
2025-08-22,10741079.911999999,-41114.36000000127,-0.0038131718797508665,279.99999999973807,2.606882190292481e-05
2025-08-25,10732959.911999999,-49234.36000000127,-0.00456626534061408,-8120.000000000247,-0.0007559761277754484
2025-08-26,10747239.911999999,-34954.36000000127,-0.0032418595990960147,14279.999999999745,0.0013304810711194381
2025-08-27,10755919.911999999,-26274.360000001267,-0.002436828658173269,8679.999999999738,0.0008076492263198176
2025-08-28,10774959.911999999,-7234.360000001267,-0.0006709543361491815,19040.00000000051,0.0017701879667919584
2025-08-29,10788119.911999999,0.0,0.0,13160.000000000764,0.0012213502516462693
2025-09-01,10803519.911999999,0.0,0.0,15400.0,0.0014274961833591338
2025-09-02,10794839.911999999,-8680.0,-0.0008034418477221206,-8680.000000001019,-0.000803441847722075
2025-09-03,10808839.912,0.0,0.0,14000.00000000128,0.0012969159444817802
2025-09-04,10797639.911999999,-11200.000000001863,-0.001036188905672254,-11200.00000000128,-0.0010361889056722529
2025-09-05,10783079.911999999,-25760.000000001863,-0.00238323448304596,-14559.999999999476,-0.001348442818862594
2025-09-08,10793719.911999999,-15120.000000001863,-0.0013988550226574825,10640.00000000051,0.0009867310719045008
2025-09-09,10815839.912,0.0,0.0,22120.000000000262,0.002049339818000151
2025-09-10,10820599.911999999,0.0,0.0,4759.999999999491,0.00044009527126198655
2025-09-11,10808559.911999999,-12040.0,-0.0011126924660293273,-12040.000000000524,-0.001112692466029297
2025-09-12,10829559.911999999,0.0,0.0,21000.0,0.0019429045285381807
2025-09-15,10838239.912,0.0,0.0,8680.000000001019,0.0008015099478220211
2025-09-16,10826961.064,-11278.848000001162,-0.001040653103417034,-11278.848000000511,-0.0010406531034170552
2025-09-17,10826961.064,-11278.848000001162,-0.001040653103417034,0.0,0.0
2025-09-18,10826961.064,-11278.848000001162,-0.001040653103417034,0.0,0.0
2025-09-19,10826961.064,-11278.848000001162,-0.001040653103417034,0.0,0.0
2025-09-22,10826961.064,-11278.848000001162,-0.001040653103417034,0.0,0.0
2025-09-23,10826961.064,-11278.848000001162,-0.001040653103417034,0.0,0.0
2025-09-24,10826961.064,-11278.848000001162,-0.001040653103417034,0.0,0.0
2025-09-25,10826961.064,-11278.848000001162,-0.001040653103417034,0.0,0.0
2025-09-26,10826961.064,-11278.848000001162,-0.001040653103417034,0.0,0.0
2025-09-29,10826961.064,-11278.848000001162,-0.001040653103417034,0.0,0.0
2025-09-30,10826961.064,-11278.848000001162,-0.001040653103417034,0.0,0.0
2025-10-09,10826961.064,-11278.848000001162,-0.001040653103417034,0.0,0.0
2025-10-10,10840566.375999998,0.0,0.0,13605.311999999118,0.0012566141061720604
2025-10-13,10849926.375999998,0.0,0.0,9360.000000000218,0.0008634235219224795
2025-10-14,10844646.375999998,-5280.0,-0.00048663924685049873,-5279.999999999563,-0.00048663924685055093
2025-10-15,10834086.375999998,-15840.0,-0.001459917740551496,-10560.000000000204,-0.0009737523598160047
2025-10-16,10844406.375999998,-5520.0,-0.0005087592126164304,10320.000000000437,0.0009525491713691103
2025-10-17,10835046.375999998,-14880.0,-0.0013714378774877692,-9360.000000000204,-0.000863117783995504
2025-10-20,10837206.375999998,-12720.0,-0.0011723581855943833,2159.999999999127,0.00019935309227503417
2025-10-21,10835286.375999998,-14640.0,-0.0013493179117218374,-1919.9999999993306,-0.0001771674298139958
2025-10-22,10835286.375999998,-14640.0,-0.0013493179117218374,0.0,0.0
2025-10-23,10830486.375999998,-19440.0,-0.0017917172270404725,-4800.0,-0.00044299705918537935
2025-10-24,10840326.375999998,-9600.0,-0.0008847986306372704,9839.999999999767,0.000908546454737813
2025-10-27,10836966.376,-12959.999999998137,-0.0011944781513601433,-3359.999999999127,-0.0003099537673918462
2025-10-28,10831686.375999998,-18240.0,-0.0016811173982108137,-5280.000000000655,-0.0004872212219552141
2025-10-29,10827366.375999998,-22560.0,-0.0020792767819975853,-4320.000000000437,-0.00039882986360939565
2025-10-30,10824966.375999998,-24960.0,-0.002300476439656903,-2400.0,-0.00022166055129713147
2025-10-31,10819926.375999998,-30000.0,-0.00276499572074147,-5039.999999999782,-0.00046559036074000915
2025-11-03,10822086.375999998,-27840.0,-0.002565916028848084,2160.0000000002183,0.0001996316726138314
2025-11-04,10827606.375999998,-22320.0,-0.0020571568162316535,5519.999999999331,0.0005100680042844363
2025-11-05,10836486.375999998,-13440.0,-0.0012387180828921786,8880.000000000655,0.0008201258608442341
2025-11-06,10837926.375999998,-12000.0,-0.001105998288296588,1439.9999999997817,0.00013288440090586384
2025-11-07,10841286.375999998,-8640.0,-0.0007963187675735433,3360.0000000002183,0.00031002240497235434
2025-11-10,10842246.375999998,-7680.0,-0.0007078389045098164,960.0000000002183,8.85503773910834e-05
2025-11-11,10844166.375999998,-5760.0,-0.0005308791783823622,1919.9999999993452,0.00017708507383207284
2025-11-12,10841526.375999998,-8400.0,-0.0007741988018076115,-2639.9999999997817,-0.0002434488653588751
2025-11-13,10854966.375999998,0.0,0.0,13439.999999999782,0.0012396778399905717
2025-11-14,10854486.375999998,-480.0,-4.4219390772252e-05,-479.99999999956344,-4.421939077225989e-05
2025-11-17,10854966.375999998,0.0,0.0,479.99999999956344,4.422134621329121e-05
2025-11-18,10858086.375999998,0.0,0.0,3120.0000000004366,0.0002874260400196338
2025-11-19,10868348.175999999,0.0,0.0,10261.800000000001,0.000945083658818735
2025-11-20,10868348.175999999,0.0,0.0,0.0,0.0
2025-11-21,10868348.175999999,0.0,0.0,0.0,0.0
2025-11-24,10877600.608,0.0,0.0,9252.432,0.0008513190643295587
2025-11-25,10889920.608,0.0,0.0,12320.000000000262,0.001132602716718445
2025-11-26,10888800.608,-1120.0,-0.00010284739809555828,-1120.0000000002547,-0.00010284739809551802
2025-11-27,10898600.608,0.0,0.0,9800.0,0.0009000072967448869
2025-11-28,10913440.608,0.0,0.0,14840.000000000524,0.0013616427038445345
2025-12-01,10910080.608,-3360.0,-0.0003078772424469862,-3360.000000000764,-0.00030787724244696335
2025-12-02,10913113.568,-327.03999999910593,-2.9966718264758066e-05,3032.9600000005094,0.000277996112858947
2025-12-03,10913113.568,-327.03999999910593,-2.9966718264758066e-05,0.0,0.0
2025-12-04,10913113.568,-327.03999999910593,-2.9966718264758066e-05,0.0,0.0
2025-12-05,10913113.568,-327.03999999910593,-2.9966718264758066e-05,0.0,0.0
2025-12-08,10913113.568,-327.03999999910593,-2.9966718264758066e-05,0.0,0.0
2025-12-09,10913113.568,-327.03999999910593,-2.9966718264758066e-05,0.0,0.0
2025-12-10,10913113.568,-327.03999999910593,-2.9966718264758066e-05,0.0,0.0
2025-12-11,10913113.568,-327.03999999910593,-2.9966718264758066e-05,0.0,0.0
2025-12-12,10913113.568,-327.03999999910593,-2.9966718264758066e-05,0.0,0.0
2025-12-15,10913113.568,-327.03999999910593,-2.9966718264758066e-05,0.0,0.0
2025-12-16,10913113.568,-327.03999999910593,-2.9966718264758066e-05,0.0,0.0
2025-12-17,10913113.568,-327.03999999910593,-2.9966718264758066e-05,0.0,0.0
2025-12-18,10913113.568,-327.03999999910593,-2.9966718264758066e-05,0.0,0.0
2025-12-19,10913113.568,-327.03999999910593,-2.9966718264758066e-05,0.0,0.0
2025-12-22,10913113.568,-327.03999999910593,-2.9966718264758066e-05,0.0,0.0
2025-12-23,10913113.568,-327.03999999910593,-2.9966718264758066e-05,0.0,0.0
2025-12-24,10913113.568,-327.03999999910593,-2.9966718264758066e-05,0.0,0.0
2025-12-25,10913113.568,-327.03999999910593,-2.9966718264758066e-05,0.0,0.0
2025-12-26,10913113.568,-327.03999999910593,-2.9966718264758066e-05,0.0,0.0
2025-12-29,10913113.568,-327.03999999910593,-2.9966718264758066e-05,0.0,0.0
2025-12-30,10913113.568,-327.03999999910593,-2.9966718264758066e-05,0.0,0.0
2025-12-31,10913113.568,-327.03999999910593,-2.9966718264758066e-05,0.0,0.0
2026-01-05,10913113.568,-327.03999999910593,-2.9966718264758066e-05,0.0,0.0
2026-01-06,10913113.568,-327.03999999910593,-2.9966718264758066e-05,0.0,0.0
2026-01-07,10913113.568,-327.03999999910593,-2.9966718264758066e-05,0.0,0.0
2026-01-08,10913113.568,-327.03999999910593,-2.9966718264758066e-05,0.0,0.0
2026-01-09,10913113.568,-327.03999999910593,-2.9966718264758066e-05,0.0,0.0
2026-01-12,10913113.568,-327.03999999910593,-2.9966718264758066e-05,0.0,0.0
2026-01-13,10913113.568,-327.03999999910593,-2.9966718264758066e-05,0.0,0.0
2026-01-14,10913113.568,-327.03999999910593,-2.9966718264758066e-05,0.0,0.0
2026-01-15,10913113.568,-327.03999999910593,-2.9966718264758066e-05,0.0,0.0
2026-01-16,10913113.568,-327.03999999910593,-2.9966718264758066e-05,0.0,0.0
2026-01-19,10913113.568,-327.03999999910593,-2.9966718264758066e-05,0.0,0.0
2026-01-20,10913113.568,-327.03999999910593,-2.9966718264758066e-05,0.0,0.0
2026-01-21,10913113.568,-327.03999999910593,-2.9966718264758066e-05,0.0,0.0
2026-01-22,10913113.568,-327.03999999910593,-2.9966718264758066e-05,0.0,0.0
2026-01-23,10913113.568,-327.03999999910593,-2.9966718264758066e-05,0.0,0.0
2026-01-26,10913113.568,-327.03999999910593,-2.9966718264758066e-05,0.0,0.0
2026-01-27,10913113.568,-327.03999999910593,-2.9966718264758066e-05,0.0,0.0
2026-01-28,10913113.568,-327.03999999910593,-2.9966718264758066e-05,0.0,0.0
2026-01-29,10913113.568,-327.03999999910593,-2.9966718264758066e-05,0.0,0.0
2026-01-30,10913113.568,-327.03999999910593,-2.9966718264758066e-05,0.0,0.0
2026-02-02,10913113.568,-327.03999999910593,-2.9966718264758066e-05,0.0,0.0
2026-02-03,10883849.984,-29590.623999999836,-0.0027113927736326063,-29263.584000000235,-0.0026815064113150378
2026-02-04,10891289.984,-22150.623999999836,-0.0020296645939285657,7439.999999999782,0.0006835816380175164
2026-02-05,10892969.984,-20470.623999999836,-0.0018757259727050725,1680.0000000006403,0.00015425170043847913
2026-02-06,10893449.984,-19990.623999999836,-0.0018317435094983602,479.99999999956344,4.406511729171392e-05
2026-02-09,10904729.984,-8710.623999999836,-0.0007981556241406209,11280.000000000698,0.0010354846276035001
2026-02-10,10900649.984,-12790.623999999836,-0.0011720065613976755,-4080.000000000655,-0.0003741495668381223
2026-02-11,10886729.983999997,-26710.6240000017,-0.002447497994392503,-13920.000000000437,-0.0012769880713933146
2026-02-12,10888649.984,-24790.623999999836,-0.002271568141565483,1920.0000000004366,0.00017636149723787575
2026-02-13,10902329.983999997,-11110.624000001699,-0.0010180679401743532,13679.999999999563,0.001256354095328538
2026-02-24,10893929.983999997,-19510.6240000017,-0.0017877610462918186,-8400.0,-0.0007704775045634937
2026-02-25,10891289.984,-22150.623999999836,-0.0020296645939285657,-2639.9999999986903,-0.0002423367879061944
2026-02-26,10921049.984,0.0,0.0,29759.999999999127,0.0027324586934807105
2026-02-27,10942409.983999997,0.0,0.0,21359.999999999127,0.001955855895842573
2026-03-02,10933289.983999997,-9120.0,-0.0008334544230507972,-9120.000000000437,-0.0008334544230508278
2026-03-03,10917449.984,-24959.999999998137,-0.002281033157823064,-15839.999999998661,-0.0014487862320654576
2026-03-04,10928489.984,-13919.999999998137,-0.0012721146457089411,11039.999999999782,0.001011225150211681
2026-03-05,10943849.984,0.0,0.0,15360.000000000218,0.0014055006704940531
2026-03-06,10953209.983999997,0.0,0.0,9359.999999999127,0.0008552748816625932
2026-03-09,10965689.984,0.0,0.0,12480.000000000655,0.001139392015512497
2026-03-10,10954649.984,-11040.0,-0.001006776592818913,-11039.999999999796,-0.001006776592818892
2026-03-11,10970009.984,0.0,0.0,15360.000000000218,0.001402144296936303
2026-03-12,10982489.984,0.0,0.0,12480.000000000655,0.0011376470958734952
2026-03-13,10984409.984,0.0,0.0,1919.9999999993452,0.00017482374241151177
2026-03-16,10985830.04,0.0,0.0,1420.0559999991256,0.0001292792241065488
2026-03-17,10985830.04,0.0,0.0,0.0,0.0
2026-03-18,10985830.04,0.0,0.0,0.0,0.0
2026-03-19,10985830.04,0.0,0.0,0.0,0.0
2026-03-20,10918002.559999999,-67827.48000000045,-0.0061740878707423055,-67827.48000000001,-0.006174087870742251
2026-03-23,10922802.559999999,-63027.48000000045,-0.00573716139522585,4800.0,0.0004396408567979293
2026-03-24,10915122.559999997,-70707.48000000231,-0.006436243756052348,-7680.000000000669,-0.0007031162522452838
2026-03-25,10928082.559999999,-57747.48000000045,-0.005256542272157749,12960.000000000218,0.0011873435161868784
2026-03-26,10926402.559999999,-59427.48000000045,-0.005409466538588508,-1679.9999999995634,-0.000153732367117132
2026-03-27,10925922.559999999,-59907.48000000045,-0.005453159186140154,-479.99999999959255,-4.393028696902945e-05
2026-03-30,10930962.559999997,-54867.48000000231,-0.004994386386848045,5039.99999999869,0.0004612882777010885
2026-03-31,10922082.559999999,-63747.48000000045,-0.005802700366553318,-8879.999999999563,-0.00081237127574596
2026-04-01,10918722.559999999,-67107.48000000045,-0.006108548899414837,-3359.999999999127,-0.00030763363868946403
2026-04-02,10876634.119999997,-109195.92000000179,-0.009939705930495334,-42088.44000000044,-0.0038547036769841503
2026-04-03,10876634.119999997,-109195.92000000179,-0.009939705930495334,0.0,0.0
2026-04-07,10876634.119999997,-109195.92000000179,-0.009939705930495334,0.0,0.0
2026-04-08,10876634.119999997,-109195.92000000179,-0.009939705930495334,0.0,0.0
2026-04-09,10876634.119999997,-109195.92000000179,-0.009939705930495334,0.0,0.0
2026-04-10,10876634.119999997,-109195.92000000179,-0.009939705930495334,0.0,0.0
2026-04-13,10876634.119999997,-109195.92000000179,-0.009939705930495334,0.0,0.0
2026-04-14,10876634.119999997,-109195.92000000179,-0.009939705930495334,0.0,0.0
2026-04-15,10876634.119999997,-109195.92000000179,-0.009939705930495334,0.0,0.0
2026-04-16,10876634.119999997,-109195.92000000179,-0.009939705930495334,0.0,0.0
2026-04-17,10876634.119999997,-109195.92000000179,-0.009939705930495334,0.0,0.0
2026-04-20,10876634.119999997,-109195.92000000179,-0.009939705930495334,0.0,0.0
2026-04-21,10876634.119999997,-109195.92000000179,-0.009939705930495334,0.0,0.0
2026-04-22,10876634.119999997,-109195.92000000179,-0.009939705930495334,0.0,0.0
2026-04-23,10876634.119999997,-109195.92000000179,-0.009939705930495334,0.0,0.0
2026-04-24,10876634.119999997,-109195.92000000179,-0.009939705930495334,0.0,0.0
2026-04-27,10876634.119999997,-109195.92000000179,-0.009939705930495334,0.0,0.0
2026-04-28,10876634.119999997,-109195.92000000179,-0.009939705930495334,0.0,0.0
2026-04-29,10876634.119999997,-109195.92000000179,-0.009939705930495334,0.0,0.0
2026-04-30,10876634.119999997,-109195.92000000179,-0.009939705930495334,0.0,0.0
2026-05-06,10876634.119999997,-109195.92000000179,-0.009939705930495334,0.0,0.0
2026-05-07,10883753.139999999,-102076.90000000037,-0.00929168753096788,7119.0200000010955,0.0006545241773749932
2026-05-08,10887153.139999999,-98676.90000000037,-0.008982197944143726,3399.999999999636,0.0003123922378855948
2026-05-11,10893553.139999999,-92276.90000000037,-0.008399629310121785,6399.999999999636,0.0005878488083801425
2026-05-12,10894953.139999999,-90876.90000000037,-0.008272192421429486,1399.9999999996362,0.0001285163786330923
2026-05-13,10891153.139999999,-94676.90000000037,-0.008618092547880013,-3799.9999999992433,-0.00034878534594595667
2026-05-14,10889753.139999997,-96076.90000000224,-0.008745529436572481,-1400.0000000014552,-0.00012854469880330122
2026-05-15,10887953.14,-97876.89999999851,-0.008909376864890814,-1799.9999999974534,-0.00016529300314294115
2026-05-18,10897553.139999999,-88276.90000000037,-0.008035523913858072,9599.999999998545,0.0008817084236640849
2026-05-19,10904153.139999999,-81676.90000000037,-0.0074347500100229455,6600.000000000364,0.0006056405429009093
2026-05-20,10906153.139999999,-79676.90000000037,-0.007252697311891089,2000.0,0.00018341635286311941
2026-05-21,10890353.14,-95476.89999999851,-0.008690913627132585,-15799.999999999302,-0.001448723468043811
2026-05-22,10904553.139999999,-81276.90000000037,-0.007398339470396574,14199.999999998894,0.0013039062937125756
2026-05-25,10911953.139999999,-73876.90000000037,-0.006724744487308706,7399.999999999636,0.0006786156117535302
2026-05-26,10917353.14,-68476.89999999851,-0.006233202202352524,5400.000000001455,0.0004948701603388894
2026-05-27,10916953.14,-68876.89999999851,-0.006269612741978895,-399.99999999962165,-3.663891740701697e-05
2026-05-28,10922153.139999999,-63676.90000000037,-0.005796275726836238,5199.999999998909,0.0004763233782643095
2026-05-29,10916953.139999999,-68876.90000000037,-0.006269612741979065,-5200.0000000006985,-0.0004760966023225066
2026-06-01,10909153.139999999,-76676.90000000037,-0.0069796182646933045,-7800.000000000182,-0.0007144850673967973
2026-06-02,10903353.14,-82476.89999999851,-0.007507571089275519,-5799.999999998363,-0.0005316636337913128
2026-06-03,10914153.139999999,-71676.90000000037,-0.0065244865193636635,10799.999999999272,0.0009905209765588285
2026-06-04,10915153.139999999,-70676.90000000037,-0.006433460170297735,999.9999999990905,9.162414959473786e-05
2026-06-05,10921353.139999999,-64476.90000000037,-0.00586909680608898,6199.999999999825,0.0005680176833506856
2026-06-08,10914753.139999999,-71076.90000000037,-0.0064698707099241064,-6599.999999998545,-0.000604320720646534
2026-06-09,10925553.139999999,-60276.90000000037,-0.005486786140012082,10799.999999999272,0.000989486419112895
2026-06-10,10930353.139999999,-55476.90000000037,-0.005049859664495626,4800.000000000175,0.000439337023809383
2026-06-11,10924953.139999999,-60876.90000000037,-0.005541401949451639,-5400.000000000546,-0.0004940371029952262
2026-06-12,10923353.139999999,-62476.90000000037,-0.005687044107957124,-1600.0000000003638,-0.00014645371742072477
2026-06-15,10915753.139999999,-70076.90000000037,-0.006378844360858178,-7599.999999998545,-0.0006957570539553037
2026-06-16,10920882.52,-64947.51999999955,-0.0059119356264863135,5129.379999999272,0.00046990619284015267
2026-06-17,10920882.52,-64947.51999999955,-0.0059119356264863135,0.0,0.0
2026-06-18,10920882.52,-64947.51999999955,-0.0059119356264863135,0.0,0.0
2026-06-22,10917397.82,-68432.21999999881,-0.006229135145076285,-3484.6999999992695,-0.0003190859340916896
2026-06-23,10921197.819999998,-64632.22000000067,-0.005883235018625928,3799.9999999992724,0.0003480682908738597
2026-06-24,10925397.819999998,-60432.22000000067,-0.005500924352549029,4199.999999998909,0.0003845732005978153
2026-06-25,10926797.819999997,-59032.22000000253,-0.0053734874638569,1399.9999999996362,0.00012814178696873846
2026-06-26,10927397.82,-58432.21999999881,-0.005318871654417003,600.0000000021828,5.491087232400993e-05
2026-06-29,10931797.819999998,-54032.22000000067,-0.004918355718527089,4399.999999999636,0.0004026576200919507
2026-06-30,10938397.82,-47432.21999999881,-0.004317581814691793,6600.000000000349,0.000603743328286388
