factor_name,full_annual_return,full_sharpe_ratio,full_max_drawdown,full_calmar_ratio,full_win_rate,full_final_nav,annual_return,sharpe_ratio,max_drawdown,calmar_ratio,win_rate,return_diff,sharpe_diff,dd_diff
abs_amivest_889,0.024136950016130143,0.30552263047401595,-0.001698349109675423,14.21200734208471,0.5086705202312138,1.1215463283,-2.868752434889262,-0.6267153590130184,-1.0017904343744652,-2.863625301713486,0.4719471947194719,2.8928893849053923,0.9322379894870344,1.0000920852647899
abs_amivest,0.021827680613093037,0.32811926960277654,-0.001450127589223327,15.052248350632174,0.5309661436829067,1.10943559255,-1.9315167350339373,-0.4400675517944696,-1.0066276242563048,-1.9187996519178967,0.4785478547854785,1.9533444156470303,0.7681868213972461,1.0051774966670814
amivest_889,-0.03335703940205614,-0.2184714394705624,-0.003223468044186963,-10.348183678200416,0.4715111478117259,0.8494482415499996,-1.783141521840824,-0.4874460741869394,-1.0491234231398392,-1.699648947408113,0.4653465346534653,1.7497844824387678,0.268974634716377,1.0458999550956523
amivest,0.019920378027160623,0.2357513632597904,-0.0018547703835450598,10.740077695809658,0.5037159372419489,1.09951124435,-1.9687169361493813,-0.4322077971456994,-1.0580243114277137,-1.8607482974495797,0.4818481848184818,1.9886373141765419,0.6679591604054897,1.0561695410441687
aroon_osc_889,-0.021402965573497856,-0.16470990597655444,-0.003443004856775136,-6.216362295098468,0.48142031379025596,0.9011751569499995,1.138083032488911,0.3887380223186457,-0.9361168278118578,1.2157489307708982,0.4678217821782178,-1.1594859980624088,-0.5534479282952001,0.9326738229550826
aroon_osc,-0.02267418592859316,-0.17963922305424215,-0.0033333512252627278,-6.802219267129892,0.49050371593724196,0.8955588139500001,0.5883438693929887,0.2953125861814976,-0.937514338297915,0.6275571960436833,0.4727722772277227,-0.6110180553215818,-0.47495180923573976,0.9341809870726523
basic_volatility_889,0.02696801540774274,0.31482879825589344,-0.001767937433086787,15.253942194468427,0.48637489677952106,1.1365361960000004,-0.0029096530448193,-0.0010708625951657,-1.004773507639515,-0.0028958297792454,0.4702970297029702,0.02987766845256204,0.31589966085105914,1.0030055702064282
basic_volatility,-0.0582644887461814,-0.2834676875315335,-0.004533025504067127,-12.853333539355836,0.48554913294797686,0.7492222235499999,0.1252359905826303,0.0983024558934776,-1.031368712010141,0.1214269825371617,0.4991749174917492,-0.1835004793288117,-0.3817701434250111,1.0268356865060737
bias_indicator_889,-0.02861741737023782,-0.12142667273445625,-0.0033996276035780496,-8.417809450693506,0.4913294797687861,0.8696678309,-0.5334294332439005,-0.4683052783504773,-1.1450842187015813,-0.4658429699160116,0.4843234323432343,0.5048120158736626,0.3468786056160211,1.1416845910980031
bias_indicator,0.02699577677911047,0.2554419366810547,-0.002649240076632316,10.190007699652194,0.5136251032204789,1.13668396785,-0.7331104890527506,-0.3784847681798162,-1.0086143095276434,-0.7268491851915948,0.509075907590759,0.760106265831861,0.6339267048608709,1.0059650694510112
carry_momentum_889,0.08050404137352385,1.1772178741985038,-0.0008937936869627731,90.07004921581739,0.5251857968620974,1.4511989325499997,0.9980824975048688,0.4629932951962076,-1.32509847151659,0.7532138319973702,0.5338283828382838,-0.9175784561313449,0.7142245790022962,1.3242046778296273
carry_momentum,0.042579966321515395,0.5103955458929961,-0.001903089395972356,22.374128305076166,0.5127993393889347,1.2220739103999998,1.4040738277272802,0.3958262714870856,-0.9927145615030442,1.4143781930642856,0.5148514851485149,-1.3614938614057648,0.11456927440591047,0.9908114721070718
carry_ret_889,0.03923757802477801,0.4882344001096979,-0.0016900448579782279,23.216885539782215,0.5169281585466556,1.2033457572000001,-0.8920031381276852,-0.5142204526938207,-1.0038207828625412,-0.8886079600623612,0.504950495049505,0.9312407161524632,1.0024548528035186,1.002130738004563
carry_ret,0.05655957522426913,0.6021258728326334,-0.001533406993425458,36.8849075729865,0.5293146160198183,1.3029228930000003,-0.4874656325732809,-0.2863525495910053,-1.002876688281276,-0.4860673682710649,0.5247524752475248,0.54402520779755,0.8884784224236387,1.0013432812878507
cashflow_889,0.03284425310033168,0.3092391112877378,-0.0024807584279694763,13.23960153879836,0.5070189925681255,1.1681561090500001,-2.56552168662842,-0.5114077593155558,-3.172812550376777,-0.8085954168089002,0.5016501650165016,2.5983659397287515,0.8206468706032937,3.1703317919488074
cashflow,0.038689135231802396,0.3483606580694775,-0.002520813800050679,15.347875051709325,0.49793559042113955,1.2002945448,-2.313339362879797,-0.4707621515613975,-1.676676073986988,-1.3797175249115827,0.495049504950495,2.3520284981115993,0.819122809630875,1.6741552601869372
cci_889,0.011858371149528146,0.15712367508171526,-0.003004490555748668,3.9468824845659207,0.5028901734104047,1.0583357300000005,-0.2006058091399781,-0.33720654202759,-0.93161176346763,-0.2153319837796879,0.4975247524752475,0.21246418028950625,0.49433021710930525,0.9286072729118813
cci,0.013016789420232877,0.16566044121782356,-0.00320095360950508,4.066534854357195,0.5061932287365813,1.0641758024499999,-0.1787082570303642,-0.252301869293838,-1.0001174229147056,-0.178687275049707,0.509075907590759,0.19172504645059707,0.41796231051166155,0.9969164693052005
cf_rsi_889,-0.013397888060293406,-0.028096783626721113,-0.0037497719487259917,-3.572987435901381,0.49876135425268375,0.9371864604000002,-1.105823050035461,-0.5609198084805749,-1.2632788771984254,-0.8753594079621169,0.5057755775577558,1.0924251619751677,0.5328230248538538,1.2595291052496993
cf_rsi,0.015694421978297735,0.18484343062979572,-0.003400661453997445,4.615108616545494,0.49876135425268375,1.0777725881,-1.437804533581716,-0.5129963011447352,-1.348250711290529,-1.066422232557524,0.5066006600660066,1.4534989555600137,0.6978397317745308,1.3448500498365317
chaikin_osc_889,-0.02284009487003036,-0.14752871495982672,-0.002776917913830424,-8.224980204231244,0.48720066061106526,0.89482786645,0.1691768409673109,0.1622904315264471,-1.2607447340664082,0.1341880210926185,0.5082508250825083,-0.19201693583734125,-0.30981914648627384,1.2579678161525778
chaikin_osc,-0.02284009487003036,-0.14752871495982672,-0.002776917913830424,-8.224980204231244,0.48720066061106526,0.89482786645,0.1691768409673109,0.1622904315264471,-1.2607447340664082,0.1341880210926185,0.5082508250825083,-0.19201693583734125,-0.30981914648627384,1.2579678161525778
coef_of_variation_889,0.010641795544884536,0.16705215964533773,-0.001799043482185273,5.915251993775101,0.4888521882741536,1.05222982135,-0.2782198544736159,-0.1901657798124534,-1.0918634623460337,-0.2548119467939869,0.4653465346534653,0.28886165001850045,0.3572179394577911,1.0900644188638484
coef_of_variation,0.02286712632157628,0.3099269181167718,-0.001807874762410702,12.648623011410493,0.49050371593724196,1.11487397565,1.385267397558826,0.7214482221118671,-0.915209778623544,1.513606421078934,0.4933993399339934,-1.3624002712372498,-0.4115213039950953,0.9134019038611333
duvol_889,0.02694649536908167,0.34274459589198686,-0.001821667432833848,14.792214475263895,0.5070189925681255,1.1364216568,1.114127919420651,0.472006766987461,-1.241702018614178,0.8972586842244904,0.5024752475247525,-1.0871814240515694,-0.12926217109547417,1.2398803511813443
duvol,-0.04426452729833097,-0.3832429720521632,-0.003521617588620049,-12.569373642774226,0.48720066061106526,0.8043289974000003,1.3444948736264408,0.7207889066017239,-0.6708381364402445,2.004201610780372,0.4925742574257425,-1.388759400924772,-1.104031878653887,0.6673165188516245
force_index_889,-0.04454103316929292,-0.343457375509022,-0.003525505654269102,-12.633941776651907,0.4756399669694467,0.8032104275000003,-0.3660367649407592,-0.5390699539005088,-1.0685651187440697,-0.3425497974058689,0.4793729372937294,0.3214957317714663,0.19561257839148682,1.0650396130898006
force_index,-0.05236601741885838,-0.41416802551018556,-0.00384351620037234,-13.62450805171198,0.467382328654005,0.7720626375500002,-0.5770611208039461,-0.8214497775769531,-1.0392234464598422,-0.5552810829756861,0.4793729372937294,0.5246951033850877,0.4072817520667676,1.03537993025947
gk_volatility_889,-0.016621753527730987,-0.09976856672303734,-0.003059459473464241,-5.4329052801310995,0.47481420313790257,0.9225492022500001,-2.5706674690511333,-0.9468178956404628,-1.0035687598803995,-2.56152599783745,0.4645214521452145,2.554045715523402,0.8470493289174255,1.0005093004069352
gk_volatility,-0.055249371129539426,-0.23640522949988615,-0.004550283471879247,-12.141962466949709,0.47481420313790257,0.7608296624000004,0.2305091712993936,0.0868395341138997,-1.1673837044781434,0.1974579312827039,0.4735973597359736,-0.28575854242893306,-0.32324476361378585,1.162833421006264
hedging_pressure_889,-0.04786720015116619,-0.3483324878054368,-0.0034290430164594992,-13.959346651938262,0.4632535094962841,0.7898511335499996,1.8362258920625691,0.420471695437153,-1.1255571140254594,1.631392906838342,0.495049504950495,-1.8840930922137353,-0.7688041832425898,1.122128071009
hedging_pressure,-0.04786720015116619,-0.3483324878054368,-0.0034290430164594992,-13.959346651938262,0.4632535094962841,0.7898511335499996,1.8362258920625691,0.420471695437153,-1.1255571140254594,1.631392906838342,0.495049504950495,-1.8840930922137353,-0.7688041832425898,1.122128071009
intraday_momentum_889,0.03489928705224332,0.4122665732429058,-0.002088941637816924,16.706683624112774,0.5053674649050371,1.1793771461,1.591330510862029,0.4385418671286216,-0.9320480457400704,1.7073481545669364,0.5082508250825083,-1.5564312238097857,-0.02627529388571581,0.9299591041022535
intraday_momentum,-0.0021562917243326263,0.04418880562117096,-0.00257897960650191,-0.8361026659134342,0.49380677126341865,0.9896717725999999,2.1507731273254573,0.4838169889175844,-0.8993762477637383,2.3914053019226,0.4925742574257425,-2.15292941904979,-0.43962818329641346,0.8967972681572364
kurtosis_889,0.08028460635047185,1.0376057735210975,-0.000849461399058816,94.51236564654425,0.5078447563996696,1.4497820280500004,0.2382295965480264,0.0882329552799572,-1.0156725230541586,0.2345535506185228,0.4917491749174917,-0.15794499019755454,0.9493728182411403,1.0148230616550997
kurtosis,0.06685649996258847,0.83404581725759,-0.000886563887593608,75.41080896499905,0.518579686209744,1.3651378638000005,1.836866049317436,0.8739095405595578,-90.2145377356104,0.0203610869758119,0.523102310231023,-1.7700095493548476,-0.03986372330196786,90.21365117172282
max_drawdown_889,-0.015659682547939036,-0.0915224400180291,-0.002890399142594432,-5.417827011214393,0.4921552436003303,0.9268981823999999,0.1122913782341151,0.041813947134276,-1.134266083313995,0.0989991500989189,0.4661716171617162,-0.12795106078205415,-0.1333363871523051,1.1313756841714007
max_drawdown,-0.06779673552753318,-0.4041713947203943,-0.0047074380409600405,-14.402045218147286,0.495458298926507,0.7134451636999999,1.172333383937711,0.6741727309286115,-8.863565328163741,0.1322643135728523,0.4801980198019802,-1.240130119465244,-1.0783441256490058,8.858857890122781
mfi_889,-0.017203486839271753,-0.08730757436646161,-0.002460135921494914,-6.992900956796716,0.5012386457473162,0.9199273658500001,-0.1989200028398023,-0.1968674692051652,-2.535981982616589,-0.0784390442058896,0.4917491749174917,0.18171651600053054,0.1095598948387036,2.533521846695094
mfi,-0.012045743201522852,-0.04947913397600948,-0.002093794245137305,-5.7530692089245505,0.49463253509496286,0.94338005765,-0.1659178212032556,-0.1650749103261852,-2.822592799333252,-0.0587820606792621,0.4958745874587458,0.15387207800173275,0.11559577635017573,2.8204990050881147
momentum_889,0.021795544179833648,0.26819636228329263,-0.002143278452747808,10.169254560409772,0.5152766308835673,1.10926779015,1.7261910255690334,0.4877857208491228,-0.8769184361075151,1.9684738676852185,0.5082508250825083,-1.7043954813891997,-0.21958935856583017,0.8747751576547673
momentum,-0.048934531281534355,-0.3022286135229552,-0.00352141589444402,-13.896265805678258,0.49876135425268375,0.7856017919499999,1.6005640816443207,0.3650246316941738,-0.9484472931334996,1.6875624963368754,0.5099009900990099,-1.649498612925855,-0.667253245217129,0.9449258772390556
oi_change_889,0.06391997394970939,1.0557071094780903,-0.000955176618079993,66.9195337697811,0.5218827415359207,1.34716035985,-1.5936851609490907,-0.5310318680303766,-1.3366302299818753,-1.1923156645729172,0.5272277227722773,1.6576051348988001,1.586738977508467,1.3356750533637953
oi_change,0.06391997394970939,1.0557071094780903,-0.000955176618079993,66.9195337697811,0.5218827415359207,1.34716035985,-1.5936851609490907,-0.5310318680303766,-1.3366302299818753,-1.1923156645729172,0.5272277227722773,1.6576051348988001,1.586738977508467,1.3356750533637953
overnight_momentum_889,0.028901800318603454,0.3628961189764479,-0.001195836017246271,24.16869863575233,0.5210569777043765,1.1468660510000002,-0.2572712345409391,-0.209987414380407,-1.2933941467793275,-0.1989117046660281,0.5107260726072608,0.28617303485954254,0.5728835333568549,1.2921983107620811
overnight_momentum,-0.05776600659616071,-0.3854892559818099,-0.003647026029224678,-15.839208750709465,0.4772914946325351,0.7511315107500005,-0.1203259341756134,-0.0694301710417699,-1.8242897798403916,-0.0659576869340027,0.4843234323432343,0.06255992757945268,-0.31605908494004,1.820642753811167
parkinson_volatility_889,-0.011206115326533261,-0.0501969975665991,-0.003014787261643066,-3.7170501113322016,0.47398843930635837,0.9472423203,-1.3721180610288006,-0.5101011445832703,-1.0142777641331124,-1.352803058047446,0.4645214521452145,1.3609119457022674,0.45990414701667115,1.0112629768714694
parkinson_volatility,-0.05663349314257693,-0.2404456643701519,-0.004908230961265833,-11.53847355381401,0.48307184145334436,0.7554835912999995,0.3736238104715307,0.1424078800541492,-1.0253385500391468,0.3643906790174485,0.4843234323432343,-0.43025730361410763,-0.3828535444243011,1.020430319077881
reversal_889,0.019166749268793914,0.23741230795918333,-0.002314565888881851,8.280926181822036,0.5152766308835673,1.0956092943999995,1.676438929605108,0.4720816118704425,-0.9418208939268128,1.779997598710505,0.5107260726072608,-1.6572721803363142,-0.23466930391125917,0.9395063280379309
reversal,-0.05873045037866775,-0.3402806825176318,-0.0037420608413149007,-15.694680783979665,0.5053674649050371,0.7474409745500002,1.863645313836417,0.4190205197000554,-0.9297876363001945,2.004377387993912,0.5016501650165016,-1.9223757642150847,-0.7593012022176873,0.9260455754588796
rsi_momentum_889,0.025944839941663966,0.3176793527751638,-0.002238887953234842,11.588270821761197,0.4995871180842279,1.1311005099499998,0.6927532647921567,0.5538294143608335,-0.778294773694156,0.8900911174104655,0.5024752475247525,-0.6668084248504927,-0.23615006158566976,0.7760558857409212
rsi_momentum,-0.009167765211110068,-0.03483183232791308,-0.0031357793750785663,-2.923600200948567,0.5037159372419489,0.9566707944500005,0.9208118764952344,0.4717422905507299,-0.8632665791641998,1.0666599387952087,0.4826732673267326,-0.9299796417063445,-0.506574122878643,0.8601307997891212
sharpe_ratio_889,0.00954725627874331,0.14260179490246655,-0.0022999133384202283,4.15113740124711,0.5210569777043765,1.0467602806000003,1.8841870036375832,0.8479211206512143,-3.840625104985389,0.4905938361939523,0.5239273927392739,-1.8746397473588399,-0.7053193257487478,3.8383251916469687
sharpe_ratio,-0.09088214029816188,-0.6297304909686763,-0.004846895274573745,-18.750588809896335,0.49380677126341865,0.6323868298000006,1.884681990936555,0.8654417647267842,-18.36319807244744,0.1026336471186015,0.4909240924092409,-1.975564131234717,-1.4951722556954605,18.358351177172864
skew_180_889,0.019769638561056402,0.2648698551781778,-0.0014440319675829841,13.690582345034063,0.43765483071841454,1.0987299040999998,-1.914758330052304,-0.7273713546199991,-1.022710632312815,-1.8722386074369464,0.4356435643564356,1.9345279686133603,0.992241209798177,1.021266600345232
skew_180,0.052908368981110954,0.6541753170591444,-0.002022636577329584,26.158119344882024,0.44095788604459124,1.2814097271500005,1.935695701661356,0.9286998639828232,-80.88638340147449,0.0239310452545968,0.4702970297029702,-1.8827873326802451,-0.2745245469236788,80.88436076489717
skew_889,0.004622352678921082,0.09652315946202619,-0.002582926926120186,1.7895793458873872,0.48307184145334436,1.02242789955,-1.7861965294310354,-0.6688515006397885,-1.010839005618654,-1.7670435346307662,0.495049504950495,1.7908188821099564,0.7653746601018147,1.0082560786925339
skew,0.049901376469752234,0.6362494585377659,-0.001101347339853857,45.30939029314211,0.49463253509496286,1.26390443805,1.670695893793628,0.7797895096417654,-43.2794324244014,0.0386025370529506,0.5024752475247525,-1.6207945173238758,-0.14354005110399948,43.278331077061544
spread_return_889,-0.1023805292395098,-0.8775047590859752,-0.004483758639057107,-22.833639694093677,0.4772914946325351,0.5948344727000002,1.3111590072818036,0.3537377744214349,-0.881666153541759,1.4871377357684878,0.4719471947194719,-1.4135395365213133,-1.2312425335074102,0.8771823949027019
spread_return,-0.01848785039116463,-0.15717847734423815,-0.002340787262435766,-7.898133541587468,0.4921552436003303,0.9141597158,1.6965609648538276,0.450499082668947,-0.3980412553038552,4.262274179491051,0.5041254125412541,-1.7150488152449923,-0.6076775600131852,0.39570046804141945
spread_zscore_889,-0.04823535917929278,-0.44244523484994613,-0.002685458701723385,-17.96168347267373,0.48637489677952106,0.7883833386000003,-0.2685442275051738,-0.3572410867606781,-0.9994219477109596,-0.2686995498950548,0.4900990099009901,0.22030886832588104,-0.08520414808926802,0.9967364890092362
spread_zscore,-0.048048027798713866,-0.43734171604115296,-0.0026364658167560367,-18.22440764956823,0.5053674649050371,0.7891299305499997,0.2285653757562732,0.1951641751846597,-1.0079302545795323,0.2267670552776704,0.4917491749174917,-0.2766134035549871,-0.6325058912258127,1.0052937887627762
stable_momentum_889,0.032752359998348135,0.37816652927515226,-0.0023163560988639707,14.139604879582695,0.5119735755573905,1.1676563307,0.8023407478875043,0.3601993277489088,-1.0434669146214022,0.7689182442153569,0.5099009900990099,-0.7695883878891562,0.01796720152624348,1.0411505585225382
stable_momentum,-0.02086056338794917,-0.10672103629850233,-0.003268595884368873,-6.382117620507589,0.495458298926507,0.9035800032499995,0.9536193454010004,0.3189952484962762,-0.9975028436053852,0.9560066435041208,0.5008250825082509,-0.9744799087889495,-0.4257162847947785,0.9942342477210163
timevol_889,0.03919588536873375,0.4996772490431616,-0.001248202498369521,31.40186421669067,0.5078447563996696,1.2031135883,-0.322625584769483,-0.1349395664853026,-1.2544186757454816,-0.2571913118064443,0.481023102310231,0.36182147013821675,0.6346168155284642,1.253170473247112
timevol,0.04604483101741019,0.5845439887403007,-0.00121100141520054,38.02211165028675,0.500412881915772,1.2417312834,0.3063254444214088,0.2169322516275502,-1.1023151918621907,0.2778927902680171,0.481023102310231,-0.2602806134039986,0.36761173711275047,1.1011041904469903
trend_coeff_889,0.0487703415368137,0.5591235704654322,-0.0019344453683555701,25.211537288474734,0.5119735755573905,1.2573693316499992,1.4116645368440148,0.4077188899723377,-0.9218892339395716,1.5312734815347109,0.5107260726072608,-1.3628941953072011,0.15140468049309447,0.919954788571216
trend_coeff,0.005695688228052775,0.1065946829110544,-0.0025264209672769163,2.25444939771531,0.5111478117258464,1.0276923281500001,1.3754731594243068,0.3975251437476023,-0.9055178262300428,1.518990702978026,0.4958745874587458,-1.369777471196254,-0.2909304608365479,0.9029914052627659
trix_889,0.01457519357697401,0.1855116665822939,-0.0030923849550334743,4.713253294435407,0.5144508670520231,1.0720726085,2.4482957325316432,0.5051057421723051,-4.510690676143983,0.5427762416696233,0.4942244224422442,-2.4337205389546694,-0.3195940755900112,4.507598291188949
trix,-0.04740937208386886,-0.23217723260545486,-0.0041271679202715674,-11.487143968871838,0.5136251032204789,0.7916794441500001,2.592299301187997,0.5167874525030167,-1.3718512506735936,1.889635847848045,0.504950495049505,-2.6397086732718655,-0.7489646851084716,1.3677240827533221
ulcer_index_889,0.009834969359574064,0.14563367264407323,-0.002443506326919713,4.024941229422573,0.4913294797687861,1.0481958295999996,-0.1424968552259565,-0.2431372278074082,-0.9351853901800524,-0.1523728414945848,0.4909240924092409,0.15233182458553057,0.38877090045148144,0.9327418838531327
ulcer_index,-0.03957889263875691,-0.23324893922783305,-0.004653520457136267,-8.50515067104989,0.4913294797687861,0.8234725174999996,1.3147992085283453,0.6033798466452909,-0.9502657861087136,1.3836120670116685,0.4785478547854785,-1.3543781011671023,-0.836628785873124,0.9456122656515773
williams_r_889,0.020854047178966217,0.24856079863411756,-0.0017794444959203402,11.719414247973141,0.5169281585466556,1.1043606191999995,-0.8458774172564544,-0.4644698085789184,-2.427992611439197,-0.3483854988978154,0.5148514851485149,0.8667314644354206,0.7130306072130359,2.4262131669432767
williams_r,0.025899791869371747,0.2989744371157874,-0.001634719116192688,15.843573133036562,0.5152766308835673,1.1308616632999997,-0.5862470916912323,-0.3219593960173229,-4.156503414030436,-0.1410433321700958,0.5297029702970297,0.6121468835606041,0.6209338331331102,4.154868694914244
win_rate_889,0.02883453611097031,0.38251497518706895,-0.001636133769299711,17.62358106165849,0.5127993393889347,1.1465054966000006,0.2780822505799215,0.1097593970293587,-1.005783434235245,0.2764832280135569,0.5214521452145214,-0.24924771446895116,0.27275557815771023,1.0041473004659454
win_rate,3.2003285108661572e-06,0.04662767013091293,-0.001977530994561184,0.001618345563062243,0.4929810074318745,1.00001539215,0.4292486400980487,0.4051897984861178,-0.8219138788745299,0.5222550088652002,0.5181518151815182,-0.42924543976953783,-0.35856212835520485,0.8199363478799687
zscore_price_889,0.029014180653562427,0.3040879422262999,-0.002357932414069488,12.30492463670224,0.5053674649050371,1.1474686404500003,-0.356399939011108,-0.3417853932322774,-1.1966184449948838,-0.297839249011937,0.504950495049505,0.38541411966467043,0.6458733354585773,1.1942605125808143
zscore_price,0.03584598940075212,0.3641867673278538,-0.002340760530818286,15.313821695473068,0.5037159372419489,1.1845750335500003,-0.0223431691608693,-0.0286277206375864,-0.976380077092186,-0.0228836799163403,0.5082508250825083,0.05818915856162142,0.3928144879654402,0.9740393165613677
